FoodId,FoodDescription,Energy,Protein,FatTotal,SaturatedFat,TransFat,PolyunsaturatedFat,MonounsaturatedFat,Carbohydrate,Sugars,DietaryFibre,SodiumNa,CalciumCa,PotassiumK,ThiaminB1,RiboflavinB2,NiacinB3,Folate,IronFe,MagnesiumMg,VitaminC,Caffeine,Cholesterol,Alcohol
1,"Abalone, black lip, aquacultured, raw",332.0,16.2,0.8,0.2,3.3,0.2,0.1,1.6,0.4,0.0,390.0,29.0,250.0,0.0,0.4,2.0,23.0,2.3,69.0,0.0,0.0,136.0,0.0
2,"Abalone, black lip, wild, raw",380.0,19.4,0.6,0.1,2.2,0.1,0.1,1.6,0.4,0.0,268.0,21.0,285.0,0.0,0.4,2.0,23.0,1.8,54.0,0.0,0.0,152.0,0.0
4,"Abalone, green lip, aquacultured, raw",345.0,17.1,0.8,0.200000002980232,6.3,0.200000002980232,0.100000001490116,1.6,0.4,0.0,792.0,58.0,260.0,0.0,0.400000005960464,2.0,23.0,2.6,65.0,0.0,0.0,139.0,0.0
5,"Abalone, green lip, wild, raw",363.0,18.7,0.5,0.100000001490116,2.20000004768372,0.100000001490116,0.100000001490116,1.6,0.4,0.0,255.0,19.0,252.0,0.0,0.400000005960464,2.0,23.0,2.20000004768372,45.0,0.0,0.0,174.0,0.0
6,"Alcoholic beverage, spirit, approx 30% v/v, all (Brandy, Gin, Rum, Vodka and Whisky), cooked",302.0,0.0,0.0,0.0,0.0,0.0,0.0,0.3,0.3,0.0,2.0,1.0,1.0,0.0,0.0,0.0,0.0,0.1,1.0,0.0,0.0,0.0,10.3
7,"Alcoholic beverage, spirit, approx 40% v/v, all (Brandy, Gin, Rum, Vodka and Whisky)",892.0,0.0,0.0,0.0,0.0,0.0,0.0,0.1,0.1,0.0,3.0,1.0,1.0,0.0,0.0,0.0,0.0,0.1,0.0,0.0,0.0,0.0,30.7
8,"Almond beverage, added sugar & Ca",115.0,0.5,1.4,0.12,21.41,0.39,0.8,3.0,2.2,0.6,43.0,68.0,16.0,0.0,0.02,0.0,0.0,0.0,4.0,0.0,0.0,0.0,0.0
9,"Almond beverage, added sugar & vitamins B1, B2 & B12 & Ca",115.0,0.5,1.4,0.1,21.4,0.4,0.8,3.0,2.2,0.6,33.0,120.0,19.0,0.0,0.3,0.0,0.0,0.0,8.0,0.0,0.0,0.0,0.0
10,"Almond beverage, added sugar, unfortified",115.0,0.5,1.39999997615814,0.119999997317791,21.4099998474121,0.389999985694885,0.800000011920929,3.0,2.20000004768372,0.600000023841858,53.0,3.0,31.0,0.0,0.0199999995529652,0.0,0.0,0.0,5.0,0.0,0.0,0.0,0.0
11,"Almond beverage, no added sugar, added Ca",65.0,0.5,1.4,0.12,21.41,0.32,0.87,0.0,0.0,0.5,43.0,66.0,19.0,0.0,0.02,0.0,0.0,0.0,8.0,0.0,0.0,0.0,0.0
12,"Almond beverage, no added sugar, unfortified",65.0,0.5,1.4,0.12,21.41,0.32,0.87,0.0,0.0,0.5,40.0,7.0,19.0,0.0,0.02,0.0,0.0,0.0,6.0,0.0,0.0,0.0,0.0
13,"Amaranth, grain, whole, uncooked",1527.0,15.2,6.4,1.62,0.0,2.88,1.35,55.6,3.8,11.1,2.0,147.0,508.0,0.09,0.04,0.0,82.0,7.0,237.0,4.0,0.0,0.0,0.0
14,"Anchovy, canned in oil, drained",762.0,25.4,8.9,1.97,273.18,2.87,3.61,0.0,0.0,0.0,5480.0,167.0,180.0,0.02,0.4,7.9,13.0,2.5,69.0,0.0,0.0,77.0,0.0
15,"Apple, bonza, unpeeled, raw",244.0,0.3,0.3,0.0,0.0,0.0,0.0,12.0,11.5,3.2,0.0,6.0,88.0,0.02,0.02,0.0,59.0,0.22,5.0,2.0,0.0,0.0,0.0
16,"Apple, dried",1078.0,1.2,0.0,0.0,0.0,0.0,0.0,60.4,59.4,8.5,260.0,22.0,640.0,0.0,0.03,0.0,0.0,0.71,24.0,0.0,0.0,0.0,0.0
17,"Apple, fuji, unpeeled, raw",245.0,0.3,0.3,0.0,0.0,0.0,0.0,12.5,12.1,2.4,2.0,6.0,91.0,0.02,0.01,0.1,59.0,0.0,4.0,5.0,0.0,0.0,0.0
18,"Apple, golden delicious, unpeeled, raw",202.0,0.3,0.0,0.0,0.0,0.0,0.0,10.8,10.5,2.5,2.0,4.0,90.0,0.02,0.01,0.1,59.0,0.16,4.0,5.0,0.0,0.0,0.0
19,"Apple, granny-smith, unpeeled, raw",202.0,0.3,0.0,0.0,0.0,0.0,0.0,10.8,10.3,2.3,1.0,5.0,108.0,0.03,0.01,0.1,59.0,0.16,4.0,5.0,0.0,0.0,0.0
20,"Apple, green skin, unpeeled, raw",202.0,0.3,0.0,0.0,0.0,0.0,0.0,10.8,10.4,2.4,2.0,4.0,99.0,0.025,0.01,0.1,59.0,0.16,4.0,5.0,0.0,0.0,0.0
21,"Apple, jonathon, unpeeled, raw",226.0,0.3,0.0,0.0,0.0,0.0,0.0,12.3,11.8,2.3,1.0,4.0,110.0,0.02,0.01,0.1,59.0,0.2,4.0,5.0,0.0,0.0,0.0
22,"Apple, pink lady, unpeeled, raw",242.0,0.2,0.0,0.0,0.0,0.0,0.0,12.8,12.2,3.0,1.0,4.0,120.0,0.0,0.0,0.0,59.0,0.0,5.0,9.0,0.0,0.0,0.0
23,"Apple, red delicious, unpeeled, raw",248.0,0.3,0.0,0.0,0.0,0.0,0.0,13.8,13.0,2.3,1.0,5.0,102.0,0.02,0.01,0.1,59.0,0.16,4.0,6.0,0.0,0.0,0.0
24,"Apple, red skin, unpeeled, raw",240.0,0.2,0.0,0.0,0.0,0.0,0.0,12.7,12.0,2.7,1.0,5.0,113.0,0.009,0.006,0.06,59.0,0.03,5.0,7.0,0.0,0.0,0.0
25,"Apple, royal gala, unpeeled, raw",222.0,0.4,0.0,0.0,0.0,0.0,0.0,12.1,11.1,2.1,1.0,5.0,110.0,0.025,0.025,0.25,59.0,0.05,6.0,2.0,0.0,0.0,0.0
26,"Apricot, canned in pear juice",192.0,0.8,0.0,0.0,0.0,0.0,0.0,9.6,8.2,1.8,4.0,12.0,189.0,0.026,0.032,0.6,19.0,0.46,10.0,5.0,0.0,0.0,0.0
27,"Apricot, canned in pear juice, drained",196.0,1.0,0.0,0.0,0.0,0.0,0.0,8.9,7.8,3.1,3.0,15.0,140.0,0.03,0.04,0.6,2.0,0.5,10.0,5.0,0.0,0.0,0.0
28,"Apricot, canned in pear juice, juice only",187.0,0.5,0.0,0.0,0.0,0.0,0.0,10.5,8.7,0.0,5.0,7.0,260.0,0.02,0.02,0.6,44.0,0.4,9.0,5.0,0.0,0.0,0.0
29,"Apricot, dried",886.0,4.3,0.2,0.0,0.0,0.0,0.0,44.4,40.5,8.4,37.0,67.0,1510.0,0.0,0.0,2.5,0.0,3.1,57.0,1.0,0.0,0.0,0.0
30,"Apricot, raw",167.0,0.2,0.4,0.0,0.0,0.0,0.0,7.7,7.6,1.5,0.0,13.0,290.0,0.02,0.03,0.0,8.0,0.28,12.0,3.0,0.0,0.0,0.0
31,"Artichoke heart, canned in brine, drained",104.0,1.9,0.3,0.0,0.0,0.0,0.0,1.2,1.1,4.7,280.0,33.0,180.0,0.0,0.0,1.1,89.0,0.4,22.0,3.0,0.0,0.0,0.0
32,"Artichoke, globe, boiled, drained",170.0,3.3,0.2,0.0,0.0,0.0,0.0,1.5,1.0,9.5,7.0,34.0,381.0,0.056,0.085,0.6,52.0,0.56,20.0,14.0,0.0,0.0,0.0
33,"Artichoke, globe, raw",145.0,2.8,0.2,0.0,0.0,0.0,0.0,1.3,0.9,8.1,6.0,30.0,360.0,0.06,0.08,0.6,68.0,0.5,18.0,16.0,0.0,0.0,0.0
34,"Artichoke, jerusalem, peeled, boiled, drained",263.0,2.2,0.1,0.0,0.0,0.0,0.0,11.3,2.9,3.2,5.0,20.0,503.0,0.077,0.077,0.87,9.0,0.92,11.0,5.0,0.0,0.0,0.0
35,"Artichoke, jerusalem, peeled, raw",245.0,2.1,0.1,0.0,0.0,0.0,0.0,10.5,2.7,3.0,5.0,20.0,520.0,0.1,0.1,0.9,13.0,0.9,11.0,7.0,0.0,0.0,0.0
36,"Asparagus, canned in brine, drained",101.0,1.9,0.1,0.0,0.0,0.0,0.0,1.5,1.5,3.9,240.0,12.0,120.0,0.0,0.08,0.7,76.0,1.6,7.0,6.0,0.0,0.0,0.0
37,"Asparagus, green, boiled, drained",104.0,2.9,0.1,0.0,0.0,0.0,0.0,1.6,1.6,2.5,2.0,12.0,339.0,0.141,0.127,1.0,76.0,1.12,17.0,13.0,0.0,0.0,0.0
38,"Asparagus, green, raw",88.0,2.5,0.1,0.0,0.0,0.0,0.0,1.4,1.4,2.2,2.0,11.0,320.0,0.2,0.1,1.0,99.0,1.0,15.0,15.0,0.0,0.0,0.0
39,"Avocado, raw",579.0,1.6,13.2,1.93,0.0,1.36,9.29,0.2,0.0,7.5,7.0,10.0,450.0,0.04,0.03,1.7,90.0,0.49,26.0,4.0,0.0,0.0,0.0
40,"Bacon, middle rasher, separable fat, fried, no added fat",3204.0,11.6,81.1,32.07,386.44,9.12,35.48,0.4,0.4,0.0,1000.0,4.0,190.0,0.16,0.05,4.8,0.0,0.29,11.0,0.0,0.0,93.0,0.0
41,"Bacon, middle rasher, separable lean, fried, no added fat",858.0,31.2,8.5,3.14,54.14,0.87,3.69,0.8,0.8,0.0,2200.0,10.0,440.0,0.66,0.09,10.0,1.0,0.73,29.0,0.0,0.0,89.0,0.0
42,"Bacon, middle rasher, untrimmed, raw",1310.0,15.4,28.2,10.95,188.23,2.34,13.62,0.2,0.2,0.0,1274.0,4.0,277.0,0.525,0.109,3.91,2.0,0.43,15.0,0.0,0.0,60.0,0.0
43,"Bacon, shortcut, as purchased without rind, fried, no added fat",1046.0,30.4,13.9,5.25,88.54,1.49,5.8,0.9,0.9,0.0,2000.0,8.0,450.0,1.09,0.19,8.5,3.0,0.64,30.0,0.0,0.0,57.0,0.0
44,"Baked beans, canned in tomato sauce",334.0,4.8,0.3,0.04,0.0,0.18,0.04,10.0,2.1,4.8,378.0,39.0,240.0,0.045,0.02,0.3,50.0,1.01,27.0,2.0,0.0,0.0,0.0
45,"Baked beans, canned in tomato sauce, reduced salt",354.0,4.8,0.3,0.04,0.0,0.18,0.04,11.3,3.4,4.8,294.0,39.0,240.0,0.045,0.02,0.3,50.0,1.01,27.0,2.0,0.0,0.0,0.0
46,"Baking powder, dry powder",364.0,0.8,0.3,0.05,0.0,0.1,0.07,19.8,0.0,0.4,6868.0,6.0,8267.0,0.026,0.0,0.41,3.0,2.02,9.0,0.0,0.0,0.0,0.0
47,"Baking soda (bicarbonate), dry powder",0.0,0.0,0.0,0.0,0.0,0.0,0.0,0.0,0.0,0.0,27360.0,0.0,0.0,0.0,0.0,0.0,0.0,0.0,0.0,0.0,0.0,0.0,0.0
48,"Ball, snack, date based",1389.0,8.8,11.7,4.26,0.0,1.98,4.18,45.0,41.0,9.9,35.0,100.0,970.0,0.07,0.09,1.5,49.0,5.9,160.0,0.0,9.0,0.0,0.0
49,"Bamboo shoot, canned in water, heated, drained",57.0,0.8,0.0,0.0,0.0,0.0,0.0,1.3,0.8,2.8,10.0,15.0,51.0,0.0,0.0,0.3,3.0,0.4,5.0,0.0,0.0,0.0,0.0
50,"Banana, cavendish, peeled, raw",394.0,1.4,0.2,0.0,0.0,0.0,0.0,19.6,12.8,2.2,0.0,5.0,346.0,0.02,0.047,0.35,33.0,0.29,31.0,4.0,0.0,0.0,0.0
51,"Banana, lady finger or sugar, peeled, raw",474.0,1.5,0.1,0.0,0.0,0.0,0.0,25.0,18.2,3.7,2.0,10.0,320.0,0.04,0.07,0.4,33.0,0.4,38.0,19.0,0.0,0.0,0.0
52,"Bar, cherry & coconut centre, dark chocolate-coated",1785.0,4.4,22.4,16.31,0.0,0.5,4.11,52.6,48.6,4.7,46.0,50.0,270.0,0.0,0.08,0.0,5.0,0.88,58.0,0.0,13.0,2.0,0.0
53,"Bar, coconut cream centre, milk chocolate-coated",1778.0,4.5,22.4,17.39,115.64,0.49,3.51,52.1,44.3,7.4,130.0,87.0,310.0,0.0,0.19,0.54,17.0,1.8,41.0,0.0,6.0,8.0,0.0
54,"Bar, honeycomb centre, milk chocolate-coated",1772.0,2.6,16.2,14.91,83.63,0.12,0.45,70.0,64.2,0.3,260.0,76.0,340.0,0.06,0.4,4.0,4.0,0.9,31.0,0.0,8.0,0.0,0.0
55,"Bar, muesli, plain or with dried fruit",1586.0,8.3,11.5,3.2,65.64,2.65,5.08,59.2,15.9,7.0,144.0,26.0,335.0,0.13,0.06,1.3,20.0,2.1,72.0,0.0,0.0,8.0,0.0
56,"Bar, muesli, plain or with dried fruit, chocolate-coated",1653.0,6.1,11.5,6.65,67.41,1.14,3.2,64.1,20.1,6.4,70.0,37.0,272.0,0.21,0.22,1.1,20.0,1.6,68.0,0.0,2.0,7.0,0.0
57,"Bar, muesli, plain or with dried fruit, yoghurt-coated",1675.0,6.6,14.0,8.85,6.68,1.15,3.34,59.5,23.1,6.4,74.0,97.0,359.0,0.15,0.06,1.3,73.0,0.9,62.0,2.0,0.0,12.0,0.0
58,"Bar, muesli, with nuts",1861.0,9.4,19.9,5.3,149.35,3.57,9.94,54.2,14.0,6.8,162.0,29.0,318.0,0.125,0.06,1.3,27.0,1.85,62.0,0.0,0.0,4.0,0.0
59,"Bar, nougat & caramel centre, milk chocolate-coated",1712.0,5.2,17.2,10.13,88.79,0.61,5.69,62.6,55.3,1.6,190.0,160.0,290.0,0.06,0.37,0.06,15.0,1.6,34.0,0.0,6.0,15.0,0.0
60,"Bar, snack, fruit filled, baked",1400.0,3.9,3.0,1.27,10.08,0.75,0.84,71.1,31.4,4.5,199.0,22.0,174.0,0.07,1.91,1.28,66.0,0.3,19.0,38.0,0.0,12.0,0.0
61,"Bar, snack, oat based, baked",1910.0,8.0,26.7,16.72,304.38,2.38,5.78,44.8,21.2,5.7,170.0,78.0,340.0,0.22,0.04,0.0,50.0,2.5,89.0,0.0,0.0,47.0,0.0
62,"Bar, snack, with >35% nuts, added protein",1982.0,25.0,31.9,6.85,0.0,3.73,19.46,20.8,15.0,4.8,270.0,88.0,450.0,0.1,0.04,5.9,74.0,3.3,110.0,0.0,3.0,7.0,0.0
63,"Bar, snack, with >55% nuts",2163.0,18.8,34.6,4.86,0.0,7.64,20.14,31.0,15.9,6.8,39.0,99.0,580.0,0.17,0.08,7.2,58.0,2.3,180.0,0.0,0.0,0.0,0.0
64,"Barley, pearl, boiled, no added fat or salt",590.0,4.1,1.3,0.21,0.0,0.57,0.15,25.1,0.4,5.4,10.0,14.0,145.0,0.056,0.007,2.46,7.0,0.92,41.0,0.0,0.0,0.0,0.0
65,"Barley, pearl, uncooked",1424.0,9.9,3.1,0.5,0.0,1.37,0.36,60.6,1.0,13.1,10.0,28.0,350.0,0.17,0.02,6.6,23.0,2.2,95.0,0.0,0.0,0.0,0.0
66,"Barramundi, aquacultured, fillet, grilled, no added fat",717.0,26.4,7.3,1.64,157.55,1.49,1.96,0.0,0.0,0.0,76.0,25.0,473.0,0.0,0.156,4.1,0.0,0.43,40.0,0.0,0.0,118.0,0.0
67,"Barramundi, aquacultured, fillet, raw",523.0,19.2,5.3,1.19,115.01,1.08,1.43,0.0,0.0,0.0,56.0,18.0,345.0,0.0,0.12,3.15,0.0,0.32,29.0,0.0,0.0,86.0,0.0
68,"Barramundi, aquacultured, fillet, steamed with no added fat",623.0,22.9,6.3,1.42,136.92,1.29,1.7,0.0,0.0,0.0,56.0,22.0,349.0,0.0,0.128,3.19,0.0,0.38,31.0,0.0,0.0,102.0,0.0
69,"Basil, green, fresh, raw",94.0,2.6,0.5,0.03,0.0,0.3,0.07,0.2,0.0,3.3,10.0,220.0,440.0,0.05,0.1,0.0,71.0,3.0,55.0,6.0,0.0,0.0,0.0
70,"Bassa (basa), fillet, baked, no added fat",455.0,21.5,2.4,0.69,27.1,0.28,0.69,0.0,0.0,0.0,115.0,25.0,475.0,0.185,0.169,4.29,0.0,0.55,42.0,0.0,0.0,101.0,0.0
71,"Bassa (basa), fillet, steamed, no added fat",396.0,18.7,2.1,0.6,23.56,0.24,0.6,0.0,0.0,0.0,85.0,22.0,351.0,0.143,0.139,3.34,0.0,0.48,33.0,0.0,0.0,88.0,0.0
72,"Bassa, fillet, raw",332.0,15.7,1.8,0.5,19.79,0.2,0.5,0.0,0.0,0.0,84.0,18.0,347.0,0.15,0.13,3.3,0.0,0.4,31.0,0.0,0.0,74.0,0.0
73,"Bean, broad, dried",1300.0,24.3,2.1,0.32,0.0,0.96,0.4,37.0,2.7,18.6,21.0,108.0,1062.0,0.73,0.07,1.8,423.0,3.7,140.0,1.0,0.0,0.0,0.0
74,"Bean, broad, fresh, boiled, drained",252.0,7.4,0.5,0.0,0.0,0.0,0.0,2.4,0.8,7.6,3.0,16.0,202.0,0.14,0.274,1.5,62.0,1.74,26.0,29.0,0.0,0.0,0.0
75,"Bean, broad, fresh, raw",235.0,6.9,0.5,0.0,0.0,0.0,0.0,2.2,0.7,7.1,4.0,17.0,250.0,0.2,0.34,2.0,96.0,1.9,30.0,41.0,0.0,0.0,0.0
77,"Bean, butter, fresh, boiled, drained",112.0,2.5,0.2,0.0,0.0,0.0,0.0,2.5,1.9,2.5,2.0,15.0,185.0,0.042,0.072,0.75,15.0,0.36,19.0,10.0,0.0,0.0,0.0
78,"Bean, butter, fresh, raw",104.0,2.3,0.2,0.0,0.0,0.0,0.0,2.3,1.8,2.3,3.0,16.0,230.0,0.06,0.09,1.0,23.0,0.4,22.0,15.0,0.0,0.0,0.0
79,"Bean, green, fresh, boiled, drained",114.0,1.9,0.0,0.0,0.0,0.0,0.0,3.5,2.8,3.0,0.0,41.0,226.0,0.042,0.024,0.0,23.0,0.63,21.0,2.0,0.0,0.0,0.0
80,"Bean, green, fresh, raw",106.0,1.8,0.0,0.0,0.0,0.0,0.0,3.3,2.6,2.8,0.0,45.0,280.0,0.06,0.03,0.0,36.0,0.69,24.0,4.0,0.0,0.0,0.0
81,"Bean, green, frozen, boiled, drained",108.0,1.4,0.2,0.0,0.0,0.0,0.0,2.8,1.3,3.8,2.0,33.0,76.0,0.02,0.06,0.2,17.0,0.8,18.0,3.0,0.0,0.0,0.0
82,"Bean, haricot, dried",1220.0,21.9,2.2,0.27,0.0,1.32,0.17,34.8,3.5,18.5,4.0,150.0,1290.0,0.42,0.14,2.3,364.0,6.4,160.0,1.0,0.0,0.0,0.0
83,"Bean, haricot, dried, boiled, drained",464.0,8.2,0.7,0.09,0.0,0.42,0.05,12.6,4.7,8.8,8.0,57.0,340.0,0.09,0.06,0.8,140.0,2.1,49.0,0.0,0.0,0.0,0.0
84,"Bean, lima, dried",1299.0,21.4,1.7,0.39,0.0,0.79,0.16,40.6,3.7,17.7,3.0,55.0,1900.0,0.42,0.12,1.6,395.0,5.7,170.0,0.0,0.0,0.0,0.0
85,"Bean, lima, dried, boiled, drained",355.0,6.4,0.3,0.07,0.0,0.14,0.03,10.2,0.6,5.3,7.0,16.0,350.0,0.06,0.0,0.5,83.0,1.3,35.0,0.0,0.0,0.0,0.0
86,"Bean, mung, whole, dried, uncooked",1320.0,24.5,2.0,0.64,0.0,0.88,0.08,41.9,2.1,13.7,1.0,89.0,1250.0,0.25,0.03,1.9,625.0,4.0,184.0,5.0,0.0,0.0,0.0
87,"Bean, red kidney, canned, drained",441.0,6.6,0.6,0.22,0.0,0.23,0.02,14.0,2.4,6.5,320.0,36.0,270.0,0.1,0.06,0.6,40.0,2.1,30.0,0.0,0.0,0.0,0.0
88,"Bean, red kidney, dried",1250.0,22.5,1.8,0.27,0.0,1.03,0.14,35.6,3.4,21.5,3.0,95.0,1470.0,0.39,0.15,3.0,394.0,5.6,140.0,0.0,0.0,0.0,0.0
89,"Bean, red kidney, dried, boiled, drained",382.0,7.9,0.5,0.07,0.0,0.28,0.04,9.1,0.6,7.2,8.0,34.0,290.0,0.07,0.0,0.4,130.0,1.7,38.0,0.0,0.0,0.0,0.0
90,"Bean, red kidney, fresh, boiled, drained",604.0,13.8,0.4,0.0,0.0,0.0,0.0,15.8,1.3,9.8,2.0,11.0,395.0,0.126,0.089,1.5,26.0,2.19,15.0,19.0,0.0,0.0,0.0
91,"Bean, red kidney, fresh, raw",561.0,12.8,0.4,0.0,0.0,0.0,0.0,14.7,1.2,9.1,3.0,12.0,490.0,0.18,0.11,2.0,40.0,2.4,18.0,27.0,0.0,0.0,0.0
92,"Beef, all cuts, separable fat, cooked, no added fat",2317.0,15.3,55.6,21.58,2907.92,1.22,27.28,0.0,0.0,0.0,29.0,8.0,160.0,0.0,0.08,1.4,12.0,0.96,11.0,0.0,0.0,65.0,0.0
93,"Beef, all cuts, separable fat, raw",2478.0,12.1,61.4,25.68,3021.09,1.4,28.42,0.0,0.0,0.0,25.0,6.0,160.0,0.0,0.05,2.0,10.0,1.3,9.0,0.0,0.0,60.0,0.0
94,"Beef, boneless dice or strips, lean, casseroled, no added fat",745.0,37.0,3.1,1.12,108.4,0.43,1.22,0.0,0.0,0.0,28.0,5.0,251.0,0.018,0.126,2.22,18.0,2.28,21.0,1.0,0.0,72.0,0.0
95,"Beef, boneless dice or strips, lean, raw",555.0,27.6,2.4,0.84,81.02,0.32,0.91,0.0,0.0,0.0,38.0,4.0,340.0,0.03,0.11,3.0,21.0,1.7,24.0,1.0,0.0,54.0,0.0
96,"Beef, boneless dice or strips, lean, stir-fried, no added fat",648.0,31.5,3.0,0.98,84.9,0.37,1.36,0.0,0.0,0.0,47.0,4.0,360.0,0.03,0.08,3.0,25.0,2.8,23.0,0.0,0.0,77.0,0.0
97,"Beef, boneless dice or strips, untrimmed, casseroled, no added fat",763.0,36.7,3.7,1.35,140.41,0.44,1.52,0.0,0.0,0.0,28.0,5.0,250.0,0.018,0.125,2.21,18.0,2.27,21.0,1.0,0.0,72.0,0.0
98,"Beef, boneless dice or strips, untrimmed, raw",587.0,27.3,3.3,1.24,129.04,0.34,1.36,0.0,0.0,0.0,38.0,4.0,337.0,0.03,0.109,2.98,21.0,1.69,24.0,1.0,0.0,54.0,0.0
99,"Beef, boneless dice or strips, untrimmed, stir-fried, no added fat",667.0,31.3,3.6,1.21,117.24,0.38,1.66,0.0,0.0,0.0,47.0,4.0,358.0,0.03,0.08,2.98,25.0,2.78,23.0,0.0,0.0,77.0,0.0
100,"Beef, casserole meat, boneless or bone-in, blade, lean, casseroled",653.0,30.6,3.6,1.28,120.95,0.49,1.39,0.0,0.0,0.0,42.0,5.0,258.0,0.037,0.234,2.28,19.0,2.62,22.0,1.0,0.0,62.0,0.0
101,"Beef, casserole meat, boneless or bone-in, shin, lean, casseroled, no added fat",682.0,33.8,2.8,1.04,61.84,0.28,1.11,0.0,0.0,0.5,60.0,14.0,320.0,0.05,0.08,4.2,0.0,2.2,25.0,0.0,0.0,91.0,0.0
102,"Beef, casserole meat, boneless or bone-in, shin, lean, raw",394.0,21.9,0.6,0.2,20.24,0.09,0.23,0.0,0.0,0.0,69.0,9.0,370.0,0.03,0.07,4.85,0.0,1.9,24.0,0.0,0.0,57.0,0.0
103,"Beef, casserole meat, boneless or bone-in, shin, semi-trimmed, casseroled, no added fat",764.0,32.9,5.4,2.07,204.14,0.33,2.42,0.0,0.0,0.5,58.0,14.0,312.0,0.048,0.08,4.06,0.0,2.14,24.0,0.0,0.0,90.0,0.0
104,"Beef, casserole meat, boneless or bone-in, shin, semi-trimmed, raw",457.0,21.6,2.4,0.97,110.26,0.13,1.07,0.0,0.0,0.0,68.0,9.0,364.0,0.029,0.069,4.76,0.0,1.88,24.0,0.0,0.0,57.0,0.0
105,"Beef, casserole meat, boneless or bone-in, shin, untrimmed, casseroled, no added fat",960.0,30.6,11.8,4.53,545.67,0.44,5.56,0.0,0.0,0.4,55.0,13.0,293.0,0.042,0.08,3.72,2.0,1.99,23.0,0.0,0.0,86.0,0.0
106,"Beef, casserole meat, boneless or bone-in, shin, untrimmed, raw",519.0,21.3,4.2,1.73,200.29,0.17,1.92,0.0,0.0,0.0,66.0,9.0,357.0,0.028,0.069,4.68,1.0,1.86,23.0,0.0,0.0,57.0,0.0
107,"Beef, casserole meat, boneless, blade or chuck, lean, casseroled, no added fat",803.0,31.8,7.1,2.41,177.52,0.88,3.03,0.0,0.0,0.0,48.0,5.0,279.0,0.039,0.117,1.64,22.0,2.91,23.0,0.0,0.0,58.0,0.0
108,"Beef, casserole meat, boneless, blade or chuck, lean, raw",495.0,22.6,3.0,1.07,101.18,0.41,1.16,0.0,0.0,0.0,59.0,4.0,350.0,0.06,0.2,3.0,21.0,1.85,23.0,1.0,0.0,56.0,0.0
109,"Beef, casserole meat, boneless, blade or chuck, semi-trimmed, casseroled",903.0,30.7,10.3,3.68,360.28,0.9,4.64,0.0,0.0,0.0,46.0,6.0,271.0,0.036,0.116,1.63,21.0,2.78,22.0,0.0,0.0,58.0,0.0
110,"Beef, casserole meat, boneless, blade or chuck, semi-trimmed, raw",646.0,21.8,7.4,2.94,322.9,0.49,3.23,0.0,0.0,0.0,56.0,4.0,335.0,0.055,0.189,2.92,20.0,1.81,22.0,1.0,0.0,56.0,0.0
111,"Beef, casserole meat, boneless, blade or chuck, untrimmed, casseroled, no added fat",942.0,30.3,11.5,4.17,428.99,0.91,5.25,0.0,0.0,0.0,46.0,6.0,268.0,0.035,0.115,1.62,21.0,2.73,22.0,0.0,0.0,59.0,0.0
112,"Beef, casserole meat, boneless, blade or chuck, untrimmed, raw",731.0,21.3,10.0,4.0,449.06,0.53,4.41,0.0,0.0,0.0,55.0,4.0,327.0,0.053,0.182,2.88,20.0,1.78,21.0,1.0,0.0,56.0,0.0
113,"Beef, casserole meat, boneless, blade, semi-trimmed, casseroled",744.0,29.8,6.4,2.38,272.56,0.53,2.8,0.0,0.0,0.0,42.0,5.0,253.0,0.035,0.226,2.23,18.0,2.53,21.0,1.0,0.0,62.0,0.0
114,"Beef, casserole meat, boneless, blade, untrimmed, casseroled",794.0,29.3,8.0,3.0,357.56,0.56,3.59,0.0,0.0,0.0,41.0,5.0,250.0,0.034,0.221,2.2,18.0,2.48,21.0,1.0,0.0,62.0,0.0
115,"Beef, casserole meat, boneless, chuck, lean, casseroled, no added fat",953.0,33.0,10.6,3.54,234.1,1.27,4.66,0.0,0.0,0.0,53.0,6.0,300.0,0.04,0.0,1.0,25.0,3.2,24.0,0.0,0.0,54.0,0.0
116,"Beef, casserole meat, boneless, chuck, lean, raw",517.0,23.0,3.4,1.21,114.67,0.47,1.32,0.0,0.0,0.0,62.0,4.0,360.0,0.06,0.2,3.0,21.0,1.8,22.0,1.0,0.0,67.0,0.0
117,"Beef, casserole meat, boneless, chuck, semi-trimmed, casseroled",1062.0,31.6,14.2,4.98,448.0,1.26,6.47,0.0,0.0,0.0,51.0,6.0,289.0,0.037,0.006,1.03,24.0,3.02,23.0,0.0,0.0,55.0,0.0
118,"Beef, casserole meat, boneless, chuck, semi-trimmed, raw",693.0,22.0,8.6,3.41,376.25,0.55,3.76,0.0,0.0,0.0,59.0,4.0,342.0,0.055,0.186,2.91,20.0,1.76,21.0,1.0,0.0,66.0,0.0
119,"Beef, casserole meat, boneless, chuck, untrimmed, casseroled, no added fat",1089.0,31.2,15.1,5.34,500.41,1.26,6.92,0.0,0.0,0.0,51.0,6.0,286.0,0.036,0.008,1.04,24.0,2.98,23.0,0.0,0.0,55.0,0.0
120,"Beef, casserole meat, boneless, chuck, untrimmed, raw",755.0,21.7,10.4,4.19,468.09,0.58,4.61,0.0,0.0,0.0,58.0,4.0,336.0,0.053,0.182,2.88,20.0,1.74,20.0,1.0,0.0,66.0,0.0
121,"Beef, corned, canned",957.0,21.5,15.7,7.39,688.26,0.28,6.51,0.3,0.3,0.7,750.0,6.0,140.0,0.0,0.07,2.3,127.0,2.0,12.0,0.0,0.0,150.0,0.0
122,"Beef, diced, lean, casseroled, no added fat",750.0,36.5,3.5,1.26,121.69,0.48,1.37,0.0,0.0,0.0,27.0,5.0,244.0,0.018,0.122,2.16,18.0,2.22,20.0,1.0,0.0,70.0,0.0
123,"Beef, diced, lean, dry-fried, no added fat",653.0,32.1,2.9,0.93,80.73,0.35,1.29,0.0,0.0,0.0,47.0,4.0,360.0,0.03,0.08,3.0,25.0,2.8,23.0,0.0,0.0,77.0,0.0
124,"Beef, diced, lean, raw",574.0,27.9,2.7,0.96,93.09,0.37,1.05,0.0,0.0,0.0,38.0,4.0,340.0,0.03,0.11,3.0,21.0,1.7,24.0,1.0,0.0,54.0,0.0
125,"Beef, diced, untrimmed, casseroled, no added fat",774.0,36.2,4.3,1.56,163.2,0.5,1.75,0.0,0.0,0.0,27.0,5.0,243.0,0.017,0.122,2.14,18.0,2.2,20.0,1.0,0.0,70.0,0.0
126,"Beef, diced, untrimmed, dry-fried, no added fat",678.0,31.8,3.7,1.24,122.85,0.37,1.68,0.0,0.0,0.0,47.0,4.0,357.0,0.03,0.08,2.98,25.0,2.77,23.0,0.0,0.0,77.0,0.0
127,"Beef, diced, untrimmed, raw",614.0,27.6,3.9,1.48,153.99,0.39,1.62,0.0,0.0,0.0,38.0,4.0,336.0,0.029,0.109,2.98,21.0,1.69,24.0,1.0,0.0,54.0,0.0
128,"Beef, mince, higher fat, raw",767.0,22.5,10.4,4.74,332.38,0.29,4.26,0.0,0.0,0.0,51.0,4.0,305.0,0.02,0.11,3.4,10.0,1.45,23.0,0.0,0.0,78.0,0.0
129,"Beef, mince, higher fat, stir-fried, no added fat",968.0,27.6,13.5,5.99,430.39,0.21,5.77,0.0,0.0,0.0,60.0,5.0,359.0,0.025,0.13,4.0,12.0,2.29,22.0,0.0,0.0,92.0,0.0
130,"Beef, mince, lower fat, raw",541.0,22.9,4.1,1.76,127.69,0.17,1.66,0.0,0.0,0.0,68.0,7.0,348.0,0.046,0.028,4.14,21.0,1.56,27.0,0.0,0.0,76.0,0.0
131,"Beef, mince, lower fat, stir-fried, no added fat",849.0,32.3,8.1,3.55,252.27,0.27,3.27,0.0,0.0,0.0,82.0,9.0,421.0,0.055,0.033,5.0,25.0,2.58,27.0,0.0,0.0,92.0,0.0
132,"Beef, mince, regular fat, raw",710.0,22.4,8.9,3.83,284.44,0.25,3.8,0.0,0.0,0.0,68.0,7.0,348.0,0.046,0.028,4.14,21.0,1.5,27.0,0.0,0.0,76.0,0.0
133,"Beef, mince, regular fat, stir-fried, no added fat",1108.0,29.5,16.4,7.52,524.14,0.33,6.81,0.0,0.0,0.0,82.0,9.0,421.0,0.055,0.033,5.0,25.0,2.55,27.0,0.0,0.0,92.0,0.0
134,"Beef, roasting piece, silverside or topside, lean, raw",526.0,23.0,3.6,1.38,150.59,0.35,1.5,0.0,0.0,0.0,44.0,4.0,356.0,0.029,0.109,2.98,21.0,1.24,24.0,1.0,0.0,35.0,0.0
135,"Beef, roasting piece, silverside or topside, lean, roasted, no added fat",662.0,29.8,4.2,1.16,94.76,0.58,2.0,0.0,0.0,0.0,54.0,4.0,340.0,0.06,0.2,3.0,25.0,2.4,24.0,0.0,0.0,62.0,0.0
136,"Beef, roasting piece, silverside or topside, semi-trimmed, raw",563.0,22.8,4.7,1.84,204.42,0.37,2.0,0.0,0.0,0.0,43.0,4.0,353.0,0.029,0.108,2.96,21.0,1.24,23.0,1.0,0.0,36.0,0.0
137,"Beef, roasting piece, silverside or topside, semi-trimmed, roasted, no added fat",711.0,29.4,5.7,1.77,178.64,0.6,2.76,0.0,0.0,0.0,53.0,4.0,335.0,0.058,0.196,2.95,25.0,2.36,24.0,0.0,0.0,62.0,0.0
138,"Beef, roasting piece, silverside or topside, untrimmed, raw",696.0,22.0,8.7,3.5,400.29,0.44,3.84,0.0,0.0,0.0,42.0,4.0,340.0,0.027,0.104,2.9,20.0,1.25,22.0,1.0,0.0,38.0,0.0
139,"Beef, roasting piece, silverside or topside, untrimmed, roasted, no added fat",795.0,28.6,8.3,2.81,321.09,0.63,4.04,0.0,0.0,0.0,52.0,4.0,326.0,0.055,0.19,2.87,24.0,2.28,23.0,0.0,0.0,62.0,0.0
140,"Beef, rump steak, lean, grilled, no added fat",710.0,32.0,4.5,1.5,140.22,0.53,1.94,0.0,0.0,0.0,43.0,6.0,350.0,0.03,0.08,3.0,25.0,3.3,27.0,0.0,0.0,75.0,0.0
141,"Beef, rump steak, lean, raw",450.0,20.4,2.8,1.0,96.67,0.37,1.1,0.0,0.0,0.0,50.0,4.0,370.0,0.03,0.11,3.0,21.0,2.1,26.0,1.0,0.0,62.0,0.0
142,"Beef, rump steak, semi-trimmed, grilled, no added fat",804.0,31.0,7.5,2.67,301.86,0.57,3.42,0.0,0.0,0.0,42.0,6.0,339.0,0.028,0.08,2.91,24.0,3.16,26.0,0.0,0.0,74.0,0.0
143,"Beef, rump steak, semi-trimmed, raw",546.0,20.0,5.6,2.16,234.12,0.42,2.38,0.0,0.0,0.0,49.0,4.0,360.0,0.028,0.107,2.95,20.0,2.06,25.0,1.0,0.0,62.0,0.0
144,"Beef, rump steak, untrimmed, grilled, no added fat",910.0,29.9,10.8,4.0,485.39,0.62,5.1,0.0,0.0,0.0,41.0,6.0,326.0,0.026,0.08,2.8,23.0,3.01,25.0,0.0,0.0,74.0,0.0
145,"Beef, rump steak, untrimmed, raw",815.0,18.9,13.3,5.44,623.06,0.56,6.01,0.0,0.0,0.0,46.0,4.0,332.0,0.025,0.099,2.82,19.0,1.96,23.0,1.0,0.0,62.0,0.0
146,"Beef, silverside roast, lean, raw",495.0,24.1,2.3,0.83,87.56,0.29,0.9,0.0,0.0,0.0,44.0,4.0,360.0,0.03,0.11,3.0,21.0,1.24,24.0,1.0,0.0,35.0,0.0
147,"Beef, silverside roast, lean, roasted, no added fat",664.0,26.9,5.6,1.55,126.34,0.78,2.67,0.0,0.0,0.0,54.0,4.0,340.0,0.06,0.2,3.0,25.0,2.4,24.0,0.0,0.0,62.0,0.0
148,"Beef, silverside roast, semi-trimmed, raw",568.0,23.6,4.5,1.75,195.22,0.33,1.91,0.0,0.0,0.0,43.0,4.0,353.0,0.029,0.108,2.96,20.0,1.24,23.0,1.0,0.0,36.0,0.0
149,"Beef, silverside roast, semi-trimmed, roasted, no added fat",704.0,26.6,6.8,2.03,192.26,0.79,3.26,0.0,0.0,0.0,53.0,4.0,336.0,0.058,0.197,2.96,25.0,2.36,24.0,0.0,0.0,62.0,0.0
150,"Beef, silverside roast, untrimmed, raw",710.0,22.8,8.7,3.54,406.73,0.41,3.89,0.0,0.0,0.0,42.0,4.0,338.0,0.027,0.103,2.89,20.0,1.25,22.0,1.0,0.0,38.0,0.0
151,"Beef, silverside roast, untrimmed, roasted, no added fat",797.0,26.0,9.6,3.16,349.15,0.81,4.64,0.0,0.0,0.0,52.0,4.0,326.0,0.055,0.19,2.87,24.0,2.28,23.0,0.0,0.0,62.0,0.0
152,"Beef, sirloin steak, lean, grilled, no added fat",659.0,30.5,3.8,1.24,104.7,0.41,1.72,0.0,0.0,0.0,49.0,10.0,350.0,0.03,0.0,1.0,25.0,2.2,26.0,0.0,0.0,70.0,0.0
153,"Beef, sirloin steak, lean, raw",480.0,24.1,1.9,0.71,74.66,0.19,0.76,0.0,0.0,0.0,57.0,6.0,380.0,0.05,0.22,7.0,21.0,2.2,27.0,1.0,0.0,58.0,0.0
154,"Beef, sirloin steak, semi-trimmed, grilled, no added fat",746.0,29.7,6.5,2.31,251.31,0.46,3.06,0.0,0.0,0.0,48.0,10.0,340.0,0.028,0.004,1.02,24.0,2.14,25.0,0.0,0.0,70.0,0.0
155,"Beef, sirloin steak, semi-trimmed, raw",599.0,23.4,5.4,2.21,250.86,0.27,2.41,0.0,0.0,0.0,55.0,6.0,367.0,0.047,0.21,6.7,20.0,2.15,26.0,1.0,0.0,58.0,0.0
156,"Beef, sirloin steak, untrimmed, grilled, no added fat",1007.0,27.3,14.7,5.51,693.1,0.58,7.08,0.0,0.0,0.0,45.0,9.0,310.0,0.024,0.017,1.08,22.0,1.94,23.0,0.0,0.0,69.0,0.0
157,"Beef, sirloin steak, untrimmed, raw",930.0,21.4,15.3,6.33,737.9,0.47,6.98,0.0,0.0,0.0,50.0,6.0,330.0,0.039,0.182,5.87,18.0,2.0,23.0,1.0,0.0,58.0,0.0
158,"Beef, steak, boneless or bone-in, blade, lean, grilled, no added fat",650.0,31.9,2.9,0.97,64.04,0.35,1.28,0.0,0.0,0.0,48.0,6.0,400.0,0.03,0.0,1.0,25.0,2.6,30.0,0.0,0.0,81.0,0.0
159,"Beef, steak, boneless or bone-in, blade, lean, raw",474.0,22.2,2.6,0.93,87.69,0.36,1.01,0.0,0.0,0.0,56.0,4.0,340.0,0.06,0.2,3.0,21.0,1.9,24.0,1.0,0.0,45.0,0.0
160,"Beef, steak, boneless or bone-in, blade, semi-trimmed, grilled, no added fat",740.0,31.0,5.8,2.09,218.75,0.39,2.69,0.0,0.0,0.0,47.0,6.0,387.0,0.028,0.004,1.02,24.0,2.51,29.0,0.0,0.0,80.0,0.0
161,"Beef, steak, boneless or bone-in, blade, semi-trimmed, raw",598.0,21.6,6.2,2.46,269.56,0.42,2.71,0.0,0.0,0.0,54.0,4.0,329.0,0.056,0.191,2.94,20.0,1.86,23.0,1.0,0.0,46.0,0.0
162,"Beef, steak, boneless or bone-in, blade, untrimmed, raw",707.0,21.0,9.5,3.82,430.02,0.48,4.21,0.0,0.0,0.0,52.0,5.0,319.0,0.053,0.182,2.88,20.0,1.83,22.0,1.0,0.0,47.0,0.0
163,"Beef, steak, boneless rump or sirloin, lean, grilled, no added fat",684.0,31.2,4.1,1.37,122.46,0.47,1.83,0.0,0.0,0.0,46.0,8.0,350.0,0.03,0.04,2.0,25.0,2.75,26.0,0.0,0.0,72.0,0.0
164,"Beef, steak, boneless rump or sirloin, lean, raw",465.0,22.2,2.4,0.86,85.66,0.28,0.93,0.0,0.0,0.0,54.0,5.0,375.0,0.04,0.165,5.0,21.0,2.15,26.0,1.0,0.0,60.0,0.0
165,"Beef, steak, boneless rump or sirloin, semi-trimmed, grilled, no added fat",775.0,30.4,7.0,2.49,276.58,0.51,3.24,0.0,0.0,0.0,45.0,8.0,339.0,0.028,0.042,1.96,24.0,2.65,26.0,0.0,0.0,72.0,0.0
166,"Beef, steak, boneless rump or sirloin, semi-trimmed, raw",572.0,21.7,5.5,2.18,242.49,0.34,2.4,0.0,0.0,0.0,52.0,5.0,363.0,0.038,0.158,4.83,20.0,2.1,26.0,1.0,0.0,60.0,0.0
167,"Beef, steak, boneless rump or sirloin, untrimmed, grilled, no added fat",959.0,28.6,12.8,4.76,589.24,0.6,6.09,0.0,0.0,0.0,43.0,8.0,318.0,0.025,0.048,1.94,23.0,2.47,24.0,0.0,0.0,71.0,0.0
168,"Beef, steak, boneless rump or sirloin, untrimmed, raw",872.0,20.2,14.3,5.89,680.48,0.51,6.5,0.0,0.0,0.0,48.0,5.0,331.0,0.032,0.14,4.35,19.0,1.98,23.0,1.0,0.0,60.0,0.0
169,"Beef, steak, boneless, fillet or tenderloin, lean, grilled, no added fat",746.0,31.9,5.5,1.8,151.54,0.6,2.49,0.0,0.0,0.0,49.0,10.0,350.0,0.03,0.0,1.0,25.0,2.2,26.0,0.0,0.0,70.0,0.0
170,"Beef, steak, boneless, fillet or tenderloin, lean, raw",570.0,22.2,5.2,1.95,204.34,0.53,2.07,0.0,0.0,0.0,57.0,6.0,380.0,0.05,0.22,7.0,21.0,2.2,27.0,1.0,0.0,58.0,0.0
171,"Beef, steak, boneless, fillet or tenderloin, semi-trimmed, grilled, no added fat",783.0,31.5,6.7,2.27,217.14,0.61,3.08,0.0,0.0,0.0,48.0,10.0,345.0,0.029,0.002,1.01,25.0,2.17,26.0,0.0,0.0,70.0,0.0
172,"Beef, steak, boneless, fillet or tenderloin, semi-trimmed, raw",665.0,21.7,8.0,3.14,345.18,0.58,3.39,0.0,0.0,0.0,55.0,6.0,369.0,0.048,0.212,6.75,20.0,2.16,26.0,1.0,0.0,58.0,0.0
173,"Beef, steak, boneless, fillet or tenderloin, untrimmed, grilled, no added fat",849.0,30.8,8.8,3.1,333.21,0.64,4.12,0.0,0.0,0.0,48.0,9.0,337.0,0.028,0.005,1.03,24.0,2.12,25.0,0.0,0.0,70.0,0.0
174,"Beef, steak, boneless, fillet or tenderloin, untrimmed, raw",710.0,21.4,9.3,3.7,411.65,0.6,4.01,0.0,0.0,0.0,55.0,6.0,364.0,0.046,0.207,6.63,20.0,2.13,26.0,1.0,0.0,58.0,0.0
175,"Beef, steak, boneless, round, lean, grilled, no added fat",615.0,31.8,2.0,0.69,70.15,0.22,0.86,0.0,0.0,0.0,43.0,6.0,350.0,0.03,0.08,3.0,25.0,3.3,27.0,0.0,0.0,75.0,0.0
176,"Beef, steak, boneless, round, lean, raw",420.0,21.0,1.7,0.58,44.86,0.3,0.64,0.0,0.0,0.0,50.0,4.0,370.0,0.03,0.11,3.0,21.0,2.1,26.0,1.0,0.0,62.0,0.0
177,"Beef, steak, boneless, round, semi-trimmed, grilled, no added fat",656.0,31.4,3.3,1.2,139.96,0.24,1.51,0.0,0.0,0.0,43.0,6.0,345.0,0.029,0.08,2.96,25.0,3.24,27.0,0.0,0.0,75.0,0.0
178,"Beef, steak, boneless, round, semi-trimmed, raw",525.0,20.5,4.7,1.86,196.65,0.36,2.05,0.0,0.0,0.0,49.0,4.0,359.0,0.028,0.107,2.95,20.0,2.06,25.0,1.0,0.0,62.0,0.0
179,"Beef, steak, boneless, round, untrimmed, grilled, no added fat",697.0,31.0,4.6,1.69,206.94,0.27,2.13,0.0,0.0,0.0,42.0,6.0,341.0,0.028,0.08,2.92,24.0,3.19,26.0,0.0,0.0,74.0,0.0
180,"Beef, steak, boneless, round, untrimmed, raw",568.0,20.4,6.0,2.38,259.15,0.38,2.64,0.0,0.0,0.0,48.0,4.0,355.0,0.028,0.106,2.93,20.0,2.04,25.0,1.0,0.0,62.0,0.0
181,"Beef, steak, boneless, scotch fillet, lean, grilled, no added fat",707.0,31.9,4.5,1.46,122.89,0.48,2.02,0.0,0.0,0.0,49.0,10.0,350.0,0.03,0.0,1.0,25.0,2.2,26.0,0.0,0.0,70.0,0.0
182,"Beef, steak, boneless, scotch fillet, lean, raw",508.0,23.8,2.8,1.05,110.03,0.29,1.12,0.0,0.0,0.0,57.0,6.0,380.0,0.05,0.22,7.0,21.0,2.2,27.0,1.0,0.0,58.0,0.0
183,"Beef, steak, boneless, scotch fillet, semi-trimmed, grilled, no added fat",862.0,30.3,9.4,3.4,391.36,0.56,4.45,0.0,0.0,0.0,47.0,9.0,332.0,0.027,0.008,1.04,24.0,2.08,24.0,0.0,0.0,70.0,0.0
184,"Beef, steak, boneless, scotch fillet, semi-trimmed, raw",751.0,22.4,10.0,4.09,469.54,0.42,4.49,0.0,0.0,0.0,53.0,6.0,353.0,0.044,0.199,6.38,20.0,2.09,25.0,1.0,0.0,58.0,0.0
185,"Beef, steak, boneless, scotch fillet, untrimmed, grilled, no added fat",953.0,29.4,12.3,4.53,548.12,0.6,5.88,0.0,0.0,0.0,46.0,9.0,321.0,0.025,0.012,1.06,23.0,2.01,24.0,0.0,0.0,69.0,0.0
186,"Beef, steak, boneless, scotch fillet, untrimmed, raw",883.0,21.6,13.9,5.74,663.71,0.5,6.31,0.0,0.0,0.0,51.0,6.0,338.0,0.04,0.188,6.05,19.0,2.03,24.0,1.0,0.0,58.0,0.0
187,"Beef, steak, with bone, blade, untrimmed, grilled, no added fat",791.0,30.5,7.4,2.72,305.49,0.42,3.48,0.0,0.0,0.0,46.0,6.0,380.0,0.027,0.007,1.03,24.0,2.46,28.0,0.0,0.0,80.0,0.0
188,"Beef, steak, with bone, T-bone or blade, lean, grilled, no added fat",643.0,30.6,3.4,1.11,84.51,0.38,1.5,0.0,0.0,0.0,48.0,8.0,375.0,0.03,0.0,1.0,25.0,2.4,28.0,0.0,0.0,76.0,0.0
189,"Beef, steak, with bone, T-bone or blade, lean, raw",480.0,23.3,2.3,0.83,82.36,0.28,0.89,0.0,0.0,0.0,56.0,5.0,360.0,0.055,0.21,5.0,21.0,2.05,26.0,1.0,0.0,52.0,0.0
190,"Beef, steak, with bone, T-bone or blade, semi-trimmed, grilled, no added fat",789.0,29.3,7.9,2.88,328.36,0.45,3.72,0.0,0.0,0.0,47.0,8.0,357.0,0.027,0.007,1.03,24.0,2.28,26.0,0.0,0.0,75.0,0.0
191,"Beef, steak, with bone, T-bone or blade, semi-trimmed, raw",668.0,22.2,7.8,3.17,358.91,0.39,3.49,0.0,0.0,0.0,54.0,5.0,340.0,0.05,0.195,4.65,20.0,1.97,24.0,1.0,0.0,52.0,0.0
192,"Beef, steak, with bone, T-bone or blade, untrimmed, grilled, no added fat",888.0,28.4,10.9,4.08,494.5,0.5,5.24,0.0,0.0,0.0,46.0,8.0,345.0,0.026,0.012,1.06,23.0,2.2,26.0,0.0,0.0,74.0,0.0
193,"Beef, steak, with bone, T-bone or blade, untrimmed, raw",848.0,21.2,13.2,5.42,624.18,0.49,5.97,0.0,0.0,0.0,51.0,5.0,322.0,0.045,0.18,4.31,19.0,1.9,22.0,1.0,0.0,53.0,0.0
194,"Beef, steak, with bone, T-bone, lean, grilled, no added fat",637.0,29.2,3.8,1.25,104.98,0.41,1.72,0.0,0.0,0.0,49.0,10.0,350.0,0.03,0.0,1.0,25.0,2.2,26.0,0.0,0.0,70.0,0.0
195,"Beef, steak, with bone, T-bone, lean, raw",487.0,24.4,2.0,0.74,77.02,0.2,0.78,0.0,0.0,0.0,57.0,6.0,380.0,0.05,0.22,7.0,21.0,2.2,27.0,1.0,0.0,58.0,0.0
196,"Beef, steak, with bone, T-bone, semi-trimmed, grilled, no added fat",837.0,27.5,10.0,3.66,437.97,0.51,4.76,0.0,0.0,0.0,47.0,9.0,327.0,0.026,0.01,1.05,23.0,2.05,24.0,0.0,0.0,69.0,0.0
197,"Beef, steak, with bone, T-bone, semi-trimmed, raw",738.0,22.8,9.4,3.88,448.27,0.35,4.26,0.0,0.0,0.0,53.0,6.0,352.0,0.044,0.198,6.37,20.0,2.09,25.0,1.0,0.0,58.0,0.0
198,"Beef, steak, with bone, T-bone, untrimmed, grilled, no added fat",984.0,26.3,14.5,5.44,683.5,0.58,7.0,0.0,0.0,0.0,45.0,9.0,311.0,0.024,0.016,1.08,22.0,1.94,23.0,0.0,0.0,69.0,0.0
199,"Beef, steak, with bone, T-bone, untrimmed, raw",988.0,21.3,16.9,7.02,818.34,0.5,7.74,0.0,0.0,0.0,49.0,6.0,325.0,0.037,0.177,5.74,18.0,1.97,22.0,1.0,0.0,58.0,0.0
200,"Beef, stir-fry strips, lean, dry-fried, no added fat",644.0,30.9,3.2,1.02,89.08,0.39,1.43,0.0,0.0,0.0,47.0,4.0,360.0,0.03,0.08,3.0,25.0,2.8,23.0,0.0,0.0,77.0,0.0
201,"Beef, stir-fry strips, lean, raw",536.0,27.2,2.0,0.71,68.96,0.27,0.78,0.0,0.0,0.0,38.0,4.0,340.0,0.03,0.11,3.0,21.0,1.7,24.0,1.0,0.0,54.0,0.0
202,"Beef, stir-fry strips, untrimmed, dry-fried, no added fat",657.0,30.8,3.6,1.19,111.63,0.4,1.63,0.0,0.0,0.0,47.0,4.0,358.0,0.03,0.08,2.99,25.0,2.78,23.0,0.0,0.0,77.0,0.0
203,"Beef, stir-fry strips, untrimmed, raw",559.0,27.0,2.7,1.01,104.09,0.29,1.1,0.0,0.0,0.0,38.0,4.0,338.0,0.03,0.109,2.99,21.0,1.7,24.0,1.0,0.0,54.0,0.0
204,"Beef, strips, lean, casseroled, no added fat",740.0,37.5,2.8,0.98,95.11,0.38,1.07,0.0,0.0,0.0,29.0,5.0,258.0,0.019,0.129,2.28,19.0,2.34,22.0,1.0,0.0,74.0,0.0
205,"Beef, strips, untrimmed, casseroled, no added fat",752.0,37.3,3.2,1.15,117.61,0.38,1.28,0.0,0.0,0.0,29.0,5.0,257.0,0.018,0.128,2.27,19.0,2.33,21.0,1.0,0.0,74.0,0.0
206,"Beef, topside roast, lean, raw",490.0,22.3,3.0,1.09,114.21,0.38,1.17,0.0,0.0,0.0,44.0,4.0,360.0,0.03,0.11,3.0,21.0,1.24,24.0,1.0,0.0,35.0,0.0
207,"Beef, topside roast, lean, roasted, no added fat",660.0,32.7,2.8,0.78,63.17,0.39,1.34,0.0,0.0,0.0,54.0,4.0,340.0,0.06,0.2,3.0,25.0,2.4,24.0,0.0,0.0,62.0,0.0
208,"Beef, topside roast, semi-trimmed, raw",558.0,22.0,5.0,1.93,213.62,0.41,2.1,0.0,0.0,0.0,43.0,4.0,353.0,0.029,0.108,2.96,21.0,1.24,23.0,1.0,0.0,36.0,0.0
209,"Beef, topside roast, semi-trimmed, roasted, no added fat",719.0,32.1,4.7,1.52,165.01,0.42,2.26,0.0,0.0,0.0,53.0,4.0,334.0,0.058,0.196,2.94,24.0,2.35,24.0,0.0,0.0,62.0,0.0
210,"Beef, topside roast, untrimmed, raw",681.0,21.3,8.6,3.45,393.85,0.47,3.79,0.0,0.0,0.0,42.0,4.0,341.0,0.027,0.104,2.9,20.0,1.24,22.0,1.0,0.0,37.0,0.0
211,"Beef, topside roast, untrimmed, roasted, no added fat",793.0,31.3,7.1,2.46,293.03,0.46,3.43,0.0,0.0,0.0,52.0,4.0,325.0,0.055,0.19,2.87,24.0,2.28,23.0,0.0,0.0,62.0,0.0
213,"Beer, full strength (alcohol 4-4.9% v/v)",152.0,0.4,0.0,0.0,0.0,0.0,0.0,2.3,0.0,0.0,4.0,4.0,36.0,0.0,0.03,0.0,0.0,0.0,6.0,0.0,0.0,0.0,3.6
214,"Beer, full strength (alcohol 4-4.9% v/v), carbohydrate modified",126.0,0.3,0.0,0.0,0.0,0.0,0.0,1.0,0.0,0.0,4.0,3.0,28.0,0.0,0.0,0.0,0.0,0.01,5.0,0.0,0.0,0.0,3.6
215,"Beer, high alcohol (5% v/v & above)",174.0,0.5,0.0,0.0,0.0,0.0,0.0,2.1,0.2,0.0,4.0,4.0,55.0,0.0,0.04,0.0,0.0,0.01,9.0,0.0,0.0,0.0,4.5
216,"Beer, light (alcohol 1-2.9% v/v)",100.0,0.2,0.0,0.0,0.0,0.0,0.0,2.2,0.0,0.0,3.0,3.0,27.0,0.0,0.0,0.0,0.0,0.0,5.0,0.0,0.0,0.0,2.1
217,"Beer, mid-strength (alcohol 3-3.9% v/v)",128.0,0.3,0.0,0.0,0.0,0.0,0.0,2.2,0.0,0.0,3.0,4.0,30.0,0.0,0.0,0.0,0.0,0.0,5.0,0.0,0.0,0.0,3.0
218,"Beetroot, canned in brine, drained",184.0,1.2,0.0,0.0,0.0,0.0,0.0,8.7,8.7,2.0,220.0,10.0,210.0,0.0,0.0,1.7,10.0,0.66,12.0,0.0,0.0,0.0,0.0
219,"Beetroot, fresh, purple, peeled, baked, no added fat",246.0,2.3,0.1,0.0,0.0,0.0,0.0,10.2,10.2,4.3,66.0,10.0,354.0,0.033,0.023,0.46,107.0,1.1,32.0,5.0,0.0,0.0,0.0
220,"Beetroot, fresh, purple, peeled, boiled, drained",216.0,2.0,0.1,0.0,0.0,0.0,0.0,9.0,9.0,3.8,55.0,8.0,281.0,0.026,0.019,0.39,77.0,0.92,26.0,4.0,0.0,0.0,0.0
221,"Beetroot, fresh, purple, peeled, raw",201.0,1.9,0.1,0.0,0.0,0.0,0.0,8.4,8.4,3.5,54.0,8.0,290.0,0.03,0.02,0.4,110.0,0.9,26.0,6.0,0.0,0.0,0.0
222,"Beverage base, chocolate flavour, added vitamins A, B1, B2, C & D, Ca & Fe (Milo)",1666.0,12.7,10.4,6.62,487.18,0.32,2.55,61.2,47.3,9.1,75.0,738.0,825.0,0.2,1.762,12.5,50.0,18.0,80.0,44.0,10.0,10.0,0.0
223,"Beverage base, chocolate flavour, unfortified (Nesquik brand)",1574.0,5.3,2.8,1.38,0.0,0.47,0.78,83.2,81.0,5.8,0.0,38.0,430.0,0.0,0.06,0.0,11.0,14.0,120.0,0.0,38.0,0.0,0.0
224,"Beverage base, drinking chocolate, unfortified",1508.0,5.6,4.8,2.88,224.85,0.11,1.4,76.3,74.3,1.5,160.0,41.0,690.0,0.04,0.05,0.5,7.0,1.9,150.0,0.0,37.0,0.0,0.0
226,"Beverage, chocolate flavour, from drinking chocolate, with regular fat cows milk",356.0,3.5,3.5,2.35,109.1,0.08,0.81,10.2,10.1,0.1,44.0,101.0,180.0,0.022,0.174,0.27,4.0,0.15,20.0,0.0,2.0,9.0,0.0
227,"Beverage, chocolate flavour, from Milo powder, with regular fat cows milk",395.0,4.1,4.0,2.69,134.91,0.1,0.93,10.3,9.1,0.8,39.0,162.0,203.0,0.04,0.323,1.34,9.0,1.62,16.0,4.0,1.0,10.0,0.0
228,"Beverage, chocolate flavour, from Nesquik powder, with regular fat cows milk",344.0,3.4,3.4,2.26,94.94,0.1,0.77,9.7,9.6,0.3,33.0,102.0,158.0,0.021,0.176,0.24,5.0,0.8,16.0,0.0,2.0,9.0,0.0
229,"Biscuit, savoury, corn cake, plain, salted",1547.0,9.8,3.0,0.42,11.4,1.78,0.6,71.5,0.4,5.9,240.0,3.0,180.0,0.02,0.03,1.4,14.0,1.3,79.0,0.0,0.0,0.0,0.0
230,"Biscuit, savoury, from rye flour, crispbread",1356.0,8.8,1.3,0.17,2.81,0.61,0.13,60.6,2.8,16.5,240.0,38.0,450.0,0.28,0.04,0.0,30.0,2.4,84.0,0.0,0.0,0.0,0.0
231,"Biscuit, savoury, from wheat flour, crispbread, puffed & toasted",1563.0,12.3,5.6,3.4,110.21,0.15,0.88,66.1,3.6,3.3,380.0,44.0,200.0,0.23,0.05,1.4,28.0,1.3,41.0,0.0,0.0,10.0,0.0
232,"Biscuit, savoury, from white wheat flour, cheese-flavoured",2086.0,12.0,24.2,11.2,108.01,2.55,9.11,56.4,3.2,2.9,871.0,93.0,180.0,0.24,0.095,0.66,88.0,1.26,34.0,5.0,0.0,10.0,0.0
233,"Biscuit, savoury, from white wheat flour, flaky cracker style",2067.0,11.5,20.7,9.68,275.31,2.54,7.2,63.6,3.6,3.0,639.0,35.0,166.0,0.15,0.08,2.1,13.0,1.75,30.0,0.0,0.0,7.0,0.0
234,"Biscuit, savoury, from white wheat flour, flavoured (excluding cheese)",2098.0,9.6,24.5,9.84,93.74,2.85,10.55,59.7,5.2,2.0,854.0,56.0,195.0,0.17,0.05,0.68,60.0,1.37,34.0,4.0,0.0,8.0,0.0
235,"Biscuit, savoury, from white wheat flour, plain snack cracker style",2058.0,8.1,20.7,9.08,157.6,2.59,7.97,66.3,6.7,3.4,609.0,41.0,156.0,0.175,0.04,0.4,29.0,1.12,24.0,6.0,0.0,1.0,0.0
236,"Biscuit, savoury, from white wheat flour, Salada style",1785.0,9.2,14.2,3.8,74.46,2.56,6.77,63.1,1.2,3.6,830.0,152.0,170.0,0.2,0.05,1.7,16.0,2.97,33.0,0.0,0.0,16.0,0.0
237,"Biscuit, savoury, from white wheat flour, water cracker style",1650.0,10.4,7.2,3.12,41.04,1.24,2.35,69.4,2.0,3.7,560.0,46.0,170.0,0.2,0.03,1.4,14.0,1.5,35.0,0.0,0.0,0.0,0.0
238,"Biscuit, savoury, from wholemeal wheat flour & rye flour, crispbread, puffed",1611.0,14.0,3.8,0.72,12.15,1.32,0.68,69.1,1.5,7.6,364.0,47.0,326.0,0.41,0.08,4.7,29.0,3.2,81.0,0.0,0.0,0.0,0.0
239,"Biscuit, savoury, from wholemeal wheat flour, crispbread",1567.0,10.6,8.1,0.7,54.01,1.68,3.25,59.1,2.0,9.9,450.0,33.0,350.0,0.15,0.04,4.6,41.0,2.3,94.0,0.0,0.0,0.0,0.0
240,"Biscuit, savoury, rice cake, from brown rice, plain",1603.0,8.8,3.5,0.6,5.95,1.27,1.06,76.3,0.8,3.5,41.0,9.0,270.0,0.11,0.0,6.6,9.0,1.3,130.0,0.0,0.0,0.0,0.0
241,"Biscuit, savoury, rice cracker, added vegetable powder",1651.0,6.6,7.4,1.6,35.15,2.52,2.73,73.8,4.9,2.0,470.0,23.0,180.0,0.02,0.02,0.0,33.0,0.68,21.0,0.0,0.0,0.0,0.0
242,"Biscuit, savoury, rice cracker, flavoured (excluding seaweed)",1646.0,7.1,6.7,0.98,28.48,1.73,3.44,74.1,0.2,1.5,554.0,19.0,129.0,0.03,0.02,1.2,0.0,0.52,23.0,0.0,0.0,0.0,0.0
243,"Biscuit, savoury, rice cracker, plain",1626.0,7.0,4.3,0.81,30.55,1.15,1.98,78.8,0.7,0.9,400.0,7.0,94.0,0.03,0.02,1.2,0.0,0.41,19.0,0.0,0.0,0.0,0.0
244,"Biscuit, savoury, rice cracker, seaweed flavoured",1500.0,9.6,1.2,0.39,5.22,0.36,0.38,75.3,1.7,1.6,660.0,21.0,220.0,0.02,0.0,1.9,29.0,1.1,46.0,0.0,0.0,0.0,0.0
245,"Biscuit, savoury, seed based",2395.0,20.1,49.6,5.78,47.42,24.18,17.16,6.0,1.4,14.6,500.0,110.0,610.0,0.19,0.07,4.4,137.0,5.9,350.0,0.0,0.0,0.0,0.0
246,"Biscuit, sweet, Anzac style, homemade from basic ingredients",1970.0,4.6,22.4,15.74,371.81,0.91,3.97,63.3,41.2,3.1,210.0,15.0,131.0,0.083,0.01,0.66,5.0,0.87,29.0,0.0,0.0,31.0,0.0
247,"Biscuit, sweet, biscuit base, caramel filling, chocolate-coated, commercial",1843.0,5.6,19.7,11.44,168.44,1.31,5.61,61.8,45.5,1.8,180.0,82.0,290.0,0.07,0.24,0.0,15.0,1.5,38.0,0.0,9.0,11.0,0.0
248,"Biscuit, sweet, biscuit base, mint filling, chocolate-coated",2188.0,6.3,29.4,15.39,276.76,2.2,9.98,60.6,42.0,0.6,117.0,135.0,234.0,0.05,0.16,0.7,14.0,1.75,28.0,0.0,8.0,14.0,0.0
249,"Biscuit, sweet, breakfast style, with or without dried fruit",1701.0,7.5,15.6,1.39,14.82,3.22,9.71,57.3,20.1,5.3,270.0,30.0,190.0,0.2,0.02,1.2,55.0,1.7,54.0,0.0,0.0,0.0,0.0
250,"Biscuit, sweet, chocolate chip or coated",1979.0,5.8,22.7,12.79,228.59,1.85,6.62,61.9,35.8,3.0,210.0,46.0,220.0,0.04,0.08,0.0,0.0,2.7,41.0,2.0,8.0,8.0,0.0
251,"Biscuit, sweet, cream filled, commercial",1944.0,5.4,21.5,10.6,142.98,2.23,7.07,62.8,33.6,2.7,330.0,30.0,140.0,0.07,0.04,0.0,15.0,1.3,28.0,0.0,2.0,4.0,0.0
252,"Biscuit, sweet, plain",1812.0,6.4,14.3,6.84,235.94,1.58,4.98,69.4,24.7,2.1,289.0,30.0,149.0,0.107,0.017,0.2,21.0,1.28,22.0,6.0,0.0,5.0,0.0
253,"Biscuit, sweet, sandwich, cream & jam filling",1974.0,4.0,22.5,11.24,277.88,2.03,7.8,64.1,33.5,1.8,260.0,27.0,85.0,0.02,0.0,1.6,28.0,0.9,14.0,0.0,0.0,24.0,0.0
254,"Biscuit, sweet, sandwich, cream filling, chocolate-coated, tim tam style",2080.0,5.4,25.4,14.38,236.55,1.78,7.63,63.1,44.7,2.2,168.0,90.0,240.0,0.07,0.18,0.0,0.0,1.7,34.0,0.0,7.0,10.0,0.0
255,"Biscuit, sweet, shortbread style, commercial",2110.0,6.2,26.3,16.06,751.76,1.88,6.55,60.8,20.4,2.3,270.0,33.0,110.0,0.1,0.04,0.0,5.0,0.77,19.0,0.0,0.0,63.0,0.0
256,"Biscuit, sweet, wheatmeal",1728.0,7.8,11.7,1.28,130.04,2.57,6.78,67.0,21.6,5.6,423.0,30.0,167.0,0.12,0.02,3.2,28.0,2.1,46.0,0.0,0.0,18.0,0.0
257,"Blackberry, raw",211.0,1.4,0.3,0.0,0.0,0.0,0.0,7.5,7.5,6.1,0.0,30.0,114.0,0.02,0.03,0.3,34.0,0.42,30.0,38.0,0.0,0.0,0.0
258,"Blue grenadier, flesh, baked, no added fat",427.0,22.0,1.3,0.3,18.11,0.42,0.32,0.3,0.3,0.0,56.0,9.0,328.0,0.03,0.01,4.1,2.0,0.2,24.0,0.0,0.0,54.0,0.0
259,"Blue grenadier, flesh, raw",307.0,15.2,1.2,0.28,16.72,0.39,0.3,0.2,0.2,0.0,53.0,8.0,306.0,0.02,0.0,4.64,2.0,0.88,20.0,0.0,0.0,38.0,0.0
260,"Blue grenadier, flesh, steamed, no added fat",399.0,20.6,1.2,0.28,16.72,0.39,0.3,0.3,0.3,0.0,47.0,10.0,354.0,0.01,0.0,4.99,26.0,0.19,25.0,0.0,0.0,49.0,0.0
261,"Blueberry, purchased frozen",199.0,0.5,0.0,0.0,0.0,0.0,0.0,9.9,9.4,3.6,2.0,11.0,77.0,0.029,0.0,0.0,0.0,0.36,6.0,2.0,0.0,0.0,0.0
262,"Blueberry, raw",194.0,0.5,0.0,0.0,0.0,0.0,0.0,9.6,9.2,3.5,2.0,11.0,83.0,0.03,0.0,0.0,0.0,0.35,6.0,2.0,0.0,0.0,0.0
263,"Bok choy, fried, no added fat",113.0,3.6,0.3,0.0,0.0,0.0,0.0,0.8,0.8,3.5,81.0,118.0,357.0,0.141,0.163,0.0,49.0,2.0,26.0,21.0,0.0,0.0,0.0
264,"Bok choy, raw",79.0,2.5,0.2,0.0,0.0,0.0,0.0,0.6,0.6,2.4,57.0,83.0,250.0,0.11,0.12,0.0,40.0,1.4,18.0,17.0,0.0,0.0,0.0
265,"Bok choy, steamed",82.0,2.6,0.2,0.0,0.0,0.0,0.0,0.6,0.6,2.6,56.0,82.0,221.0,0.092,0.112,0.0,25.0,1.38,18.0,10.0,0.0,0.0,0.0
266,"Braised steak & onions, canned",264.0,7.2,1.6,0.72,55.94,0.05,0.63,4.5,1.0,0.8,380.0,12.0,160.0,0.0,0.0,0.0,0.0,0.55,12.0,0.0,0.0,25.0,0.0
267,"Bread roll, from white flour",1044.0,9.3,2.9,0.47,15.74,1.2,0.89,44.6,3.4,3.0,380.0,107.0,137.0,0.391,0.041,2.57,239.0,1.26,29.0,0.0,0.0,0.0,0.0
268,"Bread roll, from white flour, toasted",1214.0,10.8,3.4,0.55,18.31,1.39,1.03,51.9,4.0,3.5,442.0,125.0,159.0,0.364,0.048,2.99,237.0,1.47,34.0,0.0,0.0,0.0,0.0
269,"Bread roll, from wholemeal flour",1095.0,10.1,3.0,0.53,21.6,1.38,0.79,45.2,3.0,5.8,560.0,90.0,190.0,0.62,0.05,2.45,181.0,2.5,54.0,0.0,0.0,0.0,0.0
270,"Bread roll, from wholemeal flour, toasted",1288.0,11.9,3.5,0.62,25.41,1.62,0.93,53.1,3.5,6.9,659.0,106.0,224.0,0.584,0.059,2.88,181.0,2.94,64.0,0.0,0.0,0.0,0.0
271,"Bread roll, mixed grain",1046.0,12.2,3.0,0.45,18.9,1.28,0.96,40.3,2.3,5.6,660.0,160.0,290.0,0.37,0.0,5.9,206.0,4.7,80.0,0.0,0.0,0.0,0.0
272,"Bread roll, mixed grain, toasted",1230.0,14.4,3.5,0.53,22.24,1.51,1.13,47.4,2.7,6.6,776.0,188.0,341.0,0.348,0.0,6.94,206.0,5.53,94.0,0.0,0.0,0.0,0.0
273,"Bread roll, topped with cheese",1173.0,12.4,9.0,4.92,264.2,1.21,2.16,35.8,2.8,2.4,441.0,238.0,124.0,0.314,0.1,2.28,196.0,1.04,29.0,0.0,0.0,20.0,0.0
274,"Bread roll, topped with cheese & bacon",1174.0,16.6,11.2,5.88,278.76,1.27,3.14,27.0,2.3,1.8,765.0,218.0,187.0,0.454,0.13,3.47,148.0,0.91,29.0,0.0,0.0,32.0,0.0
276,"Bread, banana",1224.0,5.7,11.0,1.93,175.2,3.36,5.0,43.1,25.1,1.5,360.0,41.0,150.0,0.04,0.0,1.1,0.0,1.6,25.0,0.0,0.0,43.0,0.0
277,"Bread, damper, from white flour, homemade",1084.0,7.5,5.5,3.27,73.42,0.37,1.1,42.9,2.9,3.3,630.0,53.0,150.0,0.25,0.04,1.2,72.0,0.78,25.0,0.0,0.0,21.0,0.0
279,"Bread, flat (pita or Lebanese), white, commercial",1102.0,9.5,2.1,0.62,20.22,0.49,0.69,49.1,3.1,3.7,498.0,50.0,150.0,0.545,0.02,1.7,194.0,1.2,30.0,0.0,0.0,0.0,0.0
280,"Bread, flat (pita or Lebanese), wholemeal, commercial",1074.0,8.6,2.0,0.46,14.76,0.84,0.55,47.2,3.1,6.4,470.0,45.0,200.0,0.55,0.05,2.3,188.0,2.7,55.0,0.0,0.0,0.0,0.0
281,"Bread, from rye flour, sour dough",980.0,9.2,1.6,0.31,4.32,0.85,0.27,42.7,2.0,5.2,510.0,32.0,130.0,0.21,0.03,0.0,120.0,1.1,32.0,0.0,0.0,0.0,0.0
282,"Bread, from rye flour, sour dough, toasted",1153.0,10.8,1.9,0.36,5.08,1.0,0.31,50.2,2.4,6.1,600.0,38.0,153.0,0.198,0.035,0.0,120.0,1.29,38.0,0.0,0.0,0.0,0.0
283,"Bread, from wheat flour, added dried fruit, toasted",1236.0,9.8,4.1,0.83,10.98,1.36,1.34,52.6,20.1,4.0,300.0,122.0,356.0,0.387,0.044,1.33,119.0,1.67,32.0,0.0,0.0,0.0,0.0
284,"Bread, from white flour",1050.0,9.5,2.0,0.28,15.82,0.76,0.69,46.2,3.1,3.2,439.0,84.0,130.0,0.648,0.042,2.64,218.0,1.35,29.0,0.0,0.0,0.0,0.0
285,"Bread, from white flour, added calcium",1001.0,9.7,1.8,0.26,17.3,0.66,0.63,43.8,2.7,2.9,442.0,228.0,110.0,0.634,0.04,2.47,218.0,1.15,27.0,0.0,0.0,0.0,0.0
286,"Bread, from white flour, added calcium, toasted",1164.0,11.2,2.0,0.3,20.11,0.77,0.74,50.9,3.1,3.4,514.0,265.0,128.0,0.59,0.046,2.87,215.0,1.34,32.0,0.0,0.0,0.0,0.0
287,"Bread, from white flour, added dried fruit",1112.0,8.8,3.7,0.75,9.88,1.22,1.21,47.3,18.1,3.6,270.0,110.0,320.0,0.435,0.04,1.2,126.0,1.5,29.0,0.0,0.0,0.0,0.0
288,"Bread, from white flour, added fibre",1032.0,9.7,1.7,0.26,22.7,0.65,0.58,43.6,2.5,6.4,448.0,56.0,111.0,0.638,0.035,1.5,216.0,1.44,27.0,0.0,0.0,0.0,0.0
289,"Bread, from white flour, added fibre, toasted",1229.0,11.5,2.0,0.31,27.02,0.78,0.7,51.9,3.0,7.7,534.0,67.0,132.0,0.608,0.042,1.78,219.0,1.72,32.0,0.0,0.0,0.0,0.0
290,"Bread, from white flour, added iron",1001.0,9.7,1.8,0.26,17.3,0.66,0.63,43.8,2.7,2.9,447.0,68.0,135.0,0.634,0.04,2.47,218.0,7.08,41.0,0.0,0.0,0.0,0.0
291,"Bread, from white flour, added iron, toasted",1164.0,11.2,2.0,0.3,20.11,0.77,0.74,50.9,3.1,3.4,520.0,79.0,158.0,0.59,0.046,2.87,215.0,8.23,48.0,0.0,0.0,0.0,0.0
292,"Bread, from white flour, added omega-3 polyunsaturates",1054.0,9.1,2.1,0.5,17.31,0.73,0.63,46.6,2.4,3.1,448.0,56.0,111.0,0.631,0.035,1.5,209.0,1.44,27.0,0.0,0.0,0.0,0.0
293,"Bread, from white flour, added omega-3 polyunsaturates, toasted",1226.0,10.6,2.4,0.58,20.13,0.85,0.74,54.2,2.8,3.6,521.0,65.0,129.0,0.587,0.041,1.74,207.0,1.68,31.0,0.0,0.0,0.0,0.0
294,"Bread, from white flour, extra grainy & seeds",1149.0,10.5,4.4,0.52,13.3,2.24,1.21,44.7,2.8,5.7,365.0,81.0,199.0,0.598,0.043,3.19,187.0,1.91,63.0,0.0,0.0,0.0,0.0
295,"Bread, from white flour, extra grainy & seeds, toasted",1352.0,12.3,5.2,0.61,15.65,2.64,1.43,52.6,3.3,6.7,429.0,96.0,234.0,0.563,0.051,3.76,187.0,2.24,74.0,0.0,0.0,0.0,0.0
296,"Bread, from white flour, Italian-style, commercial",1070.0,9.0,2.5,0.44,23.14,0.62,1.13,46.8,2.0,3.9,500.0,16.0,98.0,0.32,0.02,1.0,120.0,0.84,24.0,0.0,0.0,0.0,0.0
297,"Bread, from white flour, Italian-style, commercial, toasted",1274.0,10.7,3.0,0.53,27.55,0.73,1.34,55.7,2.4,4.6,595.0,19.0,117.0,0.305,0.024,1.19,121.0,1.0,28.0,0.0,0.0,0.0,0.0
298,"Bread, from white flour, sour dough, commercial",961.0,8.8,1.4,0.45,6.23,0.33,0.43,42.9,1.2,3.1,490.0,21.0,130.0,0.71,0.04,1.3,186.0,1.1,31.0,0.0,0.0,0.0,0.0
299,"Bread, from white flour, sour dough, commercial, toasted",1144.0,10.4,1.7,0.54,7.42,0.39,0.52,51.1,1.4,3.7,583.0,25.0,155.0,0.676,0.048,1.55,188.0,1.31,37.0,0.0,0.0,0.0,0.0
300,"Bread, from white flour, toasted",1241.0,10.8,2.8,0.35,27.41,1.14,0.92,54.3,3.7,4.3,512.0,150.0,166.0,0.796,0.05,0.58,200.0,1.38,40.0,0.0,0.0,0.0,0.0
301,"Bread, from white flour, Turkish",1035.0,7.8,2.8,0.36,49.84,0.9,1.17,45.5,2.2,3.6,530.0,50.0,110.0,0.41,0.02,1.0,150.0,0.8,26.0,0.0,0.0,0.0,0.0
302,"Bread, from white flour, Turkish, toasted",1233.0,9.2,3.3,0.43,59.33,1.07,1.39,54.2,2.6,4.3,631.0,60.0,131.0,0.39,0.024,1.19,152.0,0.95,31.0,0.0,0.0,0.0,0.0
303,"Bread, from white Jackaroo flour, added fibre and vitamins B1 & folate & Fe",1052.0,8.3,2.3,0.35,22.52,0.85,0.82,45.7,3.8,6.5,410.0,150.0,140.0,0.89,0.04,1.8,230.0,4.8,33.0,0.0,0.0,0.0,0.0
304,"Bread, from white Jackaroo flour, added fibre and vitamins B1 & folate & Fe, toasted",1238.0,9.8,2.7,0.41,26.49,1.0,0.97,53.8,4.5,7.6,482.0,176.0,165.0,0.838,0.047,2.12,230.0,5.65,39.0,0.0,0.0,0.0,0.0
305,"Bread, from wholemeal flour",993.0,10.4,2.5,0.39,14.03,0.99,0.8,39.2,3.2,6.9,418.0,133.0,212.0,0.553,0.07,3.43,194.0,1.97,63.0,0.0,0.0,0.0,0.0
306,"Bread, from wholemeal flour, extra grainy & seeds",1077.0,11.0,4.4,0.57,12.45,2.18,1.22,38.9,2.9,7.9,370.0,126.0,240.0,0.527,0.067,3.49,176.0,2.2,80.0,0.0,0.0,0.0,0.0
307,"Bread, from wholemeal flour, extra grainy & seeds, toasted",1267.0,13.0,5.1,0.67,14.65,2.57,1.43,45.8,3.4,9.3,435.0,149.0,282.0,0.496,0.079,4.11,176.0,2.59,94.0,0.0,0.0,0.0,0.0
308,"Bread, from wholemeal flour, toasted",1168.0,12.2,2.9,0.46,16.51,1.17,0.95,46.1,3.7,8.1,492.0,157.0,249.0,0.52,0.082,4.03,194.0,2.32,74.0,0.0,0.0,0.0,0.0
309,"Bread, garlic or herb, homemade, cooked",1282.0,8.8,11.3,6.39,221.31,1.3,2.52,40.5,3.2,3.6,422.0,99.0,152.0,0.284,0.041,2.22,151.0,1.22,28.0,0.0,0.0,18.0,0.0
310,"Bread, garlic, commercial, cooked",1442.0,8.0,15.1,7.13,170.15,1.87,4.82,42.8,3.4,3.0,580.0,66.0,130.0,0.61,0.04,0.93,110.0,0.9,28.0,0.0,0.0,16.0,0.0
311,"Bread, gluten free",888.0,5.5,3.9,0.51,38.18,1.27,1.65,36.6,2.6,3.9,526.0,50.0,190.0,0.356,0.1,1.0,49.0,1.0,23.0,0.0,0.0,0.0,0.0
312,"Bread, gluten free, toasted",1057.0,6.5,4.6,0.61,45.45,1.51,1.96,43.6,3.1,4.6,626.0,60.0,226.0,0.339,0.119,1.19,50.0,1.19,27.0,0.0,0.0,0.0,0.0
313,"Bread, mixed grain",1078.0,10.7,4.5,0.58,16.32,2.26,1.18,39.8,2.5,5.8,409.0,155.0,217.0,0.458,0.067,2.11,169.0,1.73,60.0,0.0,0.0,0.0,0.0
314,"Bread, mixed grain, toasted",1268.0,12.6,5.3,0.68,19.2,2.65,1.4,46.8,3.0,6.9,481.0,182.0,255.0,0.431,0.078,2.48,169.0,2.04,71.0,0.0,0.0,0.0,0.0
315,"Bread, Naan, commercial",1224.0,8.0,7.1,1.35,26.04,2.32,2.62,47.8,6.0,2.6,630.0,120.0,160.0,0.47,0.06,1.1,140.0,1.1,28.0,0.0,0.0,4.0,0.0
316,"Bread, organic",1034.0,11.6,2.9,0.57,20.76,1.9,0.09,40.3,1.3,5.6,490.0,48.0,180.0,0.157,0.04,2.2,57.0,1.8,52.0,0.0,0.0,0.0,0.0
317,"Bread, organic, toasted",1216.0,13.7,3.4,0.67,24.43,2.24,0.1,47.4,1.5,6.6,576.0,56.0,212.0,0.148,0.047,2.59,57.0,2.12,61.0,0.0,0.0,0.0,0.0
318,"Bread, pizza base, commercial",1109.0,8.6,3.3,0.52,5.87,0.96,1.36,48.5,3.7,2.7,390.0,70.0,140.0,0.76,0.05,1.1,140.0,0.94,28.0,0.0,0.0,0.0,0.0
319,"Bread, tortilla, white, commercial",1263.0,7.3,9.0,3.97,0.0,1.34,2.56,46.3,4.3,2.0,750.0,37.0,110.0,0.492,0.0,0.0,78.0,0.75,22.0,0.0,0.0,0.0,0.0
320,"Bread, wrap, white, commercial",1266.0,7.8,8.4,3.71,44.86,1.19,2.44,46.9,5.3,3.0,610.0,39.0,150.0,0.606,0.0,0.0,162.0,0.95,24.0,0.0,0.0,0.0,0.0
321,"Breadcrumbs, white",1598.0,14.0,4.1,0.5,39.44,1.47,1.72,68.5,4.6,4.7,650.0,124.0,193.0,0.768,0.063,3.92,274.0,2.0,43.0,0.0,0.0,0.0,0.0
323,"Breakfast cereal, beverage, non-chocolate flavours, added vitamins A, B1, B2, B3, B6, B12, C & folate & Ca",321.0,3.1,1.5,0.2,5.74,0.89,0.35,12.4,7.0,0.8,49.0,148.0,152.0,0.104,0.256,1.22,70.0,0.38,8.0,0.0,0.0,0.0,0.0
324,"Breakfast cereal, flakes of corn, added vitamins B1, B2, B3, C & folate, Fe & Zn",1565.0,8.6,0.6,0.1,2.7,0.32,0.12,80.2,4.2,3.2,485.0,2.0,100.0,1.2,1.6,9.0,353.0,8.6,13.0,16.0,0.0,0.0,0.0
325,"Breakfast cereal, flakes of corn, unfortified",1553.0,7.3,2.9,0.39,10.44,1.46,0.75,75.6,7.7,4.0,270.0,3.0,140.0,0.05,0.02,1.3,6.0,0.99,34.0,0.0,0.0,0.0,0.0
326,"Breakfast cereal, mixed grain (rice & wheat), flakes, added vitamins B1, B2, B3, B6 & folate, Ca, Fe & Zn",1669.0,18.2,4.1,0.72,0.0,1.91,0.6,70.5,13.2,2.7,474.0,936.0,116.0,1.37,1.832,10.02,922.0,13.8,40.0,11.0,0.0,0.0,0.0
327,"Breakfast cereal, mixed grain (wheat & oat), flakes, apricot & sultana, added vitamins B1, B2, B3 & folate & Fe",1472.0,9.1,1.5,0.29,0.97,0.53,0.39,71.6,25.3,8.2,32.0,31.0,388.0,1.309,0.828,6.54,640.0,8.6,81.0,6.0,0.0,0.0,0.0
328,"Breakfast cereal, mixed grain (wheat, oat & corn), extruded, added vitamins B1, B2, B3, B6, C & folate, Ca & Fe",1551.0,23.3,2.5,0.37,1.96,1.06,0.53,62.8,28.0,2.5,602.0,284.0,137.0,2.8,1.8,13.1,220.0,11.19,41.0,11.0,0.0,0.0,0.0
329,"Breakfast cereal, mixed grain (wheat, rice & oat), flakes, honey, unfortified",1488.0,8.4,4.1,0.65,10.21,1.81,0.92,65.0,11.9,12.5,220.0,27.0,270.0,0.09,0.02,3.1,37.0,2.6,81.0,0.0,0.0,0.0,0.0
330,"Breakfast cereal, puffed or popped rice, added vitamins B1, B2, B3, C & folate, Fe & Zn",1559.0,6.8,1.1,0.2,0.94,0.38,0.34,81.2,6.2,2.1,658.0,6.0,101.0,1.4,1.9,11.26,250.0,15.5,25.0,33.0,0.0,0.0,0.0
331,"Breakfast cereal, puffed or popped rice, cocoa coating, added vitamins B1, B2, B3, C & folate, Ca, Fe & Zn",1615.0,5.3,2.9,1.14,0.0,0.43,0.89,83.2,30.4,2.6,496.0,388.0,208.0,1.272,1.688,10.4,1084.0,13.8,36.0,55.0,4.0,0.0,0.0
332,"Breakfast cereal, puffed or popped rice, no added sugar or salt, unfortified",1608.0,8.5,3.0,0.52,0.0,0.94,1.06,77.6,0.6,2.8,5.0,6.0,200.0,0.11,0.0,4.5,15.0,0.63,80.0,0.0,0.0,0.0,0.0
334,"Breakfast cereal, wheat bran, flakes, sultanas, added vitamins B1, B2, B3, B6 & folate, Fe & Zn",1391.0,9.8,1.5,0.26,12.28,0.69,0.25,63.3,24.5,14.8,269.0,56.0,757.0,1.256,1.07,5.7,360.0,13.53,120.0,9.0,0.0,0.0,0.0
335,"Breakfast cereal, wheat bran, pellets, added vitamins B1, B2 & folate, Fe & Zn",1348.0,14.2,5.0,0.78,12.38,2.62,0.69,41.7,15.4,27.3,390.0,67.0,906.0,0.707,1.237,16.0,334.0,12.2,271.0,0.0,0.0,0.0,0.0
336,"Breakfast cereal, whole wheat, biscuit, added vitamins B1, B2, B3 & folate, Fe & Zn",1418.0,11.9,2.3,0.3,4.97,1.04,0.29,61.0,2.4,11.0,299.0,38.0,350.0,2.567,1.711,15.88,291.0,14.33,111.0,0.0,0.0,0.0,0.0
337,"Breakfast cereal, whole wheat, biscuit, bran, added vitamins B1, B2, B3 & folate & Fe",1501.0,12.3,5.3,2.88,7.63,0.57,0.35,56.4,8.3,17.0,345.0,43.0,540.0,1.37,1.08,6.3,250.0,7.5,160.0,0.0,0.0,0.0,0.0
338,"Breakfast cereal, whole wheat, biscuit, no added sugar, unfortified",1460.0,10.4,2.7,0.35,5.83,1.2,0.37,63.7,1.1,11.5,370.0,31.0,370.0,0.05,0.03,4.1,48.0,6.8,110.0,0.0,0.0,0.0,0.0
339,"Breakfast cereal, whole wheat, flakes, dried fruit & nuts, added fibre, vitamins B1, B2, B3 & folate, Ca & Fe",1490.0,9.1,3.3,0.38,10.96,1.29,1.05,65.6,25.0,15.5,98.0,376.0,527.0,0.494,0.846,7.94,441.0,7.38,86.0,0.0,0.0,0.0,0.0
340,"Breakfast cereal, whole wheat, puffed, no added sugar or salt, unfortified",1414.0,10.0,2.8,0.39,6.05,1.26,0.34,62.4,0.8,9.2,2.0,32.0,360.0,0.14,0.02,4.4,49.0,3.3,97.0,0.0,0.0,0.0,0.0
341,"Bream, fillet, baked, no added fat",714.0,26.8,7.0,2.41,125.12,1.71,2.17,0.0,0.0,0.0,115.0,32.0,475.0,0.195,0.178,4.52,0.0,0.55,42.0,3.0,0.0,101.0,0.0
342,"Bream, fillet, raw",521.0,19.6,5.1,1.76,91.34,1.25,1.58,0.0,0.0,0.0,84.0,23.0,347.0,0.15,0.13,3.3,0.0,0.4,31.0,3.0,0.0,74.0,0.0
343,"Bream, fillet, steamed, no added fat",581.0,22.4,5.4,1.7,96.71,1.29,1.85,0.0,0.0,0.0,82.0,25.0,345.0,0.21,0.15,3.5,0.0,0.4,32.0,2.0,0.0,85.0,0.0
344,"Broccoli, fresh, baked, no added fat",160.0,5.7,0.4,0.0,0.0,0.0,0.0,0.5,0.5,4.5,26.0,39.0,410.0,0.088,0.255,0.58,154.0,1.03,26.0,110.0,0.0,0.0,0.0
345,"Broccoli, fresh, boiled, drained",100.0,2.9,0.3,0.07,0.0,0.14,0.01,1.2,1.1,2.5,13.0,26.0,181.0,0.055,0.095,0.31,87.0,0.58,12.0,57.0,0.0,0.0,0.0
346,"Broccoli, fresh, microwaved",112.0,3.2,0.4,0.0,0.0,0.0,0.0,1.3,1.3,2.9,13.0,26.0,181.0,0.055,0.095,0.31,87.0,0.58,12.0,57.0,0.0,0.0,0.0
347,"Broccoli, fresh, raw",131.0,4.7,0.3,0.0,0.0,0.0,0.0,0.4,0.4,3.7,22.0,32.0,336.0,0.08,0.22,0.5,158.0,0.84,21.0,106.0,0.0,0.0,0.0
348,"Broccolini, fresh, boiled, drained",127.0,3.3,0.4,0.0,0.0,0.0,0.0,2.1,1.4,2.6,16.0,38.0,234.0,0.058,0.075,0.0,83.0,0.77,21.0,10.0,0.0,0.0,0.0
349,"Broccolini, fresh, raw",122.0,3.2,0.4,0.0,0.0,0.0,0.0,2.0,1.3,2.5,16.0,39.0,250.0,0.07,0.08,0.0,123.0,0.78,21.0,12.0,0.0,0.0,0.0
350,"Brussels sprout, fresh, boiled, drained",156.0,4.0,0.3,0.0,0.0,0.0,0.0,2.2,2.2,4.7,30.0,15.0,336.0,0.075,0.141,0.62,38.0,0.89,18.0,63.0,0.0,0.0,0.0
351,"Brussels sprout, fresh, raw",150.0,3.8,0.3,0.0,0.0,0.0,0.0,2.1,2.1,4.5,30.0,15.0,380.0,0.09,0.15,0.7,61.0,0.9,18.0,110.0,0.0,0.0,0.0
352,"Buckwheat groats, cooked in water, no added salt",290.0,2.7,0.7,0.12,0.0,0.19,0.24,12.3,0.3,1.1,2.0,4.0,123.0,0.097,0.006,0.84,8.0,0.64,43.0,0.0,0.0,0.0,0.0
353,"Buckwheat groats, uncooked",1364.0,12.8,3.2,0.57,0.0,0.9,1.15,58.0,1.4,5.0,1.0,14.0,577.0,0.57,0.03,4.4,54.0,3.0,199.0,0.0,0.0,0.0,0.0
354,"Buffalo, riverine, cube roll, raw",650.0,23.9,6.6,3.7,239.2,0.51,2.05,0.0,0.0,0.0,56.0,6.0,297.0,0.04,0.2,5.97,8.0,2.3,24.0,0.0,0.0,46.0,0.0
355,"Buffalo, riverine, topside, raw",496.0,24.4,2.2,1.06,76.64,0.24,0.7,0.0,0.0,0.0,56.0,5.0,297.0,0.04,0.2,5.97,8.0,2.7,24.0,0.0,0.0,46.0,0.0
356,"Buffalo, swamp, cube roll, raw",507.0,24.4,2.5,1.04,87.09,0.38,0.86,0.0,0.0,0.0,45.0,3.0,297.0,0.04,0.2,5.97,8.0,2.4,24.0,0.0,0.0,42.0,0.0
357,"Buffalo, swamp, topside, raw",448.0,24.6,0.8,0.33,27.87,0.16,0.24,0.0,0.0,0.0,41.0,4.0,297.0,0.04,0.2,5.97,8.0,3.3,25.0,0.0,0.0,46.0,0.0
358,"Bulgur, soaked in water, no added fat or salt",664.0,5.4,0.9,0.13,0.0,0.41,0.1,28.3,0.4,7.3,2.0,12.0,169.0,0.46,0.0,3.2,14.0,1.6,55.0,0.0,0.0,0.0,0.0
359,"Bulgur, uncooked",1434.0,10.3,2.0,0.29,1.44,0.82,0.3,66.1,1.0,7.8,3.0,30.0,320.0,0.19,0.0,5.4,18.0,2.5,83.0,0.0,0.0,0.0,0.0
360,"Bun, sweet, hot cross bun, with dried fruit",1108.0,7.2,3.2,0.6,68.45,0.89,1.37,50.2,21.0,4.1,230.0,60.0,310.0,0.415,0.06,1.1,104.0,1.4,29.0,0.0,0.0,0.0,0.0
361,"Bun, sweet, with dried fruit, iced",1205.0,6.4,6.0,1.22,82.56,1.55,2.62,51.5,18.0,1.9,267.0,18.0,176.0,0.222,0.003,0.76,56.0,0.81,23.0,0.0,0.0,2.0,0.0
362,"Bun, sweet, with dried fruit, uniced",1202.0,7.6,6.0,1.67,61.74,1.38,2.54,49.4,16.9,3.4,282.0,45.0,183.0,0.689,0.04,1.28,175.0,2.36,30.0,0.0,0.0,2.0,0.0
364,"Butter, plain, no added salt",3036.0,1.1,81.3,56.3,1969.03,1.62,16.32,0.6,0.6,0.0,10.0,17.0,23.0,0.0,0.05,1.1,6.0,0.0,2.0,0.0,0.0,167.0,0.0
365,"Butter, plain, salted",3036.0,1.1,81.3,56.3,1968.65,1.62,16.32,0.6,0.6,0.0,776.0,17.0,23.0,0.0,0.05,1.1,6.0,0.0,2.0,0.0,0.0,167.0,0.0
366,"Cabbage, Chinese flowering, boiled, drained",74.0,1.4,0.3,0.0,0.0,0.0,0.0,0.9,0.8,2.9,13.0,69.0,301.0,0.008,0.094,0.71,266.0,1.68,12.0,26.0,0.0,0.0,0.0
367,"Cabbage, Chinese flowering, raw",71.0,1.3,0.3,0.0,0.0,0.0,0.0,0.9,0.8,2.8,13.0,70.0,340.0,0.01,0.1,0.8,425.0,1.7,12.0,46.0,0.0,0.0,0.0
368,"Cabbage, Chinese, boiled, drained",46.0,1.1,0.0,0.0,0.0,0.0,0.0,0.9,0.9,1.1,6.0,25.0,221.0,0.025,0.038,0.35,106.0,0.3,8.0,11.0,0.0,0.0,0.0
369,"Cabbage, Chinese, raw",44.0,1.1,0.0,0.0,0.0,0.0,0.0,0.9,0.9,1.1,6.0,25.0,250.0,0.03,0.04,0.4,170.0,0.3,8.0,20.0,0.0,0.0,0.0
370,"Cabbage, mustard, boiled, drained",80.0,2.4,0.3,0.0,0.0,0.0,0.0,0.7,0.7,1.9,3.0,135.0,469.0,0.056,0.089,0.59,246.0,0.73,11.0,88.0,0.0,0.0,0.0
371,"Cabbage, mustard, raw",77.0,2.3,0.3,0.0,0.0,0.0,0.0,0.7,0.7,1.8,3.0,130.0,450.0,0.06,0.09,0.6,278.0,0.7,11.0,100.0,0.0,0.0,0.0
372,"Cabbage, red, boiled, drained",127.0,2.3,0.3,0.0,0.0,0.0,0.0,2.8,2.8,3.5,16.0,35.0,398.0,0.075,0.122,0.44,36.0,0.59,14.0,40.0,0.0,0.0,0.0
373,"Cabbage, red, raw",122.0,2.2,0.3,0.0,0.0,0.0,0.0,2.7,2.7,3.4,16.0,35.0,450.0,0.09,0.13,0.5,57.0,0.6,14.0,69.0,0.0,0.0,0.0
374,"Cabbage, savoy, boiled, drained",93.0,1.8,0.1,0.0,0.0,0.0,0.0,2.4,2.4,2.4,23.0,38.0,301.0,0.042,0.047,0.35,26.0,0.59,14.0,26.0,0.0,0.0,0.0
375,"Cabbage, savoy, raw",90.0,1.7,0.1,0.0,0.0,0.0,0.0,2.3,2.3,2.3,23.0,39.0,340.0,0.05,0.05,0.4,42.0,0.6,14.0,46.0,0.0,0.0,0.0
376,"Cabbage, white, boiled, drained",94.0,1.4,0.1,0.0,0.0,0.0,0.0,2.9,2.9,2.4,13.0,32.0,236.0,0.042,0.038,0.35,26.0,0.46,13.0,26.0,0.0,0.0,0.0
377,"Cabbage, white, raw",91.0,1.3,0.1,0.0,0.0,0.0,0.0,2.8,2.8,2.4,14.0,32.0,266.0,0.05,0.04,0.4,42.0,0.46,14.0,45.0,0.0,0.0,0.0
378,"Cake mix, plain, dry powder",1603.0,4.8,8.2,4.3,117.59,0.81,2.74,73.5,42.5,1.4,670.0,61.0,81.0,0.09,0.0,1.0,0.0,0.78,13.0,0.0,0.0,1.0,0.0
379,"Cake, carrot, commercial, iced",1620.0,4.4,20.4,4.64,11.7,5.71,8.54,47.6,30.5,1.5,305.0,41.0,150.0,0.04,0.0,1.1,0.0,1.6,25.0,0.0,0.0,43.0,0.0
380,"Cake, carrot, homemade, iced",1437.0,3.9,14.9,8.11,269.82,2.42,3.1,49.4,37.7,1.8,307.0,32.0,173.0,0.053,0.057,0.35,20.0,0.67,18.0,0.0,0.0,74.0,0.0
381,"Cake, carrot, homemade, uniced",1428.0,4.8,15.9,8.23,270.83,2.96,3.32,45.2,31.2,2.2,357.0,39.0,215.0,0.066,0.069,0.4,25.0,0.84,22.0,1.0,0.0,87.0,0.0
382,"Cake, chocolate, homemade, iced",1554.0,6.6,17.8,11.57,373.46,0.64,3.92,46.4,27.0,2.6,361.0,54.0,410.0,0.057,0.099,0.6,19.0,2.78,56.0,0.0,11.0,96.0,0.0
383,"Cake, chocolate, homemade, uniced",1554.0,7.9,19.2,12.39,398.51,0.74,4.26,41.3,17.9,2.9,422.0,64.0,454.0,0.071,0.12,0.68,22.0,3.09,62.0,0.0,12.0,113.0,0.0
384,"Cake, fruit, homemade, uniced",1266.0,3.9,9.9,5.71,193.58,0.65,2.5,48.2,38.7,3.0,138.0,43.0,424.0,0.08,0.048,0.5,13.0,1.32,30.0,5.0,0.0,51.0,0.8
385,"Cake, lamington, unfilled",1233.0,4.7,9.4,6.93,35.52,0.52,1.36,48.0,31.5,2.4,218.0,6.0,200.0,0.0,0.02,0.5,10.0,1.6,26.0,0.0,3.0,31.0,0.0
386,"Cake, mud, dark chocolate, commercial, chocolate ganache icing",1415.0,5.1,13.8,4.01,22.52,2.93,6.26,48.7,33.1,2.6,290.0,39.0,217.0,0.096,0.06,0.16,22.0,1.57,31.0,0.0,7.0,24.0,0.0
387,"Cake, mud, dark chocolate, homemade, chocolate ganache icing",1919.0,5.2,33.8,21.39,587.02,1.11,8.67,35.5,28.3,0.6,256.0,40.0,264.0,0.041,0.162,0.81,29.0,2.29,54.0,0.0,24.0,152.0,0.0
388,"Cake, mud, dark chocolate, homemade, uniced",1897.0,5.6,34.3,21.87,588.03,1.12,8.52,32.5,25.5,0.5,308.0,36.0,242.0,0.041,0.171,0.77,30.0,2.04,45.0,0.0,19.0,183.0,0.0
389,"Cake, plain butter cake, commercial, iced",1555.0,5.0,16.1,2.85,200.46,3.56,8.34,52.7,36.7,1.4,420.0,4.0,77.0,0.05,0.08,0.7,10.0,0.5,10.0,0.0,0.0,54.0,0.0
390,"Cake, plain butter cake, commercial, uniced",1486.0,8.2,15.2,2.68,62.47,3.35,7.86,46.9,25.3,1.3,480.0,52.0,110.0,0.06,0.17,0.8,0.0,1.2,14.0,0.0,0.0,75.0,0.0
391,"Cake, plain butter cake, homemade, iced",1564.0,5.4,15.1,9.79,334.86,0.6,3.22,55.2,31.5,0.7,406.0,42.0,89.0,0.069,0.082,0.51,14.0,0.62,14.0,0.0,0.0,87.0,0.0
392,"Cake, plain butter cake, homemade, uniced",1587.0,6.7,16.1,10.34,352.13,0.69,3.47,52.5,23.5,0.9,481.0,52.0,110.0,0.086,0.1,0.6,17.0,0.78,17.0,0.0,0.0,103.0,0.0
393,"Cake, sponge, plain, commercial, uniced, filled with jam & cream",1524.0,6.7,12.2,5.47,290.46,1.95,3.73,58.0,37.6,1.2,278.0,54.0,114.0,0.114,0.162,0.55,28.0,0.66,13.0,0.0,0.0,130.0,0.0
394,"Cake, sponge, plain, commercial, uniced, unfilled",1370.0,7.5,8.2,2.54,30.36,2.06,2.92,56.5,32.5,1.2,320.0,52.0,110.0,0.13,0.17,0.6,21.0,0.72,13.0,0.0,0.0,134.0,0.0
395,"Camel, cube roll, raw",630.0,20.3,7.7,4.37,279.07,0.42,2.44,0.0,0.0,0.0,46.0,4.0,297.0,0.04,0.2,5.97,8.0,1.9,18.0,0.0,0.0,42.0,0.0
396,"Camel, rump, raw",475.0,21.4,3.0,1.31,104.51,0.37,1.03,0.0,0.0,0.0,52.0,4.0,297.0,0.04,0.2,5.97,8.0,2.2,21.0,0.0,0.0,47.0,0.0
397,"Camel, steak, as purchased, fried, no added fat",790.0,32.0,6.7,3.39,69.89,0.53,2.31,0.0,0.0,0.0,69.0,6.0,458.0,0.043,0.249,7.51,0.0,3.02,26.0,0.0,0.0,74.0,0.0
398,"Camel, steak, as purchased, raw",514.0,20.8,4.3,2.2,45.43,0.35,1.5,0.0,0.0,0.0,53.0,4.0,350.0,0.04,0.18,6.1,0.0,2.07,20.0,0.0,0.0,48.0,0.0
399,"Capers, pickled, canned, drained",126.0,2.4,0.9,0.27,0.0,0.35,0.07,1.7,0.4,3.2,2348.0,40.0,40.0,0.018,0.139,0.65,23.0,1.67,33.0,4.0,0.0,0.0,0.0
400,"Capsicum, green, fresh, fried, no added fat",76.0,1.0,0.0,0.0,0.0,0.0,0.0,2.8,2.8,1.7,1.0,7.0,211.0,0.03,0.021,0.0,46.0,0.26,11.0,208.0,0.0,0.0,0.0
401,"Capsicum, green, fresh, raw",69.0,0.9,0.0,0.0,0.0,0.0,0.0,2.5,2.5,1.5,1.0,6.0,190.0,0.03,0.02,0.0,52.0,0.23,10.0,220.0,0.0,0.0,0.0
402,"Capsicum, red, fresh, fried, no added fat",128.0,1.2,0.4,0.0,0.0,0.0,0.0,4.9,4.9,1.2,3.0,7.0,267.0,0.04,0.116,0.0,107.0,0.31,11.0,312.0,0.0,0.0,0.0
403,"Capsicum, red, fresh, raw",115.0,1.1,0.4,0.0,0.0,0.0,0.0,4.4,4.4,1.1,3.0,7.0,240.0,0.04,0.11,0.0,120.0,0.28,10.0,330.0,0.0,0.0,0.0
404,"Caramels, soft & hard",1620.0,2.5,11.4,8.65,675.79,0.23,1.42,74.5,54.6,1.5,250.0,67.0,120.0,0.0,0.11,0.0,1.0,0.3,11.0,0.0,0.0,14.0,0.0
405,"Cardamom seed, dried, ground",1236.0,10.8,6.7,2.2,0.0,1.39,2.81,34.4,4.4,28.0,18.0,383.0,1119.0,0.198,0.182,1.1,3.0,13.97,229.0,21.0,0.0,0.0,0.0
406,"Carrot, baby, baked, no added fat",146.0,0.8,0.1,0.0,0.0,0.0,0.0,6.0,6.0,3.6,55.0,46.0,228.0,0.039,0.031,0.52,23.0,0.54,12.0,6.0,0.0,0.0,0.0
407,"Carrot, baby, peeled, fresh, boiled, drained",144.0,0.8,0.1,0.0,0.0,0.0,0.0,5.9,5.9,3.5,52.0,43.0,203.0,0.034,0.029,0.48,19.0,0.51,11.0,5.0,0.0,0.0,0.0
408,"Carrot, baby, peeled, fresh, raw",134.0,0.7,0.1,0.0,0.0,0.0,0.0,5.5,5.5,3.3,51.0,42.0,210.0,0.04,0.03,0.5,27.0,0.5,11.0,7.0,0.0,0.0,0.0
409,"Carrot, mature, peeled, fresh, baked, no added fat",179.0,0.7,0.0,0.0,0.0,0.0,0.0,8.0,7.6,4.1,60.0,32.0,322.0,0.022,0.0,0.0,33.0,0.29,14.0,2.0,0.0,0.0,0.0
410,"Carrot, mature, peeled, fresh, boiled, drained",139.0,1.1,0.3,0.0,0.0,0.0,0.0,5.1,4.6,3.3,67.0,26.0,262.0,0.023,0.023,0.19,29.0,0.23,11.0,2.0,0.0,0.0,0.0
411,"Carrot, mature, peeled, fresh, raw",146.0,0.6,0.0,0.0,0.0,0.0,0.0,6.6,6.2,3.4,49.0,26.0,264.0,0.02,0.0,0.0,34.0,0.24,12.0,3.0,0.0,0.0,0.0
412,"Cassava, peeled, fresh, boiled, drained",632.0,1.2,0.3,0.0,0.0,0.0,0.0,32.7,1.3,5.0,2.0,20.0,261.0,0.138,0.019,0.58,19.0,0.82,11.0,28.0,0.0,0.0,0.0
413,"Cassava, peeled, fresh, raw",587.0,1.1,0.2,0.0,0.0,0.0,0.0,30.4,1.2,4.6,2.0,20.0,270.0,0.16,0.02,0.6,27.0,0.8,11.0,40.0,0.0,0.0,0.0
414,"Cassava, white flesh, peeled, fresh, boiled, drained",692.0,0.6,0.3,0.0,0.0,0.0,0.0,36.7,1.3,4.9,2.0,21.0,242.0,0.198,0.01,0.39,19.0,1.02,13.0,26.0,0.0,0.0,0.0
415,"Cassava, white flesh, peeled, fresh, raw",644.0,0.6,0.3,0.0,0.0,0.0,0.0,34.1,1.2,4.6,2.0,21.0,250.0,0.23,0.01,0.4,27.0,1.0,13.0,38.0,0.0,0.0,0.0
416,"Cassava, yellow flesh, peeled, fresh, boiled, drained",571.0,1.7,0.2,0.0,0.0,0.0,0.0,28.7,1.3,5.0,2.0,18.0,281.0,0.077,0.029,0.77,19.0,0.61,9.0,29.0,0.0,0.0,0.0
417,"Cassava, yellow flesh, peeled, fresh, raw",531.0,1.6,0.2,0.0,0.0,0.0,0.0,26.7,1.2,4.7,2.0,18.0,290.0,0.09,0.03,0.8,27.0,0.6,9.0,41.0,0.0,0.0,0.0
418,"Cauliflower, fresh, boiled, drained",106.0,2.0,0.2,0.0,0.0,0.0,0.0,3.4,2.9,1.2,40.0,18.0,227.0,0.033,0.047,0.0,38.0,0.32,15.0,20.0,0.0,0.0,0.0
419,"Cauliflower, fresh, raw",102.0,1.9,0.2,0.0,0.0,0.0,0.0,3.3,2.8,1.2,40.0,18.0,242.0,0.04,0.05,0.0,56.0,0.32,16.0,26.0,0.0,0.0,0.0
420,"Celeriac, peeled, boiled, drained",174.0,1.7,0.2,0.0,0.0,0.0,0.0,5.4,3.0,5.5,21.0,42.0,426.0,0.052,0.126,0.77,6.0,0.2,22.0,9.0,0.0,0.0,0.0
421,"Celeriac, peeled, raw",162.0,1.6,0.2,0.0,0.0,0.0,0.0,5.0,2.8,5.1,21.0,41.0,440.0,0.06,0.13,0.8,8.0,0.2,22.0,13.0,0.0,0.0,0.0
422,"Celery, fresh, fried, no added fat",77.0,0.7,0.1,0.0,0.0,0.0,0.0,2.7,1.5,1.8,119.0,54.0,326.0,0.033,0.023,0.46,13.0,0.3,12.0,5.0,0.0,0.0,0.0
423,"Celery, fresh, raw",63.0,0.6,0.1,0.0,0.0,0.0,0.0,2.2,1.2,1.4,98.0,44.0,267.0,0.03,0.02,0.4,13.0,0.25,10.0,5.0,0.0,0.0,0.0
424,"Cheese, blue vein",1582.0,20.9,32.4,20.71,949.74,0.92,9.04,0.0,0.0,0.0,1090.0,510.0,88.0,0.038,0.415,0.92,50.0,0.17,24.0,0.0,0.0,100.0,0.0
425,"Cheese, bocconcini",1032.0,16.6,20.2,14.45,190.89,0.48,3.84,0.0,0.0,0.0,210.0,320.0,13.0,0.0,0.17,0.0,23.0,0.0,10.0,0.0,0.0,60.0,0.0
426,"Cheese, brie",1508.0,18.6,31.5,20.48,922.79,0.95,8.16,0.0,0.0,0.0,580.0,460.0,100.0,0.0,0.36,0.0,50.0,0.12,20.0,0.0,0.0,93.0,0.0
428,"Cheese, camembert",1223.0,18.6,23.8,15.56,697.22,0.7,6.12,0.0,0.0,0.0,570.0,490.0,98.0,0.0,0.38,0.0,90.0,0.0,19.0,0.0,0.0,93.0,0.0
429,"Cheese, cheddar, natural, reduced fat (approximately 15%)",1166.0,34.4,15.3,9.87,320.98,0.67,3.6,0.0,0.0,0.0,560.0,995.0,110.0,0.075,0.415,0.26,52.0,0.18,35.0,0.0,0.0,45.0,0.0
430,"Cheese, cheddar, natural, reduced fat (approximately 25%)",1356.0,27.9,23.4,15.1,490.91,1.03,5.51,0.0,0.0,0.0,550.0,800.0,110.0,0.04,0.4,0.26,52.0,0.0,32.0,0.0,0.0,85.0,0.0
431,"Cheese, cheddar, natural, regular fat",1689.0,24.6,33.5,22.72,1258.04,1.25,7.24,0.3,0.3,0.0,686.0,760.0,73.0,0.012,0.335,1.15,26.0,0.12,27.0,1.0,0.0,102.0,0.0
432,"Cheese, cheddar, processed, reduced fat (approximately 15%), added vitamin D",1054.0,22.4,15.4,10.26,480.25,0.48,3.77,4.9,4.9,0.0,1171.0,886.0,170.0,0.02,0.46,2.8,20.0,0.31,23.0,2.0,0.0,50.0,0.0
433,"Cheese, cheddar, processed, regular fat",1254.0,18.2,23.9,16.04,45.11,0.62,5.54,1.9,1.5,0.0,1420.0,588.0,125.0,0.05,0.3,0.0,0.0,0.21,26.0,0.0,0.0,68.0,0.0
435,"Cheese, cottage",556.0,17.0,5.7,3.47,253.07,0.27,1.41,1.8,1.8,0.0,277.0,89.0,123.0,0.048,0.285,0.46,3.0,0.05,8.0,0.0,0.0,22.0,0.0
436,"Cheese, cream, plain",1420.0,8.5,34.2,22.07,1515.76,0.74,7.95,0.2,0.2,0.0,320.0,69.0,80.0,0.0,0.14,0.0,64.0,0.0,6.0,0.0,0.0,110.0,0.0
437,"Cheese, edam",1500.0,27.4,27.2,17.22,797.85,0.77,7.8,0.0,0.0,0.0,900.0,810.0,85.0,0.03,0.4,0.06,28.0,0.27,36.0,0.0,0.0,78.0,0.0
438,"Cheese, fetta (feta)",1136.0,16.6,22.3,14.16,547.91,0.72,5.42,0.4,0.4,0.0,1100.0,315.0,74.0,0.02,0.26,0.0,0.0,0.32,15.0,0.0,0.0,75.0,0.0
439,"Cheese, goat, firm",1502.0,18.6,31.3,20.73,591.57,0.83,7.22,0.8,0.8,0.0,538.0,334.0,116.0,0.02,0.17,0.0,51.0,0.05,26.0,0.0,0.0,134.0,0.0
440,"Cheese, goat, soft",1194.0,21.2,21.7,14.38,410.13,0.57,5.0,0.9,0.9,0.0,430.0,63.0,127.0,0.02,0.17,0.0,51.0,0.0,11.0,0.0,0.0,93.0,0.0
441,"Cheese, haloumi",1050.0,21.3,17.1,11.03,358.74,0.75,4.02,1.8,1.8,0.0,2900.0,620.0,77.0,0.06,0.4,0.2,40.0,0.2,18.0,0.0,0.0,53.0,0.0
443,"Cheese, mozzarella",1213.0,22.2,22.1,14.37,668.3,0.52,5.2,0.0,0.0,0.0,522.0,685.0,79.0,0.0,0.23,0.0,48.0,0.06,28.0,0.0,0.0,71.0,0.0
444,"Cheese, parmesan, dried, finely grated",1949.0,40.6,33.3,21.06,976.11,0.94,9.54,0.0,0.0,0.0,1300.0,970.0,80.0,0.1,0.54,0.21,52.0,0.46,42.0,0.0,0.0,88.0,0.0
445,"Cheese, parmesan, fresh, regular fat",1565.0,32.0,27.0,18.73,408.24,0.59,5.54,0.0,0.0,0.0,1000.0,948.0,78.0,0.02,0.46,0.0,61.0,0.17,41.0,0.0,0.0,90.0,0.0
446,"Cheese, ricotta",665.0,10.4,11.8,7.73,234.17,0.28,2.76,2.7,2.7,0.0,170.0,170.0,91.0,0.0,0.09,0.0,6.0,0.0,10.0,0.0,0.0,50.0,0.0
447,"Cheese, soy",996.0,3.8,23.4,3.08,430.56,13.04,5.25,3.9,0.7,0.0,407.0,30.0,199.0,0.0,0.14,0.5,22.0,2.35,228.0,0.0,0.0,0.0,0.0
448,"Cherry, black, canned in syrup",299.0,0.7,0.0,0.0,0.0,0.0,0.0,17.0,15.8,0.9,4.0,8.0,125.0,0.0,0.0,0.0,2.0,1.42,7.0,0.0,0.0,0.0,0.0
449,"Cherry, black, canned in syrup, drained",310.0,0.9,0.1,0.0,0.0,0.0,0.0,17.0,15.7,1.7,5.0,10.0,130.0,0.0,0.0,0.0,4.0,1.6,8.0,0.0,0.0,0.0,0.0
450,"Cherry, black, canned in syrup, syrup only",288.0,0.5,0.0,0.0,0.0,0.0,0.0,17.1,16.0,0.0,3.0,6.0,120.0,0.0,0.0,0.0,0.0,1.2,6.0,0.0,0.0,0.0,0.0
451,"Cherry, raw",250.0,0.8,0.2,0.0,0.0,0.0,0.0,12.9,10.9,1.5,0.0,22.0,230.0,0.032,0.025,0.5,4.0,0.28,8.0,19.0,0.0,0.0,0.0
452,"Chicken, barbecued, with skin",806.0,27.5,8.9,2.47,16.82,1.27,4.63,0.0,0.0,1.1,430.0,10.0,310.0,0.0,0.45,5.3,16.0,0.47,28.0,0.0,0.0,160.0,0.0
453,"Chicken, breast, lean flesh, baked, no added fat",637.0,29.0,3.9,1.25,17.32,0.57,1.86,0.0,0.0,0.0,46.0,9.0,320.0,0.05,0.11,11.0,3.0,0.5,30.0,0.0,0.0,84.0,0.0
454,"Chicken, breast, lean flesh, casseroled, no added fat",596.0,27.0,3.7,1.2,16.43,0.51,1.78,0.0,0.0,0.0,41.0,11.0,270.0,0.05,0.1,11.0,0.0,0.4,28.0,0.0,0.0,69.0,0.0
455,"Chicken, breast, lean flesh, fried, no added fat",663.0,34.5,1.8,0.55,6.62,0.34,0.73,0.7,0.7,0.0,55.0,5.0,445.0,0.11,0.07,16.73,2.0,0.37,38.0,0.0,0.0,86.0,0.0
456,"Chicken, breast, lean flesh, grilled, no added fat",598.0,29.8,2.5,0.82,10.95,0.31,1.19,0.0,0.0,0.0,43.0,5.0,375.0,0.11,0.03,6.9,54.0,0.4,30.0,0.0,0.0,98.0,0.0
457,"Chicken, breast, lean flesh, raw",412.0,22.5,0.8,0.25,3.78,0.16,0.31,0.0,0.0,0.0,48.0,4.0,390.0,0.12,0.04,11.0,0.0,0.26,31.0,0.0,0.0,68.0,0.0
458,"Chicken, breast, lean flesh, skin & fat, baked, no added fat",785.0,27.7,8.5,2.63,38.5,1.16,4.2,0.0,0.0,0.0,48.0,13.0,303.0,0.044,0.117,10.27,3.0,0.57,29.0,0.0,0.0,92.0,0.0
459,"Chicken, breast, lean flesh, skin & fat, casseroled, no added fat",701.0,26.0,7.0,2.16,32.91,0.94,3.47,0.0,0.0,0.0,41.0,11.0,258.0,0.046,0.103,10.34,0.0,0.44,27.0,0.0,0.0,77.0,0.0
460,"Chicken, breast, lean flesh, skin & fat, raw",666.0,20.2,8.7,2.66,33.61,1.18,4.31,0.0,0.0,0.0,46.0,6.0,338.0,0.098,0.051,9.38,0.0,0.34,27.0,0.0,0.0,72.0,0.0
461,"Chicken, drumstick, lean flesh, baked, no added fat",830.0,29.9,8.5,2.54,48.2,1.16,4.28,0.4,0.4,0.0,120.0,24.0,300.0,0.1,0.19,9.39,23.0,1.6,26.0,0.0,0.0,160.0,0.0
462,"Chicken, drumstick, lean flesh, casseroled, no added fat",730.0,28.6,6.6,2.15,37.42,0.94,3.12,0.0,0.0,0.0,74.0,17.0,220.0,0.19,0.31,4.0,0.0,0.9,23.0,0.0,0.0,130.0,0.0
463,"Chicken, drumstick, lean flesh, raw",492.0,18.5,4.8,1.4,21.32,0.83,2.29,0.0,0.0,0.0,71.0,10.0,260.0,0.14,0.13,5.0,0.0,0.6,22.0,0.0,0.0,84.0,0.0
464,"Chicken, drumstick, lean flesh, skin & fat, baked, no added fat",979.0,28.5,13.2,3.98,71.65,1.77,6.68,0.3,0.3,0.0,113.0,28.0,285.0,0.085,0.188,8.81,20.0,1.53,25.0,0.0,0.0,161.0,0.0
465,"Chicken, drumstick, lean flesh, skin & fat, casseroled, no added fat",873.0,26.9,11.2,3.5,60.2,1.56,5.52,0.0,0.0,0.0,70.0,16.0,208.0,0.164,0.286,3.95,0.0,0.89,22.0,0.0,0.0,134.0,0.0
466,"Chicken, drumstick, lean flesh, skin & fat, raw",645.0,17.6,9.3,2.8,44.32,1.4,4.6,0.0,0.0,0.0,67.0,10.0,240.0,0.121,0.126,4.59,0.0,0.61,20.0,0.0,0.0,86.0,0.0
467,"Chicken, liver, fried, added butter",744.0,20.2,10.8,5.11,189.09,0.93,2.29,0.0,0.0,0.0,115.0,6.0,234.0,0.254,1.903,9.31,1464.0,11.06,19.0,17.0,0.0,420.0,0.0
468,"Chicken, liver, raw",466.0,16.9,4.8,1.34,55.62,0.7,1.07,0.0,0.0,0.0,66.0,4.0,230.0,0.305,1.778,9.73,1450.0,9.8,19.0,18.0,0.0,345.0,0.0
469,"Chicken, mince, fried, no added fat",532.0,28.1,1.4,0.41,13.68,0.26,0.64,0.0,0.0,0.0,52.0,6.0,379.0,0.147,0.083,9.89,0.0,0.46,28.0,0.0,0.0,108.0,0.0
470,"Chicken, mince, raw",404.0,21.4,1.1,0.31,10.4,0.2,0.48,0.0,0.0,0.0,49.0,4.0,360.0,0.16,0.07,9.4,0.0,0.39,28.0,0.0,0.0,82.0,0.0
471,"Chicken, nugget, purchased from fast food chain, grilled",818.0,14.8,5.9,1.19,49.27,1.43,2.94,19.9,0.9,1.3,434.0,13.0,180.0,0.08,0.09,7.1,7.0,0.74,20.0,0.0,0.0,41.0,0.0
472,"Chicken, nugget, purchased from independent takeaway & fast food chain, fried, undefined oil",1104.0,13.1,15.8,5.64,205.17,3.13,6.03,16.8,0.0,1.1,740.0,13.0,180.0,0.08,0.09,7.1,7.0,0.74,20.0,0.0,0.0,41.0,0.0
473,"Chicken, nugget, purchased frozen, baked, no added fat",1172.0,12.8,17.6,4.97,49.9,5.59,5.95,17.3,0.8,1.1,920.0,13.0,180.0,0.08,0.09,7.1,7.0,0.74,20.0,0.0,0.0,41.0,0.0
474,"Chicken, processed luncheon meat, low or reduced fat",483.0,20.0,1.2,0.39,7.09,0.21,0.58,4.4,0.2,0.2,760.0,8.0,350.0,0.015,0.065,6.7,57.0,0.39,22.0,0.0,0.0,82.0,0.0
475,"Chicken, schnitzel, baked without fat",868.0,16.5,9.6,1.3,87.11,2.75,4.59,13.1,2.1,1.7,529.0,8.0,332.0,0.13,0.048,5.52,12.0,0.5,25.0,0.0,0.0,39.0,0.0
476,"Chicken, separable fat, composite, cooked, no added fat",2036.0,4.3,53.0,16.13,100.21,6.81,26.86,0.0,0.0,0.0,13.0,6.0,32.0,0.0,0.081,1.02,0.0,0.54,3.0,0.0,0.0,66.0,0.0
477,"Chicken, separable fat, composite, raw",2392.0,5.1,62.3,18.96,117.75,8.01,31.56,0.0,0.0,0.0,22.0,9.0,63.0,0.0,0.1,2.0,0.0,0.7,5.0,0.0,0.0,78.0,0.0
478,"Chicken, skin, composite, baked, no added fat",1818.0,22.3,38.9,11.84,220.56,5.15,19.78,0.0,0.0,0.0,78.0,54.0,220.0,0.0,0.19,6.0,0.0,1.2,25.0,0.0,0.0,180.0,0.0
479,"Chicken, skin, composite, casseroled, no added fat",1742.0,18.0,38.8,11.44,220.0,5.24,19.84,0.0,0.0,0.0,51.0,13.0,150.0,0.0,0.14,4.0,0.0,0.9,17.0,0.0,0.0,170.0,0.0
480,"Chicken, skin, composite, raw",1515.0,12.7,35.1,10.75,199.02,4.61,17.65,0.0,0.0,0.0,43.0,13.0,120.0,0.0,0.1,2.0,0.0,0.7,8.0,0.0,0.0,100.0,0.0
481,"Chicken, thigh, lean flesh, baked, no added fat",733.0,24.2,8.7,2.69,49.33,1.22,4.3,0.0,0.0,0.0,76.0,18.0,290.0,0.06,0.33,6.0,0.0,0.9,26.0,0.0,0.0,120.0,0.0
482,"Chicken, thigh, lean flesh, casseroled, no added fat",810.0,26.3,9.8,3.05,55.57,1.35,4.86,0.0,0.0,0.0,62.0,15.0,230.0,0.08,0.22,5.0,0.0,0.9,22.0,0.0,0.0,100.0,0.0
483,"Chicken, thigh, lean flesh, fried, no added fat",662.0,27.6,5.2,1.7,14.74,0.84,2.19,0.0,0.0,0.0,84.0,8.0,440.0,0.12,0.08,7.0,26.0,0.82,35.0,0.0,0.0,150.0,0.0
484,"Chicken, thigh, lean flesh, raw",436.0,19.1,3.0,0.86,8.5,0.52,1.34,0.0,0.0,0.0,64.0,6.0,320.0,0.12,0.12,5.0,32.0,0.56,24.0,0.0,0.0,88.0,0.0
485,"Chicken, thigh, lean flesh, skin & fat, baked, no added fat",947.0,23.0,15.0,4.6,75.79,2.03,7.53,0.0,0.0,0.0,73.0,22.0,268.0,0.049,0.299,5.77,0.0,0.92,25.0,0.0,0.0,126.0,0.0
486,"Chicken, thigh, lean flesh, skin & fat, casseroled, no added fat",1004.0,24.1,16.1,4.89,82.09,2.18,8.09,0.0,0.0,0.0,58.0,14.0,209.0,0.064,0.202,4.67,0.0,0.88,20.0,0.0,0.0,109.0,0.0
487,"Chicken, thigh, lean flesh, skin & fat, raw",898.0,16.0,16.9,5.12,55.39,2.28,8.42,0.0,0.0,0.0,54.0,7.0,250.0,0.083,0.114,4.07,22.0,0.6,19.0,0.0,0.0,88.0,0.0
488,"Chicken, wing, lean flesh, baked, no added fat",810.0,30.9,7.7,2.35,43.66,1.06,3.86,0.0,0.0,0.0,84.0,13.0,270.0,0.0,0.17,9.0,0.0,0.7,24.0,0.0,0.0,160.0,0.0
489,"Chicken, wing, lean flesh, casseroled, no added fat",800.0,27.9,8.8,2.74,49.9,1.13,4.42,0.0,0.0,0.0,70.0,13.0,200.0,0.06,0.25,6.0,0.0,0.7,20.0,0.0,0.0,130.0,0.0
490,"Chicken, wing, lean flesh, raw",470.0,18.7,4.1,1.24,23.25,0.65,1.98,0.0,0.0,0.0,66.0,13.0,230.0,0.06,0.13,8.0,0.0,0.4,22.0,0.0,0.0,79.0,0.0
491,"Chicken, wing, lean flesh, skin & fat, baked, no added fat",1100.0,28.1,16.8,5.12,91.46,2.25,8.5,0.0,0.0,0.0,81.0,24.0,252.0,0.0,0.174,8.06,0.0,0.83,24.0,0.0,0.0,164.0,0.0
492,"Chicken, wing, lean flesh, skin & fat, casseroled, no added fat",1067.0,24.9,17.4,5.25,94.73,2.3,8.84,0.0,0.0,0.0,64.0,13.0,184.0,0.043,0.218,5.38,0.0,0.75,19.0,0.0,0.0,139.0,0.0
493,"Chicken, wing, lean flesh, skin & fat, raw",917.0,16.1,17.4,5.32,94.58,2.35,8.7,0.0,0.0,0.0,56.0,13.0,184.0,0.035,0.118,5.52,0.0,0.52,16.0,0.0,0.0,87.0,0.0
494,"Chickpea, canned, drained",474.0,6.3,2.1,0.21,0.0,0.97,0.49,13.3,0.6,5.7,250.0,45.0,140.0,0.0,0.0,0.5,63.0,1.8,27.0,0.0,0.0,0.0,0.0
495,"Chickpea, dried",1373.0,19.7,5.5,0.56,0.0,2.55,1.04,38.5,2.2,20.8,11.0,159.0,396.0,0.57,0.02,1.3,178.0,4.6,134.0,3.0,0.0,0.0,0.0
496,"Chickpea, dried, boiled, drained",499.0,7.2,2.0,0.2,0.0,0.93,0.38,14.0,0.8,7.6,4.0,58.0,144.0,0.207,0.007,0.47,65.0,1.67,49.0,1.0,0.0,0.0,0.0
497,"Chicory, boiled, drained",78.0,2.1,0.2,0.0,0.0,0.0,0.0,0.9,0.8,2.1,40.0,34.0,233.0,0.028,0.095,0.5,84.0,1.9,13.0,10.0,0.0,0.0,0.0
498,"Chicory, raw",67.0,1.8,0.2,0.0,0.0,0.0,0.0,0.8,0.7,1.8,36.0,30.0,220.0,0.03,0.09,0.5,110.0,1.7,12.0,12.0,0.0,0.0,0.0
499,"Chilli (chili), dried, ground",1280.0,13.4,14.3,2.06,0.0,6.69,2.68,14.9,7.2,34.8,2867.0,330.0,1950.0,0.25,0.94,11.6,28.0,17.3,149.0,1.0,0.0,0.0,0.0
500,"Chilli (chili), green, fried, no added fat",201.0,3.1,0.3,0.0,0.0,0.0,0.0,1.1,1.1,14.3,4.0,13.0,311.0,0.07,0.084,1.48,20.0,1.78,12.0,121.0,0.0,0.0,0.0
501,"Chilli (chili), green, raw",181.0,2.8,0.3,0.0,0.0,0.0,0.0,1.0,1.0,12.9,4.0,12.0,280.0,0.07,0.08,1.4,23.0,1.6,11.0,128.0,0.0,0.0,0.0
502,"Chilli (chili), red, fried, no added fat",222.0,1.6,0.4,0.0,0.0,0.0,0.0,4.7,4.7,11.8,3.0,18.0,333.0,0.1,0.179,3.69,46.0,1.22,31.0,190.0,0.0,0.0,0.0
503,"Chilli (chili), red, raw",200.0,1.4,0.4,0.0,0.0,0.0,0.0,4.2,4.2,10.6,3.0,16.0,300.0,0.1,0.17,3.5,52.0,1.1,28.0,201.0,0.0,0.0,0.0
504,"Chives, raw",120.0,1.5,0.3,0.0,0.0,0.0,0.0,2.6,2.6,4.7,7.0,90.0,210.0,0.06,0.21,0.7,105.0,2.8,12.0,29.0,0.0,0.0,0.0
505,"Chocolate, compound, cooking",2140.0,4.0,30.3,27.72,156.42,0.29,0.96,57.0,55.3,4.6,45.0,78.0,650.0,0.0,0.16,0.4,36.0,2.0,87.0,0.0,27.0,3.0,0.0
506,"Chocolate, dark, high cocoa solids",2202.0,3.9,30.1,18.22,156.41,0.96,9.46,62.6,52.0,1.2,55.0,52.0,440.0,0.05,0.13,1.3,13.0,4.4,120.0,0.0,59.0,0.0,0.0
507,"Chocolate, dark, no added sugar",2118.0,6.9,38.3,23.07,0.0,1.46,11.75,32.1,0.5,9.9,3.0,51.0,560.0,0.0,0.07,0.0,25.0,15.0,150.0,0.0,57.0,2.0,0.0
508,"Chocolate, milk",2178.0,7.6,30.5,18.76,158.46,0.83,9.4,56.0,54.6,2.3,68.0,252.0,425.0,0.05,0.325,0.26,36.0,1.42,49.0,5.0,20.0,21.0,0.0
510,"Chocolate, milk, fondant or caramel filled",2002.0,6.0,24.7,15.23,127.51,0.97,7.41,61.4,53.6,2.0,79.0,170.0,320.0,0.06,0.4,0.48,36.0,1.3,41.0,0.0,16.0,15.0,0.0
511,"Chocolate, milk, with dried fruit & nuts",2080.0,7.8,27.9,15.1,125.79,1.62,9.73,55.3,53.3,2.9,62.0,218.0,524.0,0.071,0.258,0.46,32.0,1.7,64.0,4.0,16.0,16.0,0.0
512,"Chocolate, milk, with nuts",2325.0,9.9,39.5,13.98,117.15,2.92,20.7,40.7,39.6,4.7,48.0,208.0,505.0,0.145,0.275,0.9,56.0,1.97,85.0,3.0,14.0,15.0,0.0
513,"Chocolate, white",2273.0,7.1,34.5,21.4,178.21,1.08,9.9,54.6,54.6,0.2,78.0,230.0,310.0,0.11,0.6,0.5,7.0,0.0,25.0,0.0,5.0,20.0,0.0
514,"Choko, peeled, fresh, boiled, drained",103.0,0.6,0.2,0.0,0.0,0.0,0.0,4.3,3.7,1.7,9.0,19.0,94.0,0.019,0.021,0.54,72.0,0.34,12.0,11.0,0.0,0.0,0.0
515,"Choko, peeled, fresh, raw",87.0,0.5,0.2,0.0,0.0,0.0,0.0,3.6,3.1,1.4,8.0,17.0,88.0,0.02,0.02,0.5,93.0,0.3,11.0,14.0,0.0,0.0,0.0
516,"Chutney or relish, commercial",752.0,0.5,0.3,0.0,0.0,0.0,0.0,43.1,41.5,2.2,690.0,25.0,210.0,0.0,0.0,0.7,11.0,0.9,13.0,0.0,0.0,0.0,0.0
517,"Cider, apple (alcohol approximately 4-5% v/v)",209.0,0.0,0.0,0.0,0.0,0.0,0.0,5.6,5.6,0.0,3.0,3.0,56.0,0.0,0.0,0.0,0.0,0.02,2.0,2.0,0.0,0.0,3.9
518,"Cinnamon, dried, ground",1004.0,4.0,1.2,0.62,0.0,0.12,0.44,27.5,2.2,53.1,10.0,1002.0,431.0,0.022,0.041,1.33,6.0,8.32,60.0,4.0,0.0,0.0,0.0
519,"Cloves, dried, ground",1389.0,6.0,13.0,5.49,0.0,5.03,1.93,31.6,2.4,33.9,277.0,632.0,1020.0,0.216,0.22,1.56,25.0,11.83,259.0,0.0,0.0,0.0,0.0
520,"Cocoa powder",1335.0,22.1,15.2,9.17,0.0,0.49,4.71,10.5,1.5,27.7,81.0,170.0,4400.0,0.0,0.1,1.7,62.0,30.0,590.0,0.0,150.0,0.0,0.0
521,"Coconut beverage, added Ca",106.0,0.2,1.7,1.48,0.0,0.03,0.08,2.4,1.0,0.0,17.0,90.0,25.0,0.0,0.0,0.0,19.0,0.0,4.0,0.0,0.0,0.0,0.0
522,"Coconut beverage, unfortified",106.0,0.2,1.7,1.48,0.0,0.03,0.08,2.4,1.0,0.0,47.0,1.0,30.0,0.0,0.0,0.0,19.0,0.0,4.0,0.0,0.0,0.0,0.0
523,"Coconut, cream, regular fat",908.0,1.6,23.2,18.82,0.0,0.5,2.36,1.4,1.4,0.0,16.0,2.0,130.0,0.0,0.0,0.0,0.0,0.51,20.0,0.0,0.0,0.0,0.0
524,"Coconut, fresh, mature fruit, flesh",1396.0,3.8,32.8,28.95,0.0,0.28,1.64,3.3,2.9,8.1,5.0,7.0,270.0,0.01,0.01,0.6,26.0,0.4,15.0,2.0,0.0,0.0,0.0
525,"Coconut, fresh, mature, water or juice",87.0,0.5,0.1,0.09,0.0,0.0,0.0,4.7,4.7,0.0,17.0,17.0,200.0,0.02,0.01,0.08,3.0,0.6,11.0,0.0,0.0,0.0,0.0
526,"Coconut, fresh, young or immature, flesh",353.0,1.6,5.6,4.94,0.0,0.05,0.28,7.0,4.0,0.5,6.0,18.0,138.0,0.01,0.01,0.54,26.0,0.6,18.0,3.0,0.0,0.0,0.0
527,"Coconut, fresh, young or immature, water or juice",109.0,0.2,0.0,0.0,0.0,0.0,0.0,6.6,6.6,0.0,5.0,12.0,186.0,0.01,0.02,0.08,3.0,0.4,11.0,0.0,0.0,0.0,0.0
528,"Coconut, grated & desiccated",2777.0,6.9,65.4,57.72,0.0,0.55,3.26,7.3,6.6,15.4,15.0,12.0,574.0,0.002,0.0,1.3,9.0,1.7,72.0,0.0,0.0,0.0,0.0
529,"Coconut, milk, canned, reduced fat",288.0,0.6,7.1,6.39,0.0,0.05,0.25,0.9,0.9,0.0,15.0,5.0,61.0,0.0,0.0,0.1,0.0,0.2,6.0,0.0,0.0,0.0,0.0
530,"Coconut, milk, canned, regular fat",620.0,1.4,15.4,12.49,0.0,0.33,1.57,1.7,1.7,0.0,26.0,3.0,160.0,0.0,0.0,0.0,0.0,0.66,26.0,0.0,0.0,0.0,0.0
531,"Cod or hake, smoked, steamed",396.0,20.1,1.5,0.36,20.9,0.34,0.35,0.0,0.0,0.0,548.0,20.0,252.0,0.07,0.08,0.9,0.0,0.2,27.0,1.0,0.0,59.0,0.0
532,"Cod, smoked, raw",356.0,18.8,1.0,0.25,13.93,0.2,0.25,0.0,0.0,0.0,655.0,20.0,300.0,0.08,0.2,1.1,0.0,0.2,27.0,2.0,0.0,49.0,0.0
533,"Coffee mix, with beverage whitener & sugar, dry powder",1645.0,13.1,12.7,11.9,0.0,0.05,0.14,56.1,38.3,3.6,380.0,340.0,1300.0,0.0,0.77,4.8,6.0,0.69,73.0,3.0,500.0,8.0,0.0
534,"Coffee, black, from instant coffee powder",5.0,0.2,0.0,0.0,0.03,0.0,0.0,0.0,0.0,0.2,3.0,3.0,31.0,0.0,0.0,0.22,0.0,0.03,4.0,0.0,31.0,0.0,0.0
535,"Coffee, black, from instant coffee powder, decaffeinated",5.0,0.2,0.0,0.0,0.03,0.0,0.0,0.0,0.0,0.2,3.0,3.0,31.0,0.0,0.0,0.22,0.0,0.03,4.0,0.0,1.0,0.0,0.0
536,"Coffee, espresso, from ground coffee beans",40.0,1.7,0.3,0.11,3.84,0.09,0.03,0.0,0.0,0.0,2.0,11.0,520.0,0.0,0.0,5.3,0.0,0.0,37.0,0.0,290.0,0.0,0.0
537,"Coffee, flat white/latte/cappuccino, from ground coffee beans, with regular fat cows milk",195.0,2.8,2.5,1.72,42.52,0.09,0.49,3.4,3.4,0.0,29.0,95.0,220.0,0.0,0.11,0.0,0.0,0.0,16.0,0.0,68.0,9.0,0.0
538,"Coffee, instant, dry powder or granules",588.0,18.0,0.3,0.11,3.84,0.09,0.03,3.6,3.4,20.6,61.0,150.0,3500.0,0.0,0.06,25.0,0.0,2.8,320.0,0.0,3488.0,0.0,0.0
539,"Coffee, instant, dry powder or granules, decaffeinated",522.0,18.0,0.3,0.11,3.84,0.09,0.03,2.5,2.3,20.6,61.0,150.0,3500.0,0.0,0.06,25.0,0.0,2.8,320.0,0.0,160.0,0.0,0.0
540,"Coffee, long black, from ground coffee beans",8.0,0.3,0.1,0.02,0.77,0.02,0.0,0.0,0.0,0.0,3.0,3.0,104.0,0.0,0.0,1.06,0.0,0.0,8.0,0.0,58.0,0.0,0.0
541,"Coffee, prepared from coffee mix with sugar & whitener, no added milk",82.0,0.6,0.6,0.59,0.0,0.0,0.01,2.8,1.9,0.2,22.0,18.0,65.0,0.0,0.038,0.24,0.0,0.04,5.0,0.0,25.0,0.0,0.0
542,"Cone, wafer style, for ice cream",1474.0,7.9,2.3,0.41,13.56,0.9,0.23,72.3,0.3,3.2,327.0,26.0,137.0,0.02,0.02,2.1,5.0,2.2,26.0,0.0,0.0,0.0,0.0
543,"Confectionery, almond, chocolate-coated",2209.0,9.4,33.5,16.51,134.69,2.63,12.59,48.4,47.2,3.6,58.0,254.0,481.0,0.071,0.287,0.87,36.0,1.77,82.0,4.0,17.0,18.0,0.0
544,"Confectionery, chocolate centre, sugar-coated",2032.0,4.8,18.8,8.86,97.1,0.62,5.59,76.7,64.9,1.8,55.0,110.0,290.0,0.07,0.3,0.35,36.0,1.3,45.0,0.0,16.0,8.0,0.0
545,"Confectionery, dried fruit & nuts, chocolate-coated",2083.0,9.7,29.5,11.45,106.07,1.76,14.71,49.4,46.8,3.8,36.0,161.0,604.0,0.121,0.194,3.14,36.0,1.63,71.0,2.0,10.0,10.0,0.0
546,"Confectionery, peanut, chocolate-coated",2334.0,13.3,37.7,15.43,161.67,1.99,18.39,41.9,37.6,4.3,174.0,183.0,508.0,0.152,0.266,6.29,55.0,1.75,94.0,3.0,13.0,14.0,0.0
547,"Confectionery, sultana, chocolate-coated",1913.0,6.1,21.4,13.13,110.92,0.58,6.58,61.7,60.2,2.6,50.0,192.0,584.0,0.059,0.228,0.18,27.0,1.55,45.0,3.0,14.0,15.0,0.0
548,"Cordial base, 25% citrus fruit juice, regular",606.0,0.0,0.0,0.0,0.0,0.0,0.0,37.3,37.3,0.0,12.0,3.0,15.0,0.0,0.0,1.7,10.0,0.0,1.0,4.0,0.0,0.0,0.0
549,"Cordial base, 40% citrus fruit juice, regular",659.0,0.2,0.0,0.0,0.0,0.0,0.0,40.2,40.2,0.0,43.0,4.0,32.0,0.0,0.0,1.7,10.0,0.1,2.0,8.0,0.0,0.0,0.0
551,"Cordial base, blackcurrant juice, regular",731.0,0.1,0.0,0.0,0.0,0.0,0.0,45.0,45.0,0.0,0.0,6.0,54.0,0.0,0.0,0.16,1.0,0.33,3.0,74.0,0.0,0.0,0.0
552,"Cordial, 25% citrus fruit juice, regular, recommended dilution",142.0,0.0,0.0,0.0,0.0,0.0,0.0,8.7,8.7,0.0,5.0,2.0,4.0,0.0,0.0,0.4,2.0,0.0,1.0,1.0,0.0,0.0,0.0
553,"Cordial, 40% citrus fruit juice, regular, recommended dilution",154.0,0.0,0.0,0.0,0.0,0.0,0.0,9.4,9.4,0.0,12.0,2.0,8.0,0.0,0.0,0.4,2.0,0.03,1.0,2.0,0.0,0.0,0.0
554,"Cordial, blackcurrant juice, regular, recommended dilution",151.0,0.0,0.0,0.0,0.0,0.0,0.0,9.3,9.3,0.0,2.0,2.0,11.0,0.0,0.0,0.03,0.0,0.07,1.0,15.0,0.0,0.0,0.0
555,"Coriander seed, dried, ground",1344.0,12.4,17.8,1.03,0.0,1.82,14.14,8.4,2.4,41.9,35.0,709.0,1267.0,0.239,0.29,2.13,0.0,16.32,330.0,21.0,0.0,0.0,0.0
556,"Coriander, fresh, raw",132.0,3.1,0.6,0.02,0.0,0.05,0.37,1.9,1.2,3.2,45.0,86.0,540.0,0.095,0.185,0.2,126.0,4.5,30.0,30.0,0.0,0.0,0.0
557,"Corn chips, plain, toasted, salted",2053.0,7.5,25.0,5.81,167.3,6.24,11.54,56.0,0.6,5.2,420.0,130.0,170.0,0.08,0.03,0.0,20.0,1.3,92.0,0.0,0.0,0.0,0.0
558,"Corn, fresh on cob, boiled, drained",381.0,3.8,1.9,0.5,0.0,1.03,0.07,13.0,5.6,4.0,19.0,16.0,234.0,0.042,0.047,0.97,11.0,1.19,12.0,2.0,0.0,0.0,0.0
559,"Corn, fresh on cob, raw",366.0,3.6,1.8,0.48,0.0,0.99,0.07,12.5,5.4,3.8,19.0,16.0,250.0,0.05,0.05,1.1,16.0,1.2,12.0,3.0,0.0,0.0,0.0
560,"Corn, kernels, canned in brine, drained",391.0,2.9,1.0,0.25,0.0,0.52,0.04,16.8,3.5,2.7,170.0,2.0,124.0,0.0,0.03,1.2,45.0,0.42,17.0,3.0,0.0,0.0,0.0
561,"Corn, kernels, purchased frozen, boiled, drained",452.0,3.1,0.9,0.24,0.0,0.49,0.03,19.9,2.6,3.5,8.0,5.0,210.0,0.06,0.06,1.6,31.0,0.6,27.0,5.0,0.0,0.0,0.0
562,"Corn, kernels, purchased frozen, raw",390.0,3.0,0.9,0.24,0.0,0.49,0.03,16.8,3.0,2.5,5.0,3.0,202.0,0.08,0.0,1.5,45.0,0.4,24.0,4.0,0.0,0.0,0.0
564,"Cornmeal (polenta), boiled, no added fat or salt",452.0,2.7,0.5,0.07,0.0,0.26,0.11,22.3,0.2,1.0,2.0,2.0,42.0,0.02,0.008,0.0,0.0,0.18,12.0,0.0,0.0,0.0,0.0
565,"Cornmeal (polenta), uncooked",1421.0,8.5,1.7,0.23,0.0,0.81,0.33,70.0,0.7,3.0,0.0,2.0,130.0,0.08,0.03,0.0,0.0,0.54,34.0,0.0,0.0,0.0,0.0
566,"Couscous, boiled, no added fat or salt",677.0,6.1,0.1,0.01,3.16,0.03,0.02,32.7,1.5,1.9,3.0,13.0,111.0,0.06,0.0,1.28,9.0,0.85,23.0,0.0,0.0,0.0,0.0
567,"Couscous, uncooked",1523.0,13.8,0.2,0.03,7.1,0.06,0.03,73.6,3.4,4.2,2.0,27.0,250.0,0.17,0.0,3.2,28.0,1.9,51.0,0.0,0.0,0.0,0.0
568,"Crab, flesh, purchased steamed or boiled",370.0,20.2,0.7,0.14,10.12,0.19,0.09,0.0,0.0,0.0,420.0,120.0,280.0,0.023,0.11,2.75,13.0,2.72,33.0,1.0,0.0,97.0,0.0
569,"Cranberry, dried, sweetened",1330.0,0.2,1.1,0.29,0.0,0.4,0.17,77.5,72.6,5.3,5.0,9.0,49.0,0.013,0.028,0.55,0.0,0.39,4.0,0.0,0.0,0.0,0.0
570,"Cranberry, raw",131.0,0.5,0.1,0.01,0.0,0.07,0.02,4.3,4.3,3.6,2.0,8.0,80.0,0.012,0.02,0.1,1.0,0.23,6.0,14.0,0.0,0.0,0.0
571,"Cream of tartar, dry powder",2.0,0.0,0.0,0.0,0.0,0.0,0.0,0.0,0.0,0.2,52.0,8.0,16500.0,0.0,0.0,0.0,0.0,3.72,2.0,0.0,0.0,0.0,0.0
572,"Cream, imitation (non-dairy)",1108.0,1.0,21.8,19.34,308.03,0.08,1.09,17.7,16.3,0.0,57.0,17.0,24.0,0.0,0.0,0.0,0.0,0.0,2.0,0.0,0.0,0.0,0.0
573,"Cream, sour, light (approximately 18% fat)",868.0,3.6,19.7,12.73,744.66,0.43,4.71,4.5,4.5,0.0,19.0,80.0,74.0,0.0,0.11,0.0,57.0,0.0,5.0,0.0,0.0,91.0,0.0
574,"Cream, sour, regular fat",1414.0,1.9,36.3,23.46,1372.14,0.79,8.68,2.0,2.0,0.0,19.0,50.0,74.0,0.0,0.11,0.0,57.0,0.0,5.0,0.0,0.0,91.0,0.0
575,"Cream, thickened, regular fat (approximately 35%)",1409.0,2.0,36.1,23.28,1862.65,1.36,8.7,2.4,2.4,0.0,27.0,60.0,84.0,0.02,0.12,0.0,64.0,0.0,6.0,0.0,0.0,110.0,0.0
577,"Crocodile, back leg, raw",455.0,22.0,2.2,0.64,9.47,0.55,0.82,0.0,0.0,0.0,70.0,6.0,370.0,0.07,0.05,7.9,8.0,0.3,20.0,0.0,0.0,68.0,0.0
578,"Crocodile, steak, as purchased, fried, no added fat",677.0,34.4,2.5,0.64,9.16,0.58,0.97,0.0,0.0,0.0,88.0,10.0,583.0,0.0,0.032,6.33,0.0,0.65,37.0,0.0,0.0,130.0,0.0
579,"Crocodile, steak, as purchased, raw",406.0,20.6,1.5,0.38,5.5,0.35,0.58,0.0,0.0,0.0,53.0,6.0,350.0,0.0,0.02,3.8,0.0,0.39,22.0,0.0,0.0,78.0,0.0
580,"Crocodile, tail fillet, raw",442.0,22.5,1.6,0.47,6.89,0.36,0.64,0.0,0.0,0.0,51.0,6.0,370.0,0.07,0.05,7.9,8.0,0.0,22.0,0.0,0.0,72.0,0.0
581,"Croissant, plain",1505.0,10.0,19.1,12.0,919.72,0.84,4.35,35.6,5.1,2.7,462.0,40.0,130.0,0.11,0.09,0.7,46.0,1.1,24.0,0.0,0.0,18.0,0.0
582,"Crumpet, from white flour, toasted",860.0,5.6,0.8,0.16,7.83,0.45,0.1,41.6,1.9,2.5,1051.0,92.0,88.0,0.509,0.0,1.0,136.0,1.0,19.0,0.0,0.0,0.0,0.0
584,"Cucumber, common, peeled, raw",50.0,0.4,0.1,0.0,0.0,0.0,0.0,2.1,2.1,0.6,21.0,13.0,97.0,0.02,0.01,0.2,4.0,0.3,9.0,8.0,0.0,0.0,0.0
585,"Cucumber, common, unpeeled, raw",50.0,0.8,0.1,0.0,0.0,0.0,0.0,1.2,1.2,1.4,10.0,18.0,136.0,0.02,0.02,0.2,4.0,0.22,14.0,7.0,0.0,0.0,0.0
586,"Cucumber, Lebanese, unpeeled, raw",52.0,0.6,0.0,0.0,0.0,0.0,0.0,2.0,1.9,0.9,12.0,42.0,134.0,0.01,0.02,0.15,4.0,0.27,10.0,9.0,0.0,0.0,0.0
587,"Cucumber, telegraph, unpeeled, raw",56.0,1.2,0.1,0.0,0.0,0.0,0.0,1.4,1.4,0.9,16.0,49.0,210.0,0.03,0.01,0.3,4.0,0.3,13.0,8.0,0.0,0.0,0.0
588,"Cumin (cummin) seed, dried, ground",1782.0,17.8,22.3,1.73,0.0,3.7,15.85,33.7,2.2,10.5,168.0,931.0,1788.0,0.628,0.327,4.58,10.0,66.36,366.0,8.0,0.0,0.0,0.0
589,"Cumquat (kumquat), raw",266.0,1.9,0.9,0.23,0.0,0.32,0.14,9.4,9.4,6.5,10.0,62.0,186.0,0.037,0.09,0.43,17.0,0.86,20.0,44.0,0.0,0.0,0.0
590,"Currant, dried",1167.0,2.8,0.5,0.0,0.0,0.0,0.0,65.1,63.2,6.0,46.0,87.0,810.0,0.11,0.0,1.0,10.0,2.3,43.0,0.0,0.0,0.0,0.0
591,"Curry powder",1231.0,14.3,14.0,1.64,0.0,3.02,8.72,2.8,2.8,53.2,52.0,525.0,1170.0,0.176,0.2,3.26,56.0,19.1,255.0,1.0,0.0,0.0,0.0
592,"Custard apple, African pride, peeled, raw",326.0,1.4,0.6,0.16,0.0,0.22,0.1,15.8,14.7,2.5,4.0,17.0,250.0,0.05,0.08,0.8,20.0,0.3,32.0,43.0,0.0,0.0,0.0
593,"Custard powder, vanilla, dry mix",1414.0,0.5,0.4,0.08,0.0,0.17,0.04,81.5,0.4,0.5,392.0,8.0,16.0,0.034,0.001,0.39,0.0,0.72,5.0,0.0,0.0,0.0,0.0
594,"Custard, vanilla, prepared from dry mix",430.0,3.6,3.7,2.51,109.16,0.1,0.84,13.9,9.6,0.0,59.0,115.0,155.0,0.02,0.198,0.3,4.0,0.06,11.0,0.0,0.0,11.0,0.0
595,"Custard, vanilla, regular fat",392.0,3.3,3.0,1.96,98.89,0.07,0.71,13.9,11.6,0.0,61.0,120.0,165.0,0.05,0.21,0.0,2.0,0.05,11.0,0.0,0.0,11.0,0.0
596,"Dairy blend, butter & edible oil spread (approximately 80% fat), reduced salt (sodium 400 mg/100 g)",2915.0,0.5,78.1,35.46,964.54,8.9,28.04,1.0,0.6,0.0,410.0,12.0,20.0,0.03,0.02,0.0,3.0,0.0,1.0,0.0,0.0,150.0,0.0
597,"Dairy blend, butter & edible oil spread (approximately 80% fat), sodium 600 mg/100 g",2915.0,0.5,78.1,33.88,2374.24,10.0,29.66,1.0,0.6,0.0,611.0,17.0,27.0,0.03,0.02,0.0,3.0,0.0,2.0,0.0,0.0,150.0,0.0
598,"Dairy or yoghurt dessert, chocolate, regular fat",533.0,5.1,3.7,2.34,122.38,0.09,0.96,17.7,15.7,1.4,59.0,120.0,230.0,0.0,0.22,0.0,0.0,0.53,16.0,0.0,2.0,10.0,0.0
599,"Date, dried",1212.0,2.0,0.2,0.0,0.0,0.0,0.0,67.2,65.9,9.7,14.0,47.0,730.0,0.0,0.1,1.4,19.0,2.6,50.0,5.0,0.0,0.0,0.0
600,"Dill, fresh, raw",170.0,3.4,1.2,0.06,0.0,0.1,0.8,2.5,1.2,3.3,42.0,170.0,370.0,0.17,0.54,1.4,150.0,1.9,31.0,66.0,0.0,0.0,0.0
601,"Dip, hummus, commercial",1039.0,6.9,19.5,1.83,74.57,6.88,9.32,9.4,0.8,3.9,410.0,49.0,260.0,0.16,0.03,0.0,91.0,1.6,65.0,0.0,0.0,0.0,0.0
602,"Doughnut, dusted with cinnamon & sugar",1583.0,6.6,19.5,8.7,218.48,2.51,7.2,43.9,13.7,2.0,487.0,60.0,120.0,0.14,0.11,1.5,21.0,0.95,20.0,0.0,0.0,34.0,0.0
603,"Doughnut, iced",1517.0,6.7,15.9,6.86,1110.31,1.37,6.02,48.2,22.9,1.7,414.0,21.0,94.0,0.08,0.07,1.0,20.0,0.8,22.0,0.0,0.0,33.0,0.0
604,"Doughnut, jam filled, sugar coated",1535.0,6.0,17.6,7.83,196.63,2.26,6.48,46.2,19.0,1.9,440.0,55.0,114.0,0.126,0.099,1.38,20.0,0.88,18.0,0.0,0.0,31.0,0.0
605,"Dressing, French or Italian, regular fat, commercial",948.0,0.1,19.6,2.02,37.48,11.13,5.39,11.7,11.4,0.0,970.0,0.0,0.0,0.0,0.07,0.0,0.0,0.0,0.0,0.0,0.0,0.0,0.0
606,"Dressing, thousand island, regular fat, commercial",1494.0,1.0,31.8,3.37,60.8,19.24,7.72,16.6,14.7,1.4,878.0,12.0,130.0,0.0,0.0,0.38,0.0,0.3,6.0,0.0,0.0,27.0,0.0
607,"Dripping, beef",3703.0,0.2,100.0,52.1,4935.83,2.49,36.58,0.0,0.0,0.0,0.0,0.0,0.0,0.0,0.0,0.0,0.0,0.0,0.0,0.0,0.0,90.0,0.0
608,"Duck, breast, lean, fried, no added fat",504.0,28.0,0.8,0.25,3.73,0.22,0.24,0.0,0.0,0.0,63.0,5.0,400.0,0.341,0.332,7.16,0.0,3.79,26.0,0.0,0.0,171.0,0.0
609,"Duck, breast, lean, raw",383.0,21.2,0.6,0.19,2.84,0.17,0.18,0.0,0.0,0.0,60.0,4.0,380.0,0.37,0.28,6.8,0.0,3.2,26.0,0.0,0.0,130.0,0.0
610,"Duck, lean flesh, baked, no added fat",765.0,24.3,9.5,2.95,53.86,1.31,4.7,0.0,0.0,0.0,95.0,26.0,250.0,0.27,0.34,4.6,23.0,2.6,20.0,0.0,0.0,140.0,0.0
611,"Duck, lean flesh, raw",506.0,17.8,5.5,1.71,31.19,0.76,2.72,0.0,0.0,0.0,91.0,7.0,270.0,0.32,0.2,4.5,0.0,1.8,19.0,0.0,0.0,110.0,0.0
612,"Duck, lean flesh, skin & fat, baked, no added fat",2114.0,17.3,49.2,15.08,278.92,5.96,25.49,0.0,0.0,0.0,62.0,6.0,163.0,0.146,0.135,2.68,0.0,1.21,10.0,0.0,0.0,118.0,0.0
613,"Duck, lean flesh, skin & fat, raw",1585.0,13.0,36.9,11.31,209.19,4.47,19.12,0.0,0.0,0.0,58.0,5.0,153.0,0.156,0.112,2.51,0.0,1.01,10.0,0.0,0.0,88.0,0.0
614,"Duck, skin & fat, baked, no added fat",2016.0,13.4,48.3,14.79,273.86,5.8,25.1,0.0,0.0,0.0,60.0,3.0,130.0,0.08,0.13,2.7,20.0,1.3,15.0,0.0,0.0,100.0,0.0
615,"Duck, skin & fat, raw",2352.0,9.5,59.2,18.12,335.66,7.1,30.77,0.0,0.0,0.0,34.0,3.0,70.0,0.04,0.05,1.1,0.0,0.45,4.0,0.0,0.0,73.0,0.0
616,"Egg, chicken, white (albumen), hard-boiled",204.0,11.6,0.0,0.0,0.0,0.0,0.0,0.4,0.4,0.0,175.0,6.0,112.0,0.0,0.31,0.0,5.0,0.2,11.0,0.0,0.0,0.0,0.0
617,"Egg, chicken, white (albumen), raw",196.0,11.2,0.0,0.0,0.0,0.0,0.0,0.4,0.4,0.0,175.0,5.0,119.0,0.0,0.41,0.0,7.0,0.2,11.0,0.0,0.0,0.0,0.0
619,"Egg, chicken, whole, fried, no fat added",606.0,14.3,9.6,2.61,11.22,1.35,4.04,0.3,0.3,0.0,170.0,53.0,159.0,0.068,0.464,0.0,94.0,2.16,14.0,0.0,0.0,554.0,0.0
620,"Egg, chicken, whole, hard-boiled",574.0,12.4,9.5,2.56,9.46,1.34,3.96,0.7,0.3,0.0,127.0,39.0,107.0,0.06,0.38,0.04,83.0,1.61,10.0,0.0,0.0,488.0,0.0
621,"Egg, chicken, whole, omega-3 polyunsaturate enriched, boiled",568.0,12.7,9.4,2.5,15.58,1.6,3.66,0.3,0.3,0.0,122.0,46.0,122.0,0.087,0.514,0.0,122.0,1.63,12.0,0.0,0.0,347.0,0.0
622,"Egg, chicken, whole, omega-3 polyunsaturate enriched, raw",557.0,12.4,9.2,2.44,15.27,1.57,3.59,0.3,0.3,0.0,120.0,45.0,120.0,0.1,0.53,0.0,160.0,1.6,12.0,0.0,0.0,340.0,0.0
623,"Egg, chicken, whole, poached",555.0,13.1,8.8,2.39,10.29,1.24,3.7,0.3,0.3,0.0,156.0,49.0,146.0,0.058,0.381,0.0,86.0,1.98,12.0,0.0,0.0,508.0,0.0
624,"Egg, chicken, whole, raw",533.0,12.6,8.5,2.3,9.88,1.19,3.55,0.3,0.3,0.0,150.0,47.0,140.0,0.07,0.43,0.0,110.0,1.9,12.0,0.0,0.0,488.0,0.0
625,"Egg, chicken, whole, scrambled, with regular fat cows milk, no fat added",504.0,10.8,7.7,2.56,41.76,0.94,3.0,2.1,2.0,0.0,128.0,73.0,158.0,0.053,0.377,0.09,65.0,1.48,13.0,0.0,0.0,379.0,0.0
626,"Egg, chicken, yolk, hard-boiled",1450.0,16.1,31.7,9.63,36.84,3.29,13.44,0.2,0.2,0.0,47.0,115.0,97.0,0.19,0.42,0.0,180.0,4.8,7.0,0.0,0.0,1250.0,0.0
627,"Egg, chicken, yolk, raw",1311.0,15.6,28.2,8.57,32.77,2.92,12.03,0.2,0.2,0.0,58.0,100.0,104.0,0.19,0.4,0.0,120.0,4.0,8.0,0.0,0.0,1050.0,0.0
628,"Eggplant, unpeeled, fresh, baked, no added fat",109.0,1.3,0.4,0.0,0.0,0.0,0.0,3.0,3.0,2.9,6.0,27.0,200.0,0.053,0.045,0.78,0.0,0.24,9.0,3.0,0.0,0.0,0.0
629,"Eggplant, unpeeled, fresh, grilled, no added fat",132.0,1.6,0.4,0.0,0.0,0.0,0.0,3.7,3.7,3.5,7.0,31.0,218.0,0.057,0.051,0.85,0.0,0.27,11.0,3.0,0.0,0.0,0.0
630,"Eggplant, unpeeled, fresh, raw",93.0,1.1,0.3,0.0,0.0,0.0,0.0,2.6,2.6,2.4,5.0,23.0,170.0,0.05,0.04,0.7,0.0,0.2,8.0,3.0,0.0,0.0,0.0
631,"Emu, fan fillet, raw",486.0,24.7,1.8,0.64,7.99,0.36,0.68,0.0,0.0,0.0,43.0,4.0,347.0,0.12,0.01,7.4,40.0,3.6,27.0,0.0,0.0,50.0,0.0
632,"Emu, steak, as purchased, fried, no added fat",644.0,30.8,3.3,0.96,9.32,0.75,1.32,0.0,0.0,0.0,53.0,5.0,368.0,0.138,0.332,5.68,16.0,4.56,26.0,0.0,0.0,80.0,0.0
633,"Emu, steak, as purchased, raw",490.0,23.4,2.5,0.73,7.09,0.57,1.01,0.0,0.0,0.0,50.0,4.0,350.0,0.15,0.28,5.4,20.0,3.85,26.0,0.0,0.0,61.0,0.0
634,"Endive, fresh, raw",58.0,1.5,0.2,0.0,0.0,0.0,0.0,0.4,0.3,2.2,76.0,46.0,190.0,0.04,0.1,0.5,142.0,1.7,10.0,18.0,0.0,0.0,0.0
635,"Extruded snack, cheese flavoured",2038.0,8.8,25.8,11.3,147.7,2.61,10.46,53.5,2.5,3.2,1000.0,190.0,230.0,0.027,0.02,0.5,40.0,0.3,29.0,0.0,0.0,9.0,0.0
636,"Fat, solid, vegetable oil based",3702.0,0.2,100.0,49.02,1433.28,8.6,36.31,0.0,0.0,0.0,0.0,0.0,0.0,0.0,0.0,0.4,0.0,0.0,0.0,0.0,0.0,0.0,0.0
637,"Feijoa, raw",176.0,0.6,0.4,0.1,0.0,0.12,0.05,8.0,7.7,3.0,2.0,6.0,124.0,0.0,0.01,0.29,0.0,0.11,7.0,30.0,0.0,0.0,0.0
638,"Fennel, fresh, boiled, drained",108.0,1.2,0.1,0.0,0.0,0.0,0.0,3.9,3.9,2.1,42.0,22.0,296.0,0.028,0.032,0.1,21.0,0.11,11.0,8.0,0.0,0.0,0.0
639,"Fennel, fresh, raw",92.0,1.0,0.1,0.0,0.0,0.0,0.0,3.3,3.3,1.8,38.0,20.0,280.0,0.03,0.03,0.1,27.0,0.1,10.0,9.0,0.0,0.0,0.0
640,"Fenugreek seed, dried",1080.0,23.0,6.4,1.03,0.0,4.2,0.9,4.2,0.6,47.6,67.0,176.0,770.0,0.322,0.366,1.64,57.0,33.53,191.0,3.0,0.0,0.0,0.0
641,"Fig, dried",1082.0,3.6,0.7,0.19,0.0,0.26,0.11,54.5,52.6,14.3,39.0,200.0,780.0,0.05,0.0,0.5,9.0,1.4,73.0,0.0,0.0,0.0,0.0
642,"Fig, fresh, unpeeled, raw",195.0,1.4,0.3,0.0,0.0,0.0,0.0,8.1,8.1,3.3,3.0,38.0,180.0,0.02,0.03,0.4,6.0,0.3,9.0,3.0,0.0,0.0,0.0
643,"Fish finger, crumbed, purchased frozen, grilled, no added fat",1050.0,13.8,13.2,1.78,71.83,3.65,6.99,18.9,1.7,1.2,341.0,15.0,216.0,0.072,0.065,1.25,74.0,0.51,25.0,0.0,0.0,32.0,0.0
644,"Fish finger, crumbed, purchased frozen, raw",924.0,12.1,11.6,1.56,63.21,3.22,6.15,16.6,1.5,1.1,300.0,13.0,190.0,0.07,0.06,1.1,69.0,0.45,22.0,0.0,0.0,28.0,0.0
645,"Fish, battered or crumbed, from takeaway outlet, deep fried, blended frying fat, ready to eat",1006.0,15.2,13.2,4.58,100.52,3.38,4.54,15.2,0.6,0.1,406.0,21.0,243.0,0.05,0.0,1.0,5.0,0.5,23.0,0.0,0.0,41.0,0.0
646,"Fish, eel, raw",745.0,18.4,11.7,2.36,0.0,0.95,7.19,0.0,0.0,0.0,51.0,20.0,272.0,0.15,0.04,3.5,15.0,0.5,20.0,2.0,0.0,126.0,0.0
648,"Fish, white flesh, battered, packaged frozen, baked, no added fat",820.0,12.2,7.0,0.77,134.33,1.78,3.93,20.6,1.6,0.5,383.0,21.0,243.0,0.05,0.0,1.0,1.0,0.5,23.0,0.0,0.0,27.0,0.0
649,"Fish, white flesh, crumbed, packaged frozen, baked, no added fat",856.0,11.8,10.0,1.12,191.9,2.28,5.94,16.7,1.7,0.5,383.0,21.0,243.0,0.07,0.02,1.1,1.0,0.5,24.0,0.0,0.0,23.0,0.0
650,"Flathead, flesh, baked, no added fat",541.0,28.8,1.4,0.38,19.08,0.33,0.24,0.0,0.0,0.0,133.0,86.0,551.0,0.0,0.143,4.66,0.0,0.27,40.0,1.0,0.0,78.0,0.0
651,"Flathead, flesh, raw",395.0,21.1,1.0,0.28,13.93,0.24,0.18,0.0,0.0,0.0,97.0,63.0,402.0,0.0,0.11,3.4,0.0,0.2,29.0,1.0,0.0,57.0,0.0
652,"Flathead, flesh, steamed, no added fat",487.0,26.1,1.2,0.34,16.72,0.28,0.21,0.0,0.0,0.0,91.0,45.0,405.0,0.0,0.1,6.4,0.0,0.4,32.0,1.0,0.0,78.0,0.0
653,"Flour, arrowroot",1378.0,0.4,0.2,0.05,0.0,0.07,0.04,78.6,0.0,3.4,2.0,35.0,12.0,0.1,0.02,0.5,7.0,0.5,4.0,0.0,0.0,0.0,0.0
654,"Flour, chickpea (besan)",1373.0,19.7,5.5,0.56,0.0,2.55,1.04,38.5,2.2,20.8,11.0,159.0,396.0,0.57,0.02,1.3,178.0,4.6,134.0,3.0,0.0,0.0,0.0
655,"Flour, cornflour, from maize & wheat starch",1466.0,0.6,0.4,0.08,0.0,0.18,0.04,84.4,0.0,0.5,10.0,8.0,16.0,0.035,0.0,0.4,0.0,0.75,5.0,0.0,0.0,0.0,0.0
656,"Flour, cornflour, from maize starch",1458.0,0.4,0.6,0.11,0.0,0.25,0.04,84.1,0.0,0.0,16.0,3.0,9.0,0.0,0.0,0.0,0.0,0.0,3.0,0.0,0.0,0.0,0.0
657,"Flour, gluten free, plain",1480.0,3.4,1.1,0.14,0.0,0.33,0.25,80.5,0.3,1.7,21.0,24.0,120.0,0.04,0.0,0.0,9.0,0.8,27.0,0.0,0.0,0.0,0.0
658,"Flour, rice",1437.0,7.3,2.0,0.34,0.0,0.72,0.64,71.6,0.6,2.2,1.0,6.0,144.0,0.21,0.005,3.5,28.0,0.5,70.0,0.0,0.0,0.0,0.0
659,"Flour, rye",1348.0,11.4,2.3,0.29,0.0,1.08,0.29,54.9,1.4,17.3,4.0,44.0,432.0,0.4,0.06,1.6,38.0,4.0,123.0,0.0,0.0,0.0,0.0
660,"Flour, soya",1543.0,49.8,8.9,1.53,0.0,5.01,1.74,14.6,9.3,16.0,9.0,285.0,2090.0,1.088,0.28,2.95,289.0,8.2,285.0,0.0,0.0,0.0,0.0
661,"Flour, spelt",1470.0,18.7,2.4,0.27,9.65,0.91,0.43,59.1,0.9,7.4,2.0,29.0,330.0,0.4,0.02,4.7,75.0,4.8,110.0,0.0,0.0,0.0,0.0
662,"Flour, wheat, white, high protein or bread making flour",1464.0,11.7,1.7,0.23,1.14,0.73,0.16,69.6,1.8,2.5,3.0,21.0,170.0,0.525,0.0,1.0,97.0,1.2,36.0,0.0,0.0,0.0,0.0
663,"Flour, wheat, white, plain",1479.0,10.0,1.3,0.18,0.87,0.56,0.12,73.2,1.9,2.2,3.0,21.0,170.0,0.23,0.0,1.0,11.0,1.2,36.0,0.0,0.0,0.0,0.0
664,"Flour, wheat, white, plain, added vitamins B1, B2, B3, B6, E & folate & Fe, Mg & Zn (Jackaroo)",1417.0,11.1,1.5,0.23,0.0,0.63,0.14,67.3,1.1,3.8,4.0,22.0,180.0,0.78,0.54,4.6,141.0,5.8,120.0,0.0,0.0,0.0,0.0
665,"Flour, wheat, white, self-raising",1479.0,10.0,1.3,0.18,0.87,0.56,0.12,73.2,1.9,2.2,740.0,59.0,150.0,0.23,0.0,1.0,11.0,1.2,33.0,0.0,0.0,0.0,0.0
666,"Flour, wheat, white, self-raising, added vitamins B1, B2, B3, B6, E & folate & Fe, Mg & Zn (Jackaroo)",1373.0,10.7,1.4,0.22,0.0,0.61,0.14,65.2,1.1,3.7,852.0,21.0,174.0,0.756,0.523,4.46,137.0,5.62,116.0,0.0,0.0,0.0,0.0
667,"Flour, wheat, wholemeal, plain",1371.0,11.6,1.6,0.22,0.0,0.74,0.17,61.6,2.0,8.8,2.0,29.0,310.0,0.48,0.04,3.7,118.0,2.8,89.0,0.0,0.0,0.0,0.0
668,"Flour, wheat, wholemeal, self-raising",1471.0,11.4,2.1,0.3,0.0,0.97,0.24,65.3,0.9,11.3,655.0,68.0,284.0,0.423,0.111,5.54,47.0,2.2,102.0,0.0,0.0,0.0,0.0
669,"Frankfurt, cooked",1051.0,14.3,19.9,7.51,506.58,1.43,9.52,3.4,0.2,1.8,770.0,33.0,93.0,0.08,0.11,2.0,1.0,2.3,20.0,1.0,0.0,58.0,0.0
670,"Fruit drink, apple juice",137.0,0.1,0.0,0.0,0.0,0.0,0.0,8.2,7.8,0.0,5.0,2.0,47.0,0.0,0.0,0.0,0.0,0.0,2.0,31.0,0.0,0.0,0.0
671,"Fruit drink, cranberry",182.0,0.0,0.0,0.0,0.0,0.0,0.0,11.3,11.3,0.1,16.0,8.0,20.0,0.009,0.018,0.09,1.0,0.25,6.0,16.0,0.0,0.0,0.0
672,"Fruit drink, orange juice",163.0,0.2,0.0,0.0,0.0,0.0,0.0,9.6,9.6,0.0,9.0,8.0,72.0,0.0,0.02,0.0,8.0,0.05,5.0,5.0,0.0,0.0,0.0
673,"Fruit salad, canned in fruit juice",200.0,0.7,0.1,0.0,0.0,0.0,0.0,10.4,9.8,1.4,4.0,6.0,150.0,0.01,0.039,0.43,20.0,0.36,10.0,4.0,0.0,0.0,0.0
674,"Fruit salad, canned in fruit juice, drained",207.0,0.8,0.2,0.0,0.0,0.0,0.0,10.1,9.5,2.3,4.0,6.0,135.0,0.01,0.045,0.45,3.0,0.4,11.0,4.0,0.0,0.0,0.0
675,"Fruit salad, canned in fruit juice, juice only",191.0,0.4,0.0,0.0,0.0,0.0,0.0,11.0,10.2,0.2,4.0,6.0,170.0,0.01,0.03,0.4,44.0,0.3,8.0,4.0,0.0,0.0,0.0
676,"Garlic, peeled, fresh, fried, no added fat",842.0,9.8,4.5,1.26,0.0,1.99,0.36,16.4,2.4,27.2,13.0,48.0,822.0,0.131,0.092,1.22,4.0,2.74,40.0,15.0,0.0,0.0,0.0
677,"Garlic, peeled, fresh, raw",522.0,6.1,2.8,0.78,0.0,1.23,0.22,10.2,1.5,16.9,8.0,30.0,510.0,0.09,0.06,0.8,3.0,1.7,25.0,11.0,0.0,0.0,0.0
678,"Gelatine, all types",1449.0,84.4,0.4,0.19,0.0,0.03,0.16,0.0,0.0,0.0,330.0,250.0,7.0,0.0,0.0,0.0,30.0,2.1,15.0,0.0,0.0,0.0,0.0
679,"Gemfish, flesh, baked, no added fat",460.0,19.2,3.6,0.99,63.94,0.78,1.41,0.1,0.1,0.0,54.0,16.0,195.0,0.0,0.044,4.54,0.0,0.52,18.0,0.0,0.0,53.0,0.0
680,"Gemfish, flesh, raw",335.0,14.0,2.6,0.72,46.67,0.57,1.03,0.1,0.1,0.0,40.0,11.0,142.0,0.0,0.032,3.31,0.0,0.38,13.0,0.0,0.0,39.0,0.0
681,"Gemfish, flesh, steamed, no added fat",569.0,26.4,3.1,0.87,56.24,0.69,1.24,0.3,0.3,0.0,72.0,10.0,274.0,0.0,0.065,4.17,0.0,0.65,25.0,0.0,0.0,55.0,0.0
682,"Ghee, clarified butter",3701.0,0.3,99.9,65.69,5890.9,1.81,23.53,0.0,0.0,0.0,2.0,4.0,5.0,0.001,0.005,0.0,0.0,0.0,0.0,0.0,0.0,290.0,0.0
683,"Gherkin, pickled, drained, commercial",441.0,0.4,0.3,0.0,0.0,0.0,0.0,24.4,23.6,0.9,520.0,22.0,11.0,0.0,0.0,0.2,1.0,0.5,8.0,0.0,0.0,0.0,0.0
684,"Ginger, dried, ground",1397.0,9.0,4.2,2.2,0.0,0.79,0.4,57.5,3.4,14.1,27.0,114.0,1320.0,0.046,0.17,9.62,13.0,19.8,214.0,1.0,0.0,0.0,0.0
685,"Ginger, peeled, fresh, fried, no added fat",160.0,1.0,0.5,0.0,0.0,0.0,0.0,5.8,2.1,3.4,13.0,21.0,293.0,0.011,0.035,1.04,11.0,0.73,34.0,3.0,0.0,0.0,0.0
686,"Ginger, peeled, fresh, raw",132.0,0.8,0.4,0.0,0.0,0.0,0.0,4.8,1.7,2.8,11.0,17.0,240.0,0.01,0.03,0.9,11.0,0.6,28.0,3.0,0.0,0.0,0.0
687,"Glucose, liquid or syrup",1268.0,0.0,0.0,0.0,0.0,0.0,0.0,87.5,33.0,0.0,150.0,8.0,3.0,0.0,0.0,0.0,0.0,0.5,2.0,0.0,0.0,0.0,0.0
688,"Gluten, from wheat (vital wheat gluten)",1507.0,75.2,0.0,0.0,0.0,0.0,0.0,13.2,0.0,0.6,29.0,142.0,100.0,0.0,0.0,0.0,0.0,5.2,25.0,0.0,0.0,0.0,0.0
689,"Goat, all cuts, separable fat, baked, no added fat",2556.0,10.0,64.5,32.7,4768.11,1.44,24.8,0.0,0.0,0.0,40.0,7.0,175.0,0.0,0.0,7.0,8.0,1.25,12.0,0.0,0.0,75.0,0.0
690,"Goat, all cuts, separable fat, raw",1855.0,12.2,44.6,24.28,4122.07,1.0,15.6,0.0,0.0,0.0,45.0,13.0,125.0,0.025,0.025,1.5,20.0,2.0,7.0,0.0,0.0,129.0,0.0
691,"Goat, forequarter, lean, baked, no added fat",676.0,30.8,4.2,1.65,152.89,0.37,1.67,0.0,0.0,0.0,74.0,10.0,305.0,0.05,0.055,3.25,21.0,3.4,23.0,0.0,0.0,145.0,0.0
692,"Goat, forequarter, lean, raw",432.0,21.6,1.8,0.75,82.12,0.12,0.75,0.0,0.0,0.0,74.0,10.0,315.0,0.12,0.08,3.2,32.0,2.35,20.0,0.0,0.0,72.0,0.0
693,"Goat, leg, lean, baked, no added fat",695.0,33.8,3.2,1.46,208.39,0.48,0.95,0.0,0.0,0.0,60.0,8.0,335.0,0.06,0.05,3.6,14.0,3.85,26.0,0.0,0.0,116.0,0.0
694,"Goat, leg, lean, raw",456.0,22.2,2.1,1.02,83.91,0.17,0.67,0.0,0.0,0.0,64.0,6.0,340.0,0.135,0.1,3.65,23.0,2.5,22.0,0.0,0.0,77.0,0.0
695,"Goat, loin, lean, baked, no added fat",612.0,29.2,3.1,1.46,197.78,0.21,1.09,0.0,0.0,0.0,84.0,16.0,320.0,0.05,0.035,4.1,23.0,2.95,22.0,0.0,0.0,98.0,0.0
696,"Goat, loin, lean, raw",432.0,22.2,1.4,0.59,65.4,0.12,0.57,0.0,0.0,0.0,76.0,10.0,340.0,0.09,0.055,4.0,8.0,2.95,22.0,0.0,0.0,70.0,0.0
697,"Goat, meat, all cuts, lean, baked, no added fat",661.0,31.3,3.5,1.52,186.35,0.35,1.24,0.0,0.0,0.0,73.0,11.0,320.0,0.053,0.047,3.65,19.0,3.4,23.0,0.0,0.0,120.0,0.0
698,"Goat, meat, all cuts, lean, casseroled, no added fat",871.0,43.6,3.5,1.56,152.76,0.28,1.32,0.0,0.0,0.0,78.0,17.0,361.0,0.068,0.093,4.3,23.0,4.89,27.0,0.0,0.0,145.0,0.0
699,"Goat, meat, all cuts, lean, raw",440.0,22.0,1.8,0.79,77.14,0.14,0.66,0.0,0.0,0.0,72.0,9.0,332.0,0.115,0.078,3.62,21.0,2.6,21.0,0.0,0.0,73.0,0.0
700,"Goat, meat, all cuts, untrimmed, baked, no added fat",847.0,29.2,9.5,4.58,635.36,0.46,3.54,0.0,0.0,0.0,70.0,11.0,306.0,0.048,0.042,3.98,18.0,3.19,22.0,0.0,0.0,115.0,0.0
701,"Goat, meat, all cuts, untrimmed, casseroled, no added fat",1011.0,37.8,10.0,5.15,781.9,0.38,3.56,0.0,0.0,0.0,68.0,16.0,308.0,0.057,0.079,3.67,20.0,4.32,23.0,0.0,0.0,140.0,0.0
702,"Goat, meat, all cuts, untrimmed, raw",566.0,21.2,5.6,2.88,437.86,0.22,2.0,0.0,0.0,0.0,69.0,9.0,313.0,0.107,0.074,3.43,21.0,2.55,20.0,0.0,0.0,78.0,0.0
703,"Goji berry, dried",1244.0,11.9,3.7,0.64,5.92,1.74,0.56,49.1,47.7,11.2,450.0,53.0,1400.0,0.0,0.07,3.9,66.0,3.7,84.0,6.0,0.0,0.0,0.0
704,"Grape, black muscatel/muscat, raw",349.0,1.1,0.1,0.0,0.0,0.0,0.0,18.8,18.8,2.7,8.0,9.0,160.0,0.01,0.05,0.5,0.0,0.3,8.0,7.0,0.0,0.0,0.0
705,"Grape, black sultana, raw",278.0,1.2,0.1,0.0,0.0,0.0,0.0,14.0,14.0,3.3,3.0,11.0,150.0,0.01,0.04,0.4,0.0,0.2,9.0,5.0,0.0,0.0,0.0
706,"Grape, cornichon, raw",257.0,1.3,0.1,0.0,0.0,0.0,0.0,12.7,12.7,2.5,3.0,5.0,190.0,0.01,0.04,0.4,0.0,0.2,8.0,7.0,0.0,0.0,0.0
707,"Grape, green, raw",273.0,0.8,0.0,0.0,0.0,0.0,0.0,15.6,15.2,0.8,0.0,10.0,220.0,0.0,0.0,0.0,0.0,0.4,8.0,0.0,0.0,0.0,0.0
708,"Grape, red globe, raw",322.0,0.9,0.2,0.0,0.0,0.0,0.0,16.3,16.3,3.5,5.0,10.0,270.0,0.03,0.0,0.0,0.0,0.42,8.0,0.0,0.0,0.0,0.0
709,"Grape, waltham cross, raw",281.0,0.8,0.1,0.0,0.0,0.0,0.0,14.4,14.4,3.5,6.0,12.0,180.0,0.01,0.03,0.4,0.0,0.2,6.0,7.0,0.0,0.0,0.0
710,"Grapefruit, peeled, raw",125.0,0.9,0.2,0.0,0.0,0.0,0.0,4.8,4.8,1.7,4.0,21.0,120.0,0.03,0.03,0.2,14.0,0.2,8.0,36.0,0.0,0.0,0.0
711,"Gravy powder, dry mix",1311.0,8.9,6.2,2.89,69.74,1.21,1.74,54.7,0.7,0.1,6020.0,30.0,129.0,0.31,0.0,1.8,14.0,1.1,27.0,0.0,0.0,0.0,0.0
712,"Gravy, prepared from dry powder with water",109.0,0.7,0.5,0.24,5.78,0.1,0.14,4.5,0.0,0.0,502.0,4.0,11.0,0.02,0.0,0.13,1.0,0.1,3.0,0.0,0.0,0.0,0.0
713,"Guava, Hawaiian, raw",144.0,0.7,0.5,0.0,0.0,0.0,0.0,3.5,3.4,5.4,4.0,10.0,150.0,0.03,0.04,1.0,49.0,0.2,12.0,243.0,0.0,0.0,0.0
714,"Ham, leg, lean",467.0,17.0,2.5,0.85,6.78,0.3,1.11,2.0,0.8,1.8,1250.0,9.0,335.0,0.386,0.065,3.97,23.0,0.62,22.0,0.0,0.0,70.0,0.0
715,"Hamburger, white roll, beef patty, with cheese, onion, pickles & sauce, fast food chain",1096.0,15.1,12.1,5.88,404.87,0.94,4.71,22.4,2.9,1.7,590.0,120.0,200.0,0.17,0.11,0.25,82.0,1.2,23.0,1.0,0.0,28.0,0.0
716,"Hamburger, white roll, beef patty, with salad, independent takeaway outlet",870.0,12.1,9.1,3.7,246.23,1.11,3.68,18.0,1.3,2.6,439.0,64.0,220.0,0.3,0.095,1.82,82.0,1.57,17.0,2.0,0.0,26.0,0.0
717,"Honey",1162.0,0.3,0.0,0.0,0.0,0.0,0.0,72.3,72.3,0.0,8.0,8.0,66.0,0.0,0.0,0.0,0.0,0.12,2.0,0.0,0.0,0.0,0.0
719,"Hot dog, bread roll, frankfurt & sauce filling",992.0,10.6,8.8,3.08,205.9,0.94,4.07,27.4,4.0,2.5,610.0,57.0,131.0,0.367,0.065,2.14,114.0,1.65,24.0,0.0,0.0,23.0,0.0
720,"Ice confection, stick or tub, fruit juice or fruit flavoured",306.0,0.2,0.1,0.0,0.0,0.0,0.0,18.7,18.7,0.0,6.0,3.0,33.0,0.02,0.0,0.0,8.0,0.21,3.0,2.0,0.0,0.0,0.0
721,"Ice confection, stick, milk-based, various flavours",563.0,2.9,5.3,3.58,155.26,0.14,1.25,19.8,19.8,0.2,40.0,88.0,150.0,0.035,0.24,0.1,8.0,0.08,14.0,0.0,0.0,12.0,0.0
723,"Ice confection, stick, water-based, various flavours",280.0,0.2,0.0,0.0,0.0,0.0,0.0,17.1,17.1,0.0,6.0,2.0,3.0,0.0,0.0,0.0,0.0,0.07,0.0,0.0,0.0,0.0,0.0
724,"Ice cream, vanilla flavour, premium or rich (~15% fat)",916.0,3.2,13.5,8.94,344.45,0.33,2.97,22.5,19.7,0.0,37.0,110.0,150.0,0.03,0.2,0.0,17.0,0.0,10.0,0.0,0.0,46.0,0.0
725,"Ice cream, vanilla flavour, regular fat",788.0,3.7,10.6,7.16,310.53,0.28,2.5,20.5,18.4,0.0,48.0,93.0,142.0,0.0,0.29,0.7,10.0,0.1,12.0,0.0,0.0,35.0,0.0
726,"Jackfruit, peeled, raw",347.0,2.2,0.3,0.1,0.0,0.05,0.08,16.7,16.3,3.0,3.0,18.0,350.0,0.04,0.12,0.6,24.0,0.8,14.0,6.0,0.0,0.0,0.0
727,"Jam, berry",1100.0,0.3,0.0,0.0,0.0,0.0,0.0,67.3,67.2,1.6,12.0,8.0,56.0,0.0,0.0,0.3,11.0,0.3,6.0,0.0,0.0,0.0,0.0
728,"Jam, plum",1050.0,0.2,0.0,0.0,0.0,0.0,0.0,64.4,64.3,0.9,14.0,5.0,84.0,0.0,0.0,0.6,11.0,0.2,4.0,9.0,0.0,0.0,0.0
729,"Jam, stone fruit",1050.0,0.2,0.0,0.0,0.0,0.0,0.0,64.4,64.3,0.9,14.0,5.0,84.0,0.0,0.0,0.6,11.0,0.2,4.0,9.0,0.0,0.0,0.0
730,"Jelly crystals, sugar sweetened, all flavours",1582.0,7.1,0.0,0.0,0.0,0.0,0.0,90.7,90.7,0.0,520.0,4.0,4.0,0.0,0.0,0.0,0.0,0.1,0.0,0.0,0.0,0.0,0.0
731,"Jelly, sugar sweetened, all flavours, prepared",230.0,1.0,0.0,0.0,0.0,0.0,0.0,13.2,13.2,0.0,78.0,2.0,1.0,0.0,0.0,0.0,0.0,0.02,1.0,0.0,0.0,0.0,0.0
732,"Juice, apple & blackcurrant, commercial",162.0,0.2,0.0,0.0,0.0,0.0,0.0,9.3,9.3,0.0,6.0,5.0,94.0,0.0,0.0,0.0,0.0,0.0,4.0,27.0,0.0,0.0,0.0
733,"Juice, apple, commercial, added vitamin C",121.0,0.2,0.0,0.0,0.0,0.0,0.0,7.0,7.0,0.2,6.0,6.0,120.0,0.0,0.07,0.25,32.0,0.05,6.0,33.0,0.0,0.0,0.0
734,"Juice, lemon",115.0,0.6,0.2,0.0,0.0,0.0,0.0,1.8,1.8,2.5,2.0,20.0,120.0,0.038,0.019,0.19,8.0,0.3,9.0,46.0,0.0,0.0,0.0
735,"Juice, lime",122.0,0.8,0.2,0.0,0.0,0.0,0.0,1.2,1.2,4.1,3.0,22.0,150.0,0.028,0.019,0.19,6.0,0.3,11.0,45.0,0.0,0.0,0.0
736,"Juice, orange & mango, commercial",146.0,0.6,0.0,0.0,0.0,0.0,0.0,7.7,7.7,0.2,4.0,9.0,160.0,0.04,0.0,0.0,26.0,0.0,9.0,82.0,0.0,0.0,0.0
737,"Juice, orange, commercial",112.0,0.8,0.0,0.0,0.0,0.0,0.0,5.4,5.4,0.3,2.0,7.0,145.0,0.11,0.0,0.0,51.0,0.04,7.0,69.0,0.0,0.0,0.0
738,"Kale, cooked, no added fat",147.0,4.7,0.0,0.0,0.0,0.0,0.0,0.4,0.4,6.7,171.0,328.0,657.0,0.064,0.149,0.0,89.0,2.28,70.0,39.0,0.0,0.0,0.0
739,"Kale, raw",103.0,3.3,0.0,0.0,0.0,0.0,0.0,0.3,0.3,4.7,120.0,230.0,460.0,0.05,0.11,0.0,73.0,1.6,49.0,32.0,0.0,0.0,0.0
740,"Kangaroo, loin fillet, grilled, no added fat",556.0,30.1,1.2,0.38,18.69,0.37,0.36,0.0,0.0,0.0,44.0,4.0,390.0,0.23,0.66,4.8,0.0,4.1,30.0,0.0,0.0,71.0,0.0
741,"Kangaroo, loin fillet, raw",397.0,21.4,0.9,0.26,14.01,0.3,0.26,0.0,0.0,0.0,40.0,3.0,350.0,0.22,0.41,4.2,0.0,3.4,26.0,0.0,0.0,65.0,0.0
742,"Kangaroo, rump, baked, no added fat",669.0,33.9,2.5,0.93,36.64,0.38,0.99,0.0,0.0,0.0,51.0,4.0,370.0,0.15,0.69,4.4,0.0,4.2,29.0,0.0,0.0,75.0,0.0
743,"Kangaroo, rump, raw",373.0,20.3,0.8,0.22,10.99,0.24,0.22,0.0,0.0,0.0,47.0,3.0,320.0,0.18,0.44,3.5,0.0,2.3,24.0,0.0,0.0,57.0,0.0
744,"Kangaroo, steak, as purchased, fried, no added fat",655.0,34.6,1.5,0.46,42.28,0.58,0.29,0.6,0.6,0.0,52.0,6.0,458.0,0.14,0.318,4.92,0.0,4.53,30.0,0.0,0.0,112.0,0.0
745,"Kangaroo, steak, as purchased, raw",426.0,22.5,1.0,0.3,27.48,0.38,0.19,0.4,0.4,0.0,40.0,4.0,350.0,0.13,0.23,4.0,0.0,3.1,23.0,0.0,0.0,73.0,0.0
746,"Kangaroo, tail, cooked, no added fat",464.0,24.4,1.3,0.36,66.35,0.15,0.66,0.0,0.0,0.0,145.0,14.0,205.0,0.027,0.058,2.1,170.0,2.07,16.0,0.0,0.0,146.0,0.0
747,"Kangaroo, tail, raw",381.0,20.0,1.1,0.29,54.41,0.12,0.54,0.0,0.0,0.0,140.0,13.0,210.0,0.04,0.05,2.3,147.0,1.7,15.0,0.0,0.0,120.0,0.0
748,"Kingfish, yellowtail, aquacultured, fillet, with skin, grilled, no added fat",1175.0,31.3,17.4,4.19,140.58,5.34,5.93,0.0,0.0,0.0,49.0,160.0,532.0,0.0,0.164,4.32,0.0,0.64,40.0,0.0,0.0,95.0,0.0
749,"Kingfish, yellowtail, aquacultured, fillet, with skin, raw",858.0,22.9,12.7,3.06,102.63,3.9,4.33,0.0,0.0,0.0,36.0,117.0,388.0,0.0,0.12,3.15,0.0,0.47,29.0,0.0,0.0,70.0,0.0
750,"Kingfish, yellowtail, aquacultured, fillet, with skin, steamed, no added fat",1021.0,27.2,15.1,3.64,122.18,4.64,5.16,0.0,0.0,0.0,36.0,139.0,393.0,0.0,0.128,3.19,0.0,0.56,31.0,0.0,0.0,83.0,0.0
751,"Kiwifruit, gold, peeled, raw",244.0,1.2,0.5,0.0,0.0,0.0,0.0,11.1,10.9,1.8,3.0,18.0,306.0,0.02,0.05,0.28,39.0,0.21,14.0,110.0,0.0,0.0,0.0
752,"Kiwifruit, green (hayward), peeled, raw",230.0,1.2,0.7,0.17,0.0,0.22,0.15,9.1,8.8,3.0,2.0,28.0,279.0,0.0,0.05,0.0,32.0,0.26,15.0,85.0,0.0,0.0,0.0
753,"Kohlrabi, peeled, fresh, boiled, drained",170.0,3.8,0.1,0.0,0.0,0.0,0.0,4.4,4.4,3.4,16.0,25.0,478.0,0.067,0.047,0.53,10.0,0.69,26.0,55.0,0.0,0.0,0.0
754,"Kohlrabi, peeled, fresh, raw",163.0,3.7,0.1,0.0,0.0,0.0,0.0,4.2,4.2,3.3,16.0,25.0,510.0,0.08,0.05,0.6,15.0,0.7,26.0,71.0,0.0,0.0,0.0
755,"Kombucha, flavoured, added juice or intense sweeteners",28.0,0.0,0.0,0.0,0.0,0.0,0.0,0.9,0.8,0.1,0.0,0.0,2.0,0.0,0.0,0.0,0.0,0.0,0.0,0.0,2.0,0.0,0.3
756,"Lamb, all cuts, separable fat, cooked",2251.0,16.2,53.4,24.72,3947.55,2.3,19.94,0.0,0.0,0.0,28.0,6.0,110.0,0.0,0.0,7.0,4.0,0.67,8.0,0.0,0.0,74.0,0.0
757,"Lamb, all cuts, separable fat, raw",2315.0,10.8,57.6,25.75,5330.09,2.65,20.8,0.0,0.0,0.0,22.0,5.0,91.0,0.0,0.07,2.0,4.0,0.41,6.0,0.0,0.0,62.0,0.0
758,"Lamb, boneless dice or strips, lean, casseroled, no added fat",776.0,32.2,6.2,2.0,246.79,0.71,2.7,0.0,0.0,0.0,43.0,8.0,275.0,0.057,0.176,3.7,14.0,3.07,26.0,0.0,0.0,115.0,0.0
759,"Lamb, boneless dice or strips, lean, raw",541.0,21.6,4.7,1.59,201.18,0.57,1.96,0.0,0.0,0.0,53.0,5.0,340.0,0.13,0.205,4.35,17.0,2.2,27.0,0.0,0.0,78.0,0.0
760,"Lamb, boneless dice or strips, lean, stir-fried, no added fat",768.0,29.7,7.1,2.59,349.19,0.74,2.82,0.0,0.0,0.0,59.0,5.0,390.0,0.145,0.33,5.3,17.0,3.7,27.0,0.0,0.0,96.0,0.0
761,"Lamb, boneless dice or strips, untrimmed, casseroled, no added fat",802.0,31.9,7.0,2.4,311.18,0.73,3.0,0.0,0.0,0.0,43.0,8.0,272.0,0.056,0.173,3.76,13.0,3.03,26.0,0.0,0.0,114.0,0.0
762,"Lamb, boneless dice or strips, untrimmed, raw",583.0,21.3,6.0,2.16,322.37,0.62,2.4,0.0,0.0,0.0,52.0,5.0,334.0,0.127,0.202,4.3,16.0,2.16,26.0,0.0,0.0,78.0,0.0
763,"Lamb, boneless dice or strips, untrimmed, stir-fried, no added fat",793.0,29.4,7.9,2.98,411.47,0.77,3.12,0.0,0.0,0.0,58.0,5.0,385.0,0.142,0.324,5.33,16.0,3.65,27.0,0.0,0.0,96.0,0.0
764,"Lamb, boneless, fillet or loin, lean, grilled, no added fat",667.0,27.2,5.6,2.66,354.09,0.2,2.22,0.0,0.0,0.0,69.0,8.0,370.0,0.145,0.33,6.25,17.0,2.55,28.0,0.0,0.0,84.0,0.0
765,"Lamb, boneless, fillet or loin, lean, raw",491.0,20.3,4.0,1.82,168.12,0.2,1.6,0.0,0.0,0.0,69.0,5.0,365.0,0.1,0.255,5.6,17.0,2.0,24.0,0.0,0.0,66.0,0.0
766,"Lamb, boneless, fillet or loin, untrimmed, grilled, no added fat",699.0,26.9,6.5,3.11,427.76,0.25,2.58,0.0,0.0,0.0,68.0,7.0,364.0,0.142,0.323,6.27,16.0,2.51,28.0,0.0,0.0,84.0,0.0
767,"Lamb, boneless, fillet or loin, untrimmed, raw",564.0,19.9,6.1,2.77,374.43,0.29,2.37,0.0,0.0,0.0,67.0,5.0,354.0,0.096,0.247,5.46,16.0,1.94,24.0,0.0,0.0,66.0,0.0
768,"Lamb, chop, with bone, chump, lean, grilled, no added fat",957.0,34.1,10.2,3.62,375.78,1.23,4.11,0.0,0.0,0.0,65.0,11.0,330.0,0.17,0.41,6.6,17.0,3.1,32.0,0.0,0.0,93.0,0.0
769,"Lamb, chop, with bone, chump, lean, raw",542.0,22.5,4.3,1.4,171.81,0.49,1.88,0.0,0.0,0.0,65.0,6.0,350.0,0.16,0.26,6.5,17.0,3.1,30.0,0.0,0.0,65.0,0.0
770,"Lamb, chop, with bone, chump, semi-trimmed, grilled, no added fat",1132.0,31.7,16.0,6.46,857.26,1.38,6.24,0.0,0.0,0.0,60.0,10.0,300.0,0.147,0.355,6.65,15.0,2.77,29.0,0.0,0.0,90.0,0.0
771,"Lamb, chop, with bone, chump, semi-trimmed, raw",753.0,21.1,10.6,4.29,785.64,0.75,4.13,0.0,0.0,0.0,60.0,6.0,319.0,0.141,0.237,5.96,15.0,2.78,27.0,0.0,0.0,65.0,0.0
772,"Lamb, chop, with bone, chump, untrimmed, grilled, no added fat",1251.0,30.0,20.0,8.4,1185.86,1.48,7.7,0.0,0.0,0.0,57.0,10.0,280.0,0.131,0.317,6.69,14.0,2.55,27.0,0.0,0.0,89.0,0.0
773,"Lamb, chop, with bone, chump, untrimmed, raw",981.0,19.6,17.5,7.43,1450.55,1.03,6.57,0.0,0.0,0.0,54.0,6.0,286.0,0.12,0.213,5.38,14.0,2.43,24.0,0.0,0.0,64.0,0.0
774,"Lamb, chop, with bone, forequarter, grilled, no added fat",1172.0,25.6,19.9,8.44,1381.02,1.24,7.59,0.0,0.0,0.0,59.0,7.0,301.0,0.08,0.255,5.72,14.0,1.33,24.0,0.0,0.0,80.0,0.0
775,"Lamb, chop, with bone, forequarter, lean, grilled, no added fat",898.0,28.0,11.4,4.3,727.31,0.97,4.44,0.0,0.0,0.0,67.0,8.0,350.0,0.1,0.32,5.4,17.0,1.5,28.0,0.0,0.0,82.0,0.0
776,"Lamb, chop, with bone, forequarter, lean, raw",559.0,20.5,5.7,1.99,257.09,0.72,2.28,0.0,0.0,0.0,72.0,10.0,330.0,0.13,0.26,4.2,17.0,1.6,27.0,0.0,0.0,60.0,0.0
777,"Lamb, chop, with bone, forequarter, semi-trimmed, grilled, no added fat",1108.0,26.2,17.9,7.48,1228.38,1.18,6.86,0.0,0.0,0.0,61.0,7.0,313.0,0.084,0.27,5.65,15.0,1.37,25.0,0.0,0.0,81.0,0.0
778,"Lamb, chop, with bone, forequarter, semi-trimmed, raw",971.0,18.2,17.9,7.57,1447.72,1.17,6.63,0.0,0.0,0.0,60.0,9.0,274.0,0.099,0.215,3.68,14.0,1.32,22.0,0.0,0.0,60.0,0.0
779,"Lamb, chop, with bone, forequarter, untrimmed, raw",1126.0,17.4,22.4,9.65,1893.3,1.34,8.26,0.0,0.0,0.0,56.0,8.0,253.0,0.088,0.199,3.49,13.0,1.22,20.0,0.0,0.0,61.0,0.0
780,"Lamb, chop, with bone, loin or chump, lean, grilled, no added fat",900.0,32.0,9.6,3.48,422.0,1.12,3.82,0.0,0.0,0.0,70.0,11.0,330.0,0.155,0.345,6.75,17.0,2.95,32.0,0.0,0.0,92.0,0.0
781,"Lamb, chop, with bone, loin or chump, lean, raw",606.0,25.6,4.6,1.6,190.44,0.47,1.99,0.0,0.0,0.0,68.0,7.0,340.0,0.145,0.23,6.9,17.0,2.5,30.0,0.0,0.0,69.0,0.0
782,"Lamb, chop, with bone, loin or chump, semi-trimmed, grilled, no added fat",1042.0,30.2,14.3,5.74,798.78,1.24,5.52,0.0,0.0,0.0,65.0,10.0,306.0,0.138,0.306,6.78,15.0,2.7,29.0,0.0,0.0,90.0,0.0
783,"Lamb, chop, with bone, loin or chump, semi-trimmed, raw",804.0,23.8,10.8,4.39,785.16,0.72,4.17,0.0,0.0,0.0,63.0,7.0,311.0,0.128,0.211,6.33,15.0,2.26,27.0,0.0,0.0,68.0,0.0
784,"Lamb, chop, with bone, loin or chump, untrimmed, grilled, no added fat",1202.0,28.4,19.4,8.23,1210.63,1.38,7.42,0.0,0.0,0.0,60.0,10.0,281.0,0.12,0.268,6.81,14.0,2.44,27.0,0.0,0.0,88.0,0.0
785,"Lamb, chop, with bone, loin or chump, untrimmed, raw",1128.0,20.8,20.9,9.02,1771.92,1.14,7.77,0.0,0.0,0.0,54.0,6.0,264.0,0.101,0.182,5.37,13.0,1.89,22.0,0.0,0.0,67.0,0.0
786,"Lamb, cutlet or frenched cutlet, with bone, lean, grilled, no added fat",837.0,30.5,8.6,3.16,442.48,0.94,3.33,0.0,0.0,0.0,66.0,10.0,320.0,0.2,0.36,7.7,17.0,2.6,30.0,0.0,0.0,96.0,0.0
787,"Lamb, cutlet or frenched cutlet, with bone, lean, raw",585.0,20.9,6.2,2.24,259.26,0.56,2.61,0.0,0.0,0.0,64.0,9.0,350.0,0.12,0.26,6.8,17.0,2.1,30.0,0.0,0.0,67.0,0.0
788,"Lamb, cutlet or frenched cutlet, with bone, semi-trimmed, grilled, no added fat",1106.0,27.8,17.1,7.28,1111.25,1.2,6.5,0.0,0.0,0.0,59.0,9.0,280.0,0.162,0.291,7.57,14.0,2.23,26.0,0.0,0.0,92.0,0.0
789,"Lamb, cutlet or frenched cutlet, with bone, semi-trimmed, raw",890.0,19.1,15.3,6.38,1154.26,0.93,5.82,0.0,0.0,0.0,56.0,9.0,304.0,0.099,0.226,5.95,14.0,1.8,26.0,0.0,0.0,66.0,0.0
790,"Lamb, cutlet or frenched cutlet, with bone, untrimmed, grilled, no added fat",1163.0,27.2,18.9,8.13,1250.05,1.25,7.15,0.0,0.0,0.0,57.0,9.0,272.0,0.154,0.277,7.54,14.0,2.16,25.0,0.0,0.0,91.0,0.0
791,"Lamb, cutlet or frenched cutlet, with bone, untrimmed, raw",976.0,18.6,17.8,7.56,1407.8,1.03,6.73,0.0,0.0,0.0,54.0,8.0,291.0,0.093,0.217,5.71,14.0,1.72,24.0,0.0,0.0,66.0,0.0
792,"Lamb, diced, lean, casseroled, no added fat",776.0,32.2,6.2,2.0,246.79,0.71,2.7,0.0,0.0,0.0,43.0,8.0,275.0,0.057,0.176,3.7,14.0,3.07,26.0,0.0,0.0,115.0,0.0
793,"Lamb, diced, lean, raw",554.0,21.3,5.2,1.82,234.54,0.66,2.08,0.0,0.0,0.0,53.0,5.0,340.0,0.13,0.21,4.5,17.0,2.2,27.0,0.0,0.0,78.0,0.0
794,"Lamb, diced, lean, stir-fried, no added fat",773.0,31.3,6.5,2.45,414.7,0.55,2.53,0.0,0.0,0.0,59.0,5.0,390.0,0.14,0.32,5.2,17.0,3.7,27.0,0.0,0.0,96.0,0.0
795,"Lamb, diced, untrimmed, casseroled, no added fat",809.0,31.8,7.2,2.51,329.68,0.74,3.08,0.0,0.0,0.0,42.0,8.0,271.0,0.056,0.172,3.78,13.0,3.02,25.0,0.0,0.0,114.0,0.0
796,"Lamb, diced, untrimmed, raw",588.0,21.1,6.2,2.27,331.86,0.7,2.44,0.0,0.0,0.0,52.0,5.0,335.0,0.128,0.207,4.45,16.0,2.16,26.0,0.0,0.0,78.0,0.0
797,"Lamb, diced, untrimmed, stir-fried, no added fat",806.0,31.0,7.6,2.95,493.83,0.59,2.92,0.0,0.0,0.0,58.0,5.0,384.0,0.137,0.313,5.24,16.0,3.63,26.0,0.0,0.0,96.0,0.0
798,"Lamb, eye of loin, lean, microwaved, no added fat",663.0,26.8,5.6,2.68,357.28,0.2,2.24,0.0,0.0,0.0,63.0,9.0,330.0,0.17,0.3,6.5,17.0,2.3,26.0,0.0,0.0,81.0,0.0
799,"Lamb, eye of loin, lean, raw",498.0,20.8,3.9,1.79,155.83,0.19,1.58,0.0,0.0,0.0,69.0,5.0,360.0,0.11,0.24,6.3,17.0,1.9,25.0,0.0,0.0,62.0,0.0
800,"Lamb, eye of loin, untrimmed, microwaved, no added fat",691.0,26.6,6.5,3.08,421.9,0.24,2.56,0.0,0.0,0.0,62.0,9.0,326.0,0.167,0.295,6.51,16.0,2.27,26.0,0.0,0.0,81.0,0.0
801,"Lamb, eye of loin, untrimmed, raw",545.0,20.6,5.3,2.42,290.36,0.26,2.08,0.0,0.0,0.0,68.0,5.0,353.0,0.107,0.236,6.19,16.0,1.86,24.0,0.0,0.0,62.0,0.0
802,"Lamb, fillet, lean, grilled, no added fat",671.0,27.5,5.5,2.63,350.9,0.2,2.2,0.0,0.0,0.0,75.0,6.0,410.0,0.12,0.36,6.0,17.0,2.8,30.0,0.0,0.0,87.0,0.0
803,"Lamb, fillet, lean, raw",485.0,19.8,4.0,1.84,180.42,0.2,1.62,0.0,0.0,0.0,69.0,5.0,370.0,0.09,0.27,4.9,17.0,2.1,24.0,0.0,0.0,70.0,0.0
804,"Lamb, fillet, untrimmed, grilled, no added fat",707.0,27.2,6.6,3.14,433.62,0.25,2.61,0.0,0.0,0.0,74.0,6.0,403.0,0.117,0.352,6.02,16.0,2.75,30.0,0.0,0.0,87.0,0.0
805,"Lamb, fillet, untrimmed, raw",584.0,19.3,6.9,3.13,458.5,0.33,2.66,0.0,0.0,0.0,66.0,5.0,355.0,0.085,0.259,4.74,16.0,2.01,23.0,0.0,0.0,70.0,0.0
806,"Lamb, leg roast, lean, raw",477.0,21.1,3.2,1.04,127.86,0.36,1.4,0.0,0.0,0.0,68.0,6.0,350.0,0.13,0.21,4.5,17.0,2.1,30.0,0.0,0.0,71.0,0.0
807,"Lamb, leg roast, lean, roasted, no added fat",742.0,30.6,6.0,2.13,221.05,0.73,2.42,0.0,0.0,0.0,65.0,6.0,310.0,0.14,0.32,5.2,17.0,2.6,29.0,0.0,0.0,80.0,0.0
808,"Lamb, leg roast, semi-trimmed, raw",604.0,20.4,7.0,2.74,486.81,0.52,2.74,0.0,0.0,0.0,65.0,6.0,332.0,0.121,0.2,4.33,16.0,1.98,28.0,0.0,0.0,70.0,0.0
809,"Lamb, leg roast, semi-trimmed, roasted, no added fat",840.0,29.7,9.1,3.6,463.64,0.83,3.56,0.0,0.0,0.0,62.0,6.0,297.0,0.131,0.299,5.32,16.0,2.47,28.0,0.0,0.0,80.0,0.0
810,"Lamb, leg roast, untrimmed, raw",786.0,19.4,12.3,5.19,1001.92,0.75,4.66,0.0,0.0,0.0,60.0,6.0,306.0,0.108,0.186,4.08,14.0,1.82,26.0,0.0,0.0,69.0,0.0
811,"Lamb, leg roast, untrimmed, roasted, no added fat",958.0,28.5,12.8,5.37,755.38,0.95,4.93,0.0,0.0,0.0,60.0,6.0,281.0,0.12,0.274,5.46,15.0,2.32,26.0,0.0,0.0,79.0,0.0
812,"Lamb, liver, grilled, no added fat",822.0,21.5,11.1,3.29,412.29,1.87,3.03,2.6,0.0,0.0,73.0,6.0,330.0,0.25,4.5,14.5,680.0,11.0,20.0,23.0,0.0,585.0,0.0
813,"Lamb, loin chop, lean, grilled, no added fat",843.0,29.8,9.1,3.35,468.21,1.0,3.52,0.0,0.0,0.0,74.0,11.0,330.0,0.14,0.28,6.9,17.0,2.8,32.0,0.0,0.0,92.0,0.0
814,"Lamb, loin chop, lean, raw",671.0,28.6,5.0,1.8,209.08,0.45,2.1,0.0,0.0,0.0,71.0,8.0,330.0,0.13,0.2,7.3,17.0,1.9,30.0,0.0,0.0,73.0,0.0
815,"Lamb, loin chop, semi-trimmed, grilled, no added fat",953.0,28.7,12.6,5.02,740.3,1.1,4.8,0.0,0.0,0.0,70.0,11.0,313.0,0.129,0.258,6.91,16.0,2.63,30.0,0.0,0.0,90.0,0.0
816,"Lamb, loin chop, semi-trimmed, raw",856.0,26.6,10.9,4.49,784.68,0.7,4.2,0.0,0.0,0.0,65.0,8.0,303.0,0.115,0.185,6.7,15.0,1.73,27.0,0.0,0.0,72.0,0.0
817,"Lamb, loin chop, untrimmed, grilled, no added fat",1154.0,26.8,18.9,8.06,1235.4,1.28,7.14,0.0,0.0,0.0,64.0,10.0,281.0,0.109,0.218,6.92,14.0,2.33,27.0,0.0,0.0,88.0,0.0
818,"Lamb, loin chop, untrimmed, raw",1276.0,22.0,24.4,10.61,2093.29,1.26,8.98,0.0,0.0,0.0,53.0,7.0,242.0,0.082,0.152,5.35,12.0,1.35,21.0,0.0,0.0,69.0,0.0
819,"Lamb, mince, raw",602.0,20.4,6.9,2.32,285.93,0.82,3.12,0.0,0.0,0.0,57.0,13.0,270.0,0.09,0.19,11.16,17.0,1.77,20.0,0.0,0.0,60.0,0.0
820,"Lamb, mince, stir-fried, no added fat",729.0,24.4,8.5,3.12,324.78,1.07,3.55,0.0,0.0,0.0,74.0,11.0,291.0,0.16,0.26,7.6,0.0,5.0,28.0,0.0,0.0,82.0,0.0
821,"Lamb, mini roast, lean, roasted, no added fat",680.0,27.8,5.6,1.98,206.31,0.68,2.26,0.0,0.0,0.0,58.0,5.0,270.0,0.15,0.34,5.5,17.0,2.7,24.0,0.0,0.0,85.0,0.0
822,"Lamb, mini roast, semi-trimmed, roasted, no added fat",779.0,27.1,8.6,3.42,442.01,0.78,3.37,0.0,0.0,0.0,56.0,5.0,260.0,0.14,0.318,5.59,16.0,2.57,23.0,0.0,0.0,84.0,0.0
823,"Lamb, mini roast, untrimmed, roasted, no added fat",858.0,26.5,11.0,4.56,629.45,0.86,4.26,0.0,0.0,0.0,55.0,5.0,252.0,0.133,0.302,5.67,15.0,2.47,22.0,0.0,0.0,84.0,0.0
824,"Lamb, roasting piece, leg or mini roast, lean, raw",512.0,21.5,4.0,1.28,157.82,0.45,1.72,0.0,0.0,0.0,66.0,5.0,325.0,0.13,0.21,4.45,17.0,2.15,26.0,0.0,0.0,70.0,0.0
825,"Lamb, roasting piece, leg or mini roast, lean, roasted, no added fat",711.0,29.2,5.8,2.06,213.68,0.7,2.34,0.0,0.0,0.0,62.0,5.0,290.0,0.145,0.33,5.35,17.0,2.65,26.0,0.0,0.0,82.0,0.0
826,"Lamb, roasting piece, leg or mini roast, semi-trimmed, raw",633.0,20.8,7.6,2.93,505.71,0.6,3.01,0.0,0.0,0.0,62.0,5.0,309.0,0.121,0.2,4.28,16.0,2.03,25.0,0.0,0.0,70.0,0.0
827,"Lamb, roasting piece, leg or mini roast, semi-trimmed, roasted, no added fat",810.0,28.4,8.8,3.51,452.83,0.8,3.46,0.0,0.0,0.0,59.0,5.0,278.0,0.136,0.309,5.46,16.0,2.52,25.0,0.0,0.0,82.0,0.0
828,"Lamb, roasting piece, leg or mini roast, untrimmed, raw",784.0,19.9,12.0,4.98,938.36,0.78,4.61,0.0,0.0,0.0,59.0,5.0,289.0,0.11,0.189,4.08,15.0,1.89,23.0,0.0,0.0,69.0,0.0
829,"Lamb, roasting piece, leg or mini roast, untrimmed, roasted, no added fat",908.0,27.5,11.9,4.96,692.41,0.91,4.59,0.0,0.0,0.0,57.0,5.0,267.0,0.126,0.288,5.56,15.0,2.4,24.0,0.0,0.0,81.0,0.0
830,"Lamb, roasting piece, shoulder, lean, raw",468.0,18.2,4.3,1.5,193.95,0.54,1.72,0.0,0.0,0.0,53.0,7.0,340.0,0.1,0.24,5.82,17.0,2.2,26.0,0.0,0.0,54.0,0.0
831,"Lamb, roasting piece, shoulder, lean, roasted, no added fat",703.0,29.6,5.4,2.04,344.52,0.46,2.1,0.0,0.0,0.0,69.0,6.0,280.0,0.09,0.28,5.39,17.0,2.2,24.0,0.0,0.0,86.0,0.0
832,"Lamb, roasting piece, shoulder, semi-trimmed, raw",695.0,17.3,10.8,4.48,825.18,0.8,4.07,0.0,0.0,0.0,49.0,7.0,309.0,0.088,0.219,5.35,15.0,1.98,24.0,0.0,0.0,55.0,0.0
833,"Lamb, roasting piece, shoulder, semi-trimmed, roasted, no added fat",859.0,28.2,10.2,4.32,707.34,0.64,3.9,0.0,0.0,0.0,65.0,6.0,263.0,0.081,0.252,5.55,15.0,2.04,22.0,0.0,0.0,85.0,0.0
834,"Lamb, roasting piece, shoulder, untrimmed, raw",894.0,16.5,16.6,7.09,1376.8,1.03,6.12,0.0,0.0,0.0,46.0,6.0,283.0,0.077,0.201,4.94,14.0,1.79,21.0,0.0,0.0,56.0,0.0
835,"Lamb, roasting piece, shoulder, untrimmed, roasted, no added fat",1095.0,26.2,17.5,7.78,1256.08,0.92,6.62,0.0,0.0,0.0,59.0,6.0,237.0,0.067,0.209,5.8,13.0,1.81,20.0,0.0,0.0,83.0,0.0
836,"Lamb, steak, boneless, lean, grilled, no added fat",769.0,30.8,6.6,2.15,264.5,0.76,2.89,0.0,0.0,0.0,75.0,6.0,359.0,0.11,0.266,4.96,16.0,2.94,28.0,0.0,0.0,98.0,0.0
837,"Lamb, steak, boneless, lean, raw",546.0,21.9,4.7,1.52,187.79,0.54,2.05,0.0,0.0,0.0,63.0,4.0,300.0,0.13,0.21,4.4,17.0,2.2,23.0,0.0,0.0,70.0,0.0
838,"Lamb, steak, boneless, semi-trimmed, grilled, no added fat",863.0,29.9,9.6,3.57,496.53,0.85,3.96,0.0,0.0,0.0,72.0,6.0,343.0,0.103,0.249,5.09,16.0,2.8,26.0,0.0,0.0,97.0,0.0
839,"Lamb, steak, boneless, semi-trimmed, raw",662.0,21.2,8.2,3.11,524.61,0.68,3.28,0.0,0.0,0.0,60.0,4.0,286.0,0.121,0.201,4.24,16.0,2.08,22.0,0.0,0.0,69.0,0.0
840,"Lamb, steak, boneless, untrimmed, grilled, no added fat",937.0,29.2,11.9,4.7,681.05,0.93,4.82,0.0,0.0,0.0,70.0,6.0,331.0,0.097,0.236,5.19,15.0,2.69,25.0,0.0,0.0,96.0,0.0
841,"Lamb, steak, boneless, untrimmed, raw",782.0,20.4,11.8,4.76,874.8,0.82,4.56,0.0,0.0,0.0,58.0,4.0,272.0,0.113,0.191,4.08,15.0,1.96,21.0,0.0,0.0,69.0,0.0
842,"Lamb, stir-fry strips, lean, casseroled, no added fat",776.0,32.2,6.2,2.0,246.79,0.71,2.7,0.0,0.0,0.0,43.0,8.0,275.0,0.057,0.176,3.7,14.0,3.07,26.0,0.0,0.0,115.0,0.0
843,"Lamb, stir-fry strips, lean, raw",528.0,21.9,4.2,1.36,167.81,0.48,1.83,0.0,0.0,0.0,53.0,5.0,340.0,0.13,0.2,4.2,17.0,2.2,27.0,0.0,0.0,78.0,0.0
844,"Lamb, stir-fry strips, lean, stir-fried, no added fat",763.0,28.1,7.7,2.73,283.68,0.93,3.1,0.0,0.0,0.0,59.0,5.0,390.0,0.15,0.34,5.4,17.0,3.7,27.0,0.0,0.0,96.0,0.0
845,"Lamb, stir-fry strips, untrimmed, casseroled, no added fat",794.0,32.0,6.8,2.28,292.68,0.72,2.91,0.0,0.0,0.0,43.0,8.0,273.0,0.057,0.174,3.75,13.0,3.04,26.0,0.0,0.0,114.0,0.0
846,"Lamb, stir-fry strips, untrimmed, raw",578.0,21.6,5.7,2.05,312.87,0.54,2.36,0.0,0.0,0.0,52.0,5.0,333.0,0.126,0.196,4.14,16.0,2.15,26.0,0.0,0.0,78.0,0.0
847,"Lamb, stir-fry strips, untrimmed, stir-fried, no added fat",781.0,28.0,8.3,3.0,329.11,0.95,3.31,0.0,0.0,0.0,59.0,5.0,386.0,0.148,0.336,5.42,16.0,3.66,27.0,0.0,0.0,96.0,0.0
848,"Lamb, with bone, shin, lean, casseroled, no added fat",755.0,34.6,4.5,2.0,243.2,0.19,1.62,0.0,0.0,0.0,83.0,20.0,260.0,0.02,0.22,2.6,17.0,3.6,25.0,0.0,0.0,80.0,0.0
849,"Lamb, with bone, shin, lean, raw",477.0,23.9,1.9,0.82,134.01,0.08,0.66,0.0,0.0,0.0,110.0,15.0,350.0,0.05,0.22,3.9,17.0,1.9,24.0,0.0,0.0,71.0,0.0
850,"Lamb, with bone, shin, semi-trimmed, casseroled, no added fat",852.0,33.4,7.7,3.48,484.35,0.32,2.81,0.0,0.0,0.0,79.0,19.0,250.0,0.019,0.206,2.89,16.0,3.41,24.0,0.0,0.0,80.0,0.0
851,"Lamb, with bone, shin, semi-trimmed, raw",617.0,22.9,6.2,2.73,532.03,0.28,2.2,0.0,0.0,0.0,103.0,14.0,330.0,0.046,0.208,3.75,16.0,1.78,22.0,0.0,0.0,70.0,0.0
852,"Lamb, with bone, shin, untrimmed, casseroled, no added fat",965.0,32.0,11.4,5.2,764.77,0.48,4.2,0.0,0.0,0.0,75.0,18.0,239.0,0.017,0.189,3.22,15.0,3.19,23.0,0.0,0.0,79.0,0.0
853,"Lamb, with bone, shin, untrimmed, raw",785.0,21.7,11.2,5.0,1006.95,0.52,4.04,0.0,0.0,0.0,95.0,13.0,306.0,0.042,0.195,3.58,14.0,1.65,21.0,0.0,0.0,69.0,0.0
854,"Lasagne, beef, commercial, purchased frozen, baked",572.0,6.6,6.6,3.47,174.95,0.55,2.18,11.8,1.6,2.1,290.0,60.0,150.0,0.02,0.1,2.0,15.0,1.0,9.0,0.0,0.0,16.0,0.0
855,"Lasagne, beef, homemade",751.0,9.9,8.0,4.39,166.14,0.41,2.24,16.2,3.0,1.4,112.0,91.0,324.0,0.034,0.106,1.29,5.0,1.01,22.0,0.0,0.0,24.0,0.0
856,"Leek, fresh, boiled, drained",151.0,2.3,0.4,0.0,0.0,0.0,0.0,4.1,4.1,3.4,18.0,35.0,260.0,0.044,0.08,0.38,25.0,0.74,15.0,25.0,0.0,0.0,0.0
857,"Leek, fresh, fried, no added fat",164.0,2.5,0.5,0.0,0.0,0.0,0.0,4.4,4.4,3.7,20.0,40.0,313.0,0.054,0.092,0.46,34.0,0.84,17.0,31.0,0.0,0.0,0.0
858,"Leek, fresh, raw",136.0,2.1,0.4,0.0,0.0,0.0,0.0,3.7,3.7,3.1,17.0,33.0,260.0,0.05,0.08,0.4,35.0,0.7,14.0,30.0,0.0,0.0,0.0
859,"Lemon peel, raw",121.0,1.5,0.3,0.07,0.0,0.15,0.02,0.0,0.0,10.6,6.0,134.0,160.0,0.06,0.08,0.4,13.0,0.8,15.0,129.0,0.0,0.0,0.0
860,"Lemon, peeled, raw",115.0,0.6,0.2,0.0,0.0,0.0,0.0,1.8,1.8,2.5,2.0,20.0,120.0,0.04,0.02,0.2,11.0,0.3,9.0,48.0,0.0,0.0,0.0
861,"Lemon, preserved",102.0,0.7,0.2,0.01,0.0,0.02,0.0,1.3,1.3,3.5,4449.0,40.0,114.0,0.038,0.027,0.2,9.0,0.35,9.0,55.0,0.0,0.0,0.0
862,"Lentil, dried, boiled, drained",385.0,7.3,0.5,0.07,0.0,0.25,0.1,11.9,0.5,4.1,1.0,15.0,144.0,0.072,0.003,0.33,14.0,1.63,21.0,1.0,0.0,0.0,0.0
863,"Lentil, French, hulled, dry",1353.0,28.3,2.0,0.24,0.0,0.96,0.4,38.8,1.0,15.0,2.0,55.0,670.0,0.5,0.01,1.6,90.0,5.4,91.0,4.0,0.0,0.0,0.0
864,"Lentil, green, hulled, dry",1330.0,25.3,1.7,0.24,0.0,0.8,0.32,40.9,1.5,14.6,13.0,56.0,670.0,0.22,0.01,1.6,80.0,5.6,95.0,4.0,0.0,0.0,0.0
865,"Lentil, hulled, dry",1349.0,25.5,1.9,0.24,0.0,0.88,0.35,41.8,1.7,14.4,6.0,60.0,670.0,0.387,0.013,1.67,80.0,6.7,93.0,4.0,0.0,0.0,0.0
866,"Lentil, red, hulled, dry",1364.0,23.0,1.9,0.24,0.0,0.89,0.32,45.7,2.7,13.7,2.0,70.0,670.0,0.44,0.02,1.8,70.0,9.1,94.0,2.0,0.0,0.0,0.0
867,"Lettuce, cos, raw",80.0,1.4,0.3,0.0,0.0,0.0,0.0,1.8,1.8,1.8,18.0,20.0,210.0,0.03,0.06,0.3,57.0,0.7,13.0,13.0,0.0,0.0,0.0
868,"Lettuce, iceberg, raw",60.0,1.0,0.0,0.0,0.0,0.0,0.0,2.1,2.1,1.1,12.0,18.0,170.0,0.06,0.03,0.0,87.0,0.26,9.0,2.0,0.0,0.0,0.0
869,"Lettuce, mignonette, raw",64.0,1.3,0.3,0.0,0.0,0.0,0.0,1.1,1.1,1.4,18.0,20.0,230.0,0.05,0.07,0.3,57.0,1.1,13.0,12.0,0.0,0.0,0.0
870,"Lime, native, fruit",137.0,0.1,2.7,1.02,0.0,0.44,0.45,0.4,0.4,3.6,4.0,32.0,83.0,0.0,0.0,0.2,347.0,0.0,10.0,347.0,0.0,0.0,0.0
871,"Lime, peeled, raw",122.0,0.8,0.2,0.0,0.0,0.0,0.0,1.2,1.2,4.1,3.0,22.0,150.0,0.03,0.02,0.2,8.0,0.3,11.0,47.0,0.0,0.0,0.0
872,"Liquorice, allsorts",1473.0,2.3,0.3,0.22,0.0,0.04,0.03,88.1,76.2,1.4,48.0,113.0,425.0,0.0,0.0,0.84,0.0,3.52,48.0,0.0,0.0,0.0,0.0
873,"Liquorice, black",1283.0,5.7,0.8,0.56,0.0,0.11,0.07,70.3,40.6,3.5,120.0,280.0,1060.0,0.0,0.0,2.1,0.0,8.8,120.0,0.0,0.0,0.0,0.0
874,"Liquorice, chocolate-coated",1552.0,6.3,9.7,6.02,47.54,0.32,2.87,66.0,44.8,3.2,104.0,272.0,870.0,0.015,0.098,1.55,11.0,6.59,99.0,1.0,6.0,6.0,0.0
875,"Lobster, southern rock, wild, flesh, purchased steamed or boiled",411.0,22.5,0.8,0.13,0.92,0.19,0.13,0.0,0.0,0.0,283.0,63.0,364.0,0.0,0.059,2.08,19.0,0.0,45.0,0.0,0.0,262.0,0.0
876,"Lobster, southern rock, wild, flesh, raw",370.0,20.2,0.7,0.12,0.83,0.17,0.11,0.0,0.0,0.0,283.0,57.0,364.0,0.0,0.056,2.08,23.0,0.0,41.0,0.0,0.0,236.0,0.0
877,"Lolly, hard varieties",1566.0,0.0,0.0,0.0,0.0,0.0,0.0,98.4,93.2,0.0,250.0,71.0,3.0,0.0,0.0,0.0,0.0,0.1,0.0,0.0,0.0,0.0,0.0
878,"Lolly, jelly varieties",1260.0,3.9,0.0,0.0,0.0,0.0,0.0,75.1,45.3,0.0,39.0,6.0,3.0,0.0,0.0,0.0,0.0,0.12,1.0,0.0,0.0,0.0,0.0
879,"Lolly, mint flavoured, sugar sweetened",1588.0,0.1,2.0,0.18,36.0,0.68,0.71,93.3,74.3,0.0,48.0,1.0,3.0,0.0,0.0,0.0,0.0,0.0,1.0,0.0,0.0,0.0,0.0
881,"Loquat, peeled, raw",122.0,1.0,0.2,0.0,0.0,0.0,0.0,4.9,4.9,1.7,2.0,13.0,180.0,0.01,0.02,0.3,14.0,0.5,7.0,4.0,0.0,0.0,0.0
882,"Lupin, dehulled, flakes, uncooked",1295.0,36.9,7.7,1.06,0.0,2.61,2.2,10.0,3.6,27.0,50.0,81.0,715.0,0.64,0.02,2.2,350.0,4.0,188.0,2.0,0.0,0.0,0.0
883,"Lupin, dehulled, splits, uncooked",1320.0,37.5,7.9,1.08,0.0,2.68,2.26,10.0,2.8,27.8,50.0,84.0,730.0,0.67,0.02,1.9,350.0,4.3,189.0,2.0,0.0,0.0,0.0
884,"Lupin, whole, uncooked",1182.0,28.6,6.5,0.89,0.0,2.2,1.86,7.4,2.3,41.5,50.0,211.0,570.0,0.56,0.02,2.2,350.0,3.9,171.0,2.0,0.0,0.0,0.0
885,"Lychee, peeled, raw",296.0,1.1,0.1,0.0,0.0,0.0,0.0,16.2,16.2,1.3,1.0,2.0,150.0,0.05,0.07,0.5,14.0,0.5,7.0,49.0,0.0,0.0,0.0
886,"Macaroni & cheese, homemade, cooked unfilled pasta, homemade cheese sauce",697.0,6.4,5.4,3.47,214.3,0.29,1.21,21.5,1.0,1.7,59.0,79.0,63.0,0.05,0.066,0.26,19.0,0.58,23.0,0.0,0.0,16.0,0.0
887,"Mackerel, grilled, no added fat",768.0,26.4,8.6,2.78,8.54,2.65,2.33,0.0,0.0,0.0,81.0,15.0,611.0,0.169,0.233,3.15,1.0,0.6,45.0,2.0,0.0,104.0,0.0
888,"Mackerel, raw",561.0,19.3,6.3,2.03,6.24,1.93,1.7,0.0,0.0,0.0,59.0,11.0,446.0,0.13,0.17,2.3,1.0,0.44,33.0,2.0,0.0,76.0,0.0
889,"Mackerel, steamed, no added fat",668.0,23.0,7.5,2.42,7.42,2.3,2.03,0.0,0.0,0.0,60.0,13.0,451.0,0.124,0.182,2.33,1.0,0.52,35.0,1.0,0.0,90.0,0.0
890,"Maize, grits, uncooked",1461.0,8.1,1.3,0.16,0.0,0.57,0.33,73.3,0.0,2.7,0.0,1.0,428.0,0.05,0.01,1.2,5.0,0.4,20.0,0.0,0.0,0.0,0.0
891,"Mandarin, canned in syrup",240.0,0.4,0.1,0.0,0.0,0.0,0.0,13.5,13.4,0.6,5.0,7.0,72.0,0.0,0.0,0.0,0.0,0.36,6.0,11.0,0.0,0.0,0.0
892,"Mandarin, canned in syrup, drained",254.0,0.5,0.2,0.0,0.0,0.0,0.0,13.8,13.6,1.1,6.0,9.0,72.0,0.0,0.0,0.0,0.0,0.4,6.0,11.0,0.0,0.0,0.0
893,"Mandarin, canned in syrup, syrup only",223.0,0.2,0.0,0.0,0.0,0.0,0.0,13.2,13.2,0.0,4.0,5.0,72.0,0.0,0.0,0.0,0.0,0.3,5.0,12.0,0.0,0.0,0.0
894,"Mandarin, peeled, raw",195.0,0.9,0.0,0.0,0.0,0.0,0.0,9.8,9.8,1.6,3.0,29.0,180.0,0.03,0.03,0.0,26.0,0.0,13.0,28.0,0.0,0.0,0.0
895,"Mango, peeled, raw",237.0,0.4,0.0,0.0,0.0,0.0,0.0,13.4,12.9,1.3,0.0,9.0,153.0,0.06,0.02,0.0,32.0,0.17,10.0,24.0,0.0,0.0,0.0
896,"Mango, pulped, canned",259.0,0.4,0.0,0.0,0.0,0.0,0.0,14.8,14.3,1.2,0.0,8.0,132.0,0.046,0.017,0.0,15.0,0.16,9.0,12.0,0.0,0.0,0.0
897,"Margarine spread, monounsaturated (65% fat), rice bran oil, fortified",2425.0,0.3,65.4,21.22,8.75,16.73,26.29,0.0,0.0,0.0,310.0,7.0,20.0,0.0,0.0,0.0,4.0,0.0,1.0,0.0,0.0,0.0,0.0
898,"Margarine spread, monounsaturated (70% fat), reduced salt (sodium 350 mg/100 g), added phytosterols",2820.0,0.7,75.9,16.62,507.92,18.86,36.64,0.0,0.0,0.0,356.0,3.0,18.0,0.0,0.0,0.0,5.0,0.01,1.0,0.0,0.0,0.0,0.0
899,"Margarine spread, monounsaturated (greater than 65% fat)",2500.0,0.5,67.3,14.86,565.77,16.73,32.3,0.0,0.0,0.0,358.0,7.0,20.0,0.0,0.0,0.0,4.0,0.0,1.0,0.0,0.0,0.0,0.0
900,"Margarine spread, monounsaturated (greater than 65% fat), reduced salt (sodium 360 mg/100 g)",2565.0,1.0,68.9,15.83,566.16,16.08,33.67,0.0,0.0,0.0,362.0,3.0,18.0,0.0,0.0,0.0,5.0,0.01,1.0,0.0,0.0,0.0,0.0
901,"Margarine spread, monounsaturated, olive oil blend (65% fat), reduced salt (sodium 360 mg/100 g)",2376.0,1.0,63.8,16.1,524.26,17.28,27.18,0.0,0.0,0.0,350.0,3.0,32.0,0.0,0.0,0.0,5.0,0.01,1.0,0.0,0.0,0.0,0.0
902,"Margarine spread, monounsaturated, reduced fat (55% fat) & salt (sodium 380 mg/100 g)",1922.0,1.0,51.5,11.52,738.51,12.26,24.96,0.0,0.0,0.0,338.0,3.0,18.0,0.0,0.0,0.0,5.0,0.01,1.0,0.0,0.0,0.0,0.0
903,"Margarine spread, monounsaturated, reduced fat (less than 65% fat)",2342.0,0.5,63.1,13.72,522.24,13.64,31.95,0.0,0.0,0.0,442.0,3.0,64.0,0.0,0.0,0.0,5.0,0.01,1.0,0.0,0.0,0.0,0.0
904,"Margarine spread, polyunsaturated (70% fat)",2552.0,0.0,69.0,14.79,148.33,30.0,21.54,0.0,0.0,0.0,562.0,7.0,24.0,0.0,0.0,0.0,4.0,0.0,1.0,0.0,0.0,0.0,0.0
905,"Margarine spread, polyunsaturated (70% fat), reduced salt (sodium 280 mg/100 g)",2636.0,1.0,70.8,17.34,203.0,30.26,20.33,0.0,0.0,0.0,283.0,3.0,18.0,0.0,0.0,0.0,5.0,0.01,1.0,0.0,0.0,0.0,0.0
906,"Marmalade, orange",1060.0,0.1,0.0,0.0,0.0,0.0,0.0,65.5,65.4,0.8,33.0,15.0,27.0,0.0,0.0,0.0,9.0,0.3,29.0,2.0,0.0,0.0,0.0
907,"Mayonnaise, low fat, commercial",514.0,0.5,1.8,0.23,10.04,0.67,0.76,27.1,20.5,0.0,678.0,8.0,16.0,0.0,0.49,0.0,0.0,0.3,2.0,0.0,0.0,24.0,0.0
908,"Mayonnaise, traditional (greater than 65% fat), commercial",2651.0,0.8,67.2,8.28,411.16,32.47,23.04,8.7,7.9,0.5,480.0,8.0,14.0,0.0,0.02,0.0,0.0,0.0,2.0,0.0,0.0,24.0,0.0
909,"Meat alternative, legume and/or vegetable base, as purchased",755.0,7.5,5.9,0.81,22.42,2.16,2.46,21.3,4.9,5.5,360.0,49.0,340.0,0.25,0.06,1.5,76.0,1.8,48.0,0.0,0.0,0.0,0.0
910,"Meat alternative, legume and/or vegetable base, cooked",932.0,9.2,7.3,1.0,27.68,2.67,3.04,26.3,6.0,6.8,311.0,51.0,294.0,0.17,0.048,1.11,38.0,1.78,44.0,0.0,0.0,0.0,0.0
911,"Meat alternative, mycoprotein/fungus base, commercial, as purchased",478.0,13.8,4.1,0.85,7.87,2.26,0.78,2.5,0.0,5.6,170.0,200.0,120.0,0.04,0.22,0.0,88.0,0.4,42.0,0.0,0.0,0.0,0.0
912,"Meat alternative, mycoprotein/fungus base, cooked",655.0,18.8,5.6,1.17,10.78,3.1,1.07,3.4,0.0,7.7,233.0,274.0,164.0,0.049,0.286,0.0,97.0,0.55,58.0,0.0,0.0,0.0,0.0
913,"Meat alternative, protein (soy/wheat/pea) base, as purchased",944.0,19.4,13.4,5.56,167.23,3.07,3.95,3.2,0.8,4.4,520.0,74.0,320.0,0.06,0.04,0.0,52.0,4.0,45.0,0.0,0.0,0.0,0.0
914,"Meat alternative, protein (soy/wheat/pea) base, cooked",1165.0,23.9,16.5,6.86,206.46,3.8,4.88,4.0,1.0,5.4,642.0,91.0,395.0,0.07,0.047,0.0,61.0,4.94,56.0,0.0,0.0,0.0,0.0
915,"Melon, bitter, fresh, raw",46.0,0.9,0.0,0.0,0.0,0.0,0.0,0.2,0.1,3.3,3.0,22.0,260.0,0.05,0.03,0.4,72.0,0.9,16.0,50.0,0.0,0.0,0.0
916,"Melon, hairy, fresh, raw",61.0,0.7,0.0,0.0,0.0,0.0,0.0,2.0,1.7,2.1,2.0,12.0,250.0,0.07,0.05,0.2,72.0,0.3,15.0,69.0,0.0,0.0,0.0
917,"Melon, honey dew, white skin, peeled, raw",149.0,0.7,0.3,0.0,0.0,0.0,0.0,7.1,7.1,1.0,44.0,39.0,160.0,0.02,0.02,0.2,19.0,0.3,16.0,20.0,0.0,0.0,0.0
918,"Melon, honey dew, yellow skin, peeled, raw",107.0,0.8,0.3,0.0,0.0,0.0,0.0,4.4,4.4,0.9,40.0,38.0,150.0,0.02,0.01,0.2,19.0,0.4,9.0,12.0,0.0,0.0,0.0
919,"Melon, rockmelon, peeled, raw",99.0,0.5,0.1,0.0,0.0,0.0,0.0,4.7,4.7,1.0,14.0,7.0,215.0,0.02,0.02,0.2,20.0,0.24,8.0,34.0,0.0,0.0,0.0
920,"Melon, watermelon, peeled, raw",133.0,0.6,0.0,0.0,0.0,0.0,0.0,7.3,7.0,0.4,3.0,5.0,122.0,0.02,0.0,0.0,0.0,0.1,12.0,4.0,0.0,0.0,0.0
921,"Meringue, all flavours, commercial",1538.0,2.6,1.4,0.13,0.0,0.5,0.46,90.1,89.4,0.0,40.0,3.0,32.0,0.0,0.07,0.2,6.0,0.0,0.0,0.0,0.0,0.0,0.0
923,"Milk, cow, canned, evaporated, reduced fat (approximately 2% fat)",380.0,7.8,2.1,1.35,39.09,0.07,0.52,10.6,10.6,0.0,104.0,266.0,348.0,0.075,0.555,0.1,0.0,0.3,25.0,0.0,0.0,10.0,0.0
924,"Milk, cow, canned, evaporated, regular",588.0,7.5,8.2,5.23,151.72,0.29,2.04,10.0,10.0,0.0,104.0,256.0,340.0,0.065,0.505,0.15,0.0,0.15,24.0,1.0,0.0,24.0,0.0
925,"Milk, cow, canned, sweetened, condensed, regular",1362.0,8.3,9.2,6.03,304.29,0.22,2.18,55.0,55.0,0.0,106.0,268.0,357.0,0.08,0.605,0.3,0.0,0.15,25.0,1.0,0.0,31.0,0.0
926,"Milk, cow, fluid, flavoured, chocolate, reduced fat",264.0,3.3,1.9,1.25,48.48,0.06,0.41,8.6,8.6,0.0,46.0,112.0,169.0,0.01,0.175,0.2,6.0,0.22,14.0,0.0,1.0,8.0,0.0
927,"Milk, cow, fluid, lactose free, reduced fat (1% fat)",184.0,3.4,1.2,0.81,2.27,0.03,0.26,5.0,4.8,0.1,41.0,117.0,150.0,0.05,0.15,0.0,0.0,0.0,10.0,0.0,0.0,5.0,0.0
928,"Milk, cow, fluid, lactose free, regular fat (3.5% fat)",249.0,3.1,3.2,2.16,6.05,0.08,0.68,4.7,4.5,0.0,35.0,110.0,150.0,0.05,0.15,0.0,0.0,0.0,10.0,0.0,0.0,11.0,0.0
929,"Milk, cow, fluid, reduced fat (1% fat)",181.0,3.3,1.2,0.85,26.08,0.03,0.24,4.8,4.8,0.0,36.0,115.0,156.0,0.02,0.173,1.1,5.0,0.01,11.0,0.0,0.0,5.0,0.0
930,"Milk, cow, fluid, reduced fat (1.5% fat), added omega 3 polyunsaturates",213.0,4.5,1.4,0.48,14.55,0.11,0.73,5.1,5.1,0.0,40.0,110.0,200.0,0.04,0.22,0.0,26.0,0.44,11.0,0.0,0.0,5.0,0.0
931,"Milk, cow, fluid, regular fat (3.5% fat)",271.0,3.3,3.4,2.31,100.55,0.08,0.77,5.4,5.4,0.0,35.0,106.0,142.0,0.022,0.183,0.26,5.0,0.02,10.0,0.0,0.0,10.0,0.0
932,"Milk, cow, fluid, regular fat (3.5% fat), added omega 3 polyunsaturates",253.0,3.1,3.2,2.08,61.39,0.12,0.81,5.1,5.1,0.0,40.0,110.0,200.0,0.04,0.22,0.0,14.0,0.44,10.0,0.0,0.0,5.0,0.0
933,"Milk, cow, fluid, skim (0.15% fat)",146.0,3.6,0.0,0.0,0.0,0.0,0.0,5.3,5.3,0.0,38.0,115.0,160.0,0.02,0.17,0.0,9.0,0.0,11.0,0.0,0.0,3.0,0.0
934,"Milk, cow, fluid, skim (0.15% fat), added milk solids",173.0,4.2,0.0,0.01,0.3,0.0,0.0,6.3,6.3,0.0,46.0,135.0,193.0,0.024,0.201,0.0,9.0,0.0,13.0,0.0,0.0,3.0,0.0
936,"Milk, cow, powder, regular fat, added vitamins A & D",2128.0,25.3,27.3,18.26,508.23,0.67,6.04,43.0,43.0,0.0,310.0,850.0,1300.0,0.2,1.6,0.0,117.0,0.0,80.0,41.0,0.0,110.0,0.0
937,"Milk, cow, powder, regular fat, unfortified",2128.0,25.3,27.3,18.26,508.23,0.67,6.04,43.0,43.0,0.0,310.0,850.0,1300.0,0.2,1.6,0.0,117.0,0.0,80.0,41.0,0.0,110.0,0.0
938,"Milk, cow, powder, skim",1519.0,34.9,0.8,0.51,14.89,0.05,0.18,56.0,56.0,0.0,420.0,1100.0,1800.0,0.23,1.7,0.0,26.0,0.0,110.0,13.0,0.0,29.0,0.0
939,"Milk, human/breast, mature, fluid",286.0,1.3,4.2,1.9,99.22,0.46,1.38,6.8,6.8,0.0,17.0,32.0,51.0,0.014,0.036,0.18,5.0,0.03,3.0,5.0,0.0,14.0,0.0
940,"Milkfish, aquacultured, flesh, grilled, no added fat",1089.0,32.0,14.7,5.19,251.42,2.67,5.11,0.0,0.0,0.0,115.0,25.0,475.0,0.195,0.178,4.52,0.0,0.55,42.0,0.0,0.0,101.0,0.0
941,"Milkfish, aquacultured, flesh, raw",795.0,23.4,10.7,3.79,183.54,1.95,3.73,0.0,0.0,0.0,84.0,18.0,347.0,0.15,0.13,3.3,0.0,0.4,31.0,0.0,0.0,74.0,0.0
942,"Milkfish, aquacultured, flesh, steamed, no added fat",946.0,27.8,12.8,4.51,218.5,2.32,4.44,0.0,0.0,0.0,85.0,22.0,351.0,0.143,0.139,3.34,0.0,0.48,33.0,0.0,0.0,88.0,0.0
943,"Millet, boiled, no added fat or salt",487.0,3.3,1.1,0.11,0.0,0.65,0.19,22.1,0.2,1.2,2.0,4.0,64.0,0.081,0.009,1.51,20.0,1.71,35.0,0.0,0.0,0.0,0.0
944,"Millet, uncooked",1483.0,10.2,3.5,0.33,0.0,1.97,0.57,67.4,0.6,3.7,1.0,8.0,195.0,0.31,0.03,5.1,85.0,5.2,104.0,0.0,0.0,0.0,0.0
945,"Mineral water, citrus flavoured",152.0,0.0,0.0,0.0,0.0,0.0,0.0,9.3,9.3,0.0,15.0,5.0,5.0,0.0,0.0,0.0,1.0,0.06,4.0,0.0,0.0,0.0,0.0
946,"Mineral water, natural, unflavoured",0.0,0.0,0.0,0.0,0.0,0.0,0.0,0.0,0.0,0.0,8.0,6.0,1.0,0.0,0.0,0.0,0.0,0.0,4.0,0.0,0.0,0.0,0.0
947,"Mint, fresh, raw",225.0,3.1,1.1,0.26,0.0,0.52,0.04,4.4,0.9,7.2,28.0,210.0,380.0,0.15,0.13,0.8,114.0,3.6,34.0,26.0,0.0,0.0,0.0
949,"Mixed dried fruit",1241.0,2.4,0.6,0.08,7.61,0.18,0.07,71.2,68.4,3.6,18.0,57.0,733.0,0.119,0.011,0.25,7.0,1.58,32.0,1.0,0.0,0.0,0.0
950,"Mixed leafy greens, commercial, raw",54.0,2.2,0.0,0.0,0.0,0.0,0.0,0.0,0.0,2.0,91.0,96.0,400.0,0.02,0.09,0.0,44.0,1.6,74.0,2.0,0.0,0.0,0.0
951,"Mixed vegetables, purchased frozen, carrot, corn & pea/bean, boiled, drained",187.0,1.8,0.3,0.0,0.0,0.0,0.0,5.9,2.7,5.9,25.0,31.0,190.0,0.07,0.0,1.2,36.0,0.58,13.0,4.0,0.0,0.0,0.0
952,"Morwong, fillet, grilled, no added fat",745.0,26.5,7.9,2.72,142.3,1.69,2.8,0.0,0.0,0.0,122.0,75.0,532.0,0.078,0.096,7.26,0.0,0.55,36.0,0.0,0.0,86.0,0.0
953,"Morwong, fillet, raw",544.0,19.4,5.8,1.99,103.88,1.24,2.04,0.0,0.0,0.0,89.0,55.0,388.0,0.06,0.07,5.3,0.0,0.4,26.0,0.0,0.0,63.0,0.0
954,"Morwong, fillet, steamed, no added fat",528.0,23.0,3.7,1.37,66.27,0.76,1.25,0.0,0.0,0.0,86.0,24.0,381.0,0.07,0.1,4.1,0.0,0.4,29.0,0.0,0.0,70.0,0.0
955,"Muesli, granola, non-oat based, toasted, added nuts & seeds, unfortified",1851.0,11.9,18.8,2.01,0.0,8.95,6.76,53.5,8.7,6.6,59.0,56.0,410.0,0.25,0.04,3.8,69.0,3.6,170.0,0.0,0.0,0.0,0.0
956,"Muesli, granola, toasted, added nuts & seeds, unfortified",1776.0,11.2,17.6,2.93,0.0,4.92,8.63,52.3,16.3,7.6,68.0,67.0,360.0,0.31,0.02,1.1,60.0,3.1,110.0,0.0,0.0,0.0,0.0
958,"Muesli, toasted, added dried fruit & nuts, unfortified",1680.0,8.9,13.3,2.41,125.18,4.05,5.76,56.6,21.7,11.4,33.0,56.0,380.0,0.78,0.59,5.2,130.0,4.6,97.0,0.0,0.0,0.0,0.0
959,"Muesli, untoasted or natural style, added dried fruit, unfortified",1646.0,10.8,10.8,2.77,0.0,3.51,3.91,59.2,18.7,9.4,41.0,57.0,440.0,0.32,0.06,1.7,130.0,4.2,110.0,0.0,0.0,0.0,0.0
960,"Muffin, cake-style, berry, commercial",1412.0,5.2,15.7,3.7,209.75,3.37,7.79,44.4,26.1,1.9,367.0,110.0,120.0,0.16,0.1,0.5,0.0,1.2,16.0,2.0,0.0,41.0,0.0
961,"Muffin, cake-style, chocolate chip, commercial",1567.0,6.4,17.7,3.65,201.84,4.1,8.92,48.1,29.5,1.4,344.0,110.0,152.0,0.16,0.1,0.5,0.0,1.2,27.0,0.0,8.0,24.0,0.0
962,"Muffin, English style, from white flour",938.0,10.1,2.1,0.34,20.56,0.64,0.85,38.7,1.7,3.2,418.0,170.0,130.0,0.521,0.03,2.3,195.0,1.1,24.0,0.0,0.0,0.0,0.0
963,"Muffin, English style, from white flour, added dried fruit, toasted",1050.0,9.8,2.0,0.34,20.22,0.62,0.81,46.1,11.2,3.6,392.0,169.0,225.0,0.405,0.03,2.18,155.0,1.27,27.0,0.0,0.0,0.0,0.0
964,"Muffin, English style, from white flour, toasted",1019.0,11.0,2.3,0.38,22.35,0.7,0.93,42.1,1.8,3.4,454.0,185.0,141.0,0.453,0.033,2.5,180.0,1.2,26.0,0.0,0.0,0.0,0.0
965,"Mulberry, raw",139.0,2.2,0.2,0.0,0.0,0.0,0.0,4.3,4.3,2.2,6.0,20.0,310.0,0.01,0.01,0.7,6.0,0.3,12.0,10.0,0.0,0.0,0.0
966,"Mullet, yelloweye, fillet, baked, no added fat",752.0,26.4,8.2,3.65,147.2,1.09,2.7,0.0,0.0,0.0,179.0,73.0,423.0,0.0,0.13,6.12,0.0,0.55,38.0,0.0,0.0,130.0,0.0
967,"Mullet, yelloweye, fillet, raw",549.0,19.2,6.0,2.67,107.46,0.79,1.97,0.0,0.0,0.0,131.0,53.0,309.0,0.0,0.1,4.7,0.0,0.4,28.0,0.0,0.0,95.0,0.0
968,"Mullet, yelloweye, fillet, steamed, no added fat",559.0,22.0,5.0,2.0,89.55,0.92,1.6,0.0,0.0,0.0,144.0,40.0,284.0,0.0,0.13,4.7,0.0,0.6,34.0,0.0,0.0,91.0,0.0
969,"Mulloway, flesh, baked, no added fat",595.0,28.2,3.2,1.07,56.43,0.88,0.9,0.0,0.0,0.0,74.0,36.0,455.0,0.049,0.156,4.55,0.0,0.55,34.0,1.0,0.0,86.0,0.0
970,"Mulloway, flesh, raw",435.0,20.6,2.3,0.78,41.19,0.64,0.65,0.0,0.0,0.0,54.0,26.0,332.0,0.04,0.12,3.5,0.0,0.4,25.0,1.0,0.0,63.0,0.0
971,"Mulloway, flesh, steamed, no added fat",540.0,23.2,3.9,1.36,69.85,1.07,1.07,0.0,0.0,0.0,63.0,30.0,353.0,0.07,0.2,3.8,0.0,0.6,28.0,1.0,0.0,83.0,0.0
972,"Mushroom, common, fresh, fried, no added fat",156.0,4.0,0.7,0.14,6.28,0.4,0.02,2.3,0.0,2.5,15.0,5.0,643.0,0.091,0.0,5.14,28.0,0.8,20.0,0.0,0.0,0.0,0.0
973,"Mushroom, common, fresh, raw",87.0,2.2,0.4,0.08,3.52,0.22,0.01,1.3,0.0,1.4,9.0,3.0,360.0,0.06,0.0,3.2,22.0,0.45,11.0,0.0,0.0,0.0,0.0
974,"Mushroom, common, vitamin D enhanced, fresh, fried, no added fat",156.0,4.0,0.7,0.14,6.28,0.4,0.02,2.3,0.0,2.5,15.0,5.0,643.0,0.091,0.0,5.14,28.0,0.8,20.0,0.0,0.0,0.0,0.0
975,"Mushroom, common, vitamin D enhanced, fresh, raw",87.0,2.2,0.4,0.08,3.52,0.22,0.01,1.3,0.0,1.4,9.0,3.0,360.0,0.06,0.0,3.2,22.0,0.45,11.0,0.0,0.0,0.0,0.0
976,"Mussel, blue, steamed",438.0,16.0,2.3,0.37,46.2,0.79,0.2,4.7,0.0,0.0,353.0,173.0,130.0,0.0,0.066,0.73,23.0,2.97,76.0,5.0,0.0,94.0,0.0
977,"Mustard powder",2289.0,29.4,39.5,2.0,0.0,11.9,23.9,17.2,5.0,5.0,3.0,160.0,650.0,1.3,0.0,6.5,162.0,7.0,310.0,7.0,0.0,0.0,0.0
978,"Mustard, cream style",348.0,5.8,3.1,0.14,0.0,0.76,2.06,6.2,3.6,4.1,1420.0,83.0,160.0,0.2,0.03,1.0,8.0,2.0,55.0,0.0,0.0,0.0,0.0
979,"Mutton, all cuts, separable fat, cooked",2694.0,10.7,67.9,28.4,5220.05,2.92,28.16,0.0,0.0,0.0,64.0,8.0,310.0,0.04,0.12,4.0,0.0,3.4,26.0,0.0,0.0,77.0,0.0
980,"Mutton, all cuts, separable fat, raw",2522.0,8.2,64.4,28.61,5022.17,3.7,24.05,0.0,0.0,0.0,33.0,10.0,130.0,0.0,0.07,5.0,0.0,0.77,8.0,0.0,0.0,78.0,0.0
981,"Mutton, boneless dice or strips, shoulder, lean, casseroled, no added fat",1041.0,36.4,11.4,3.92,668.42,1.46,4.37,0.0,0.0,0.0,66.0,20.0,350.0,0.03,0.0,2.0,0.0,5.7,32.0,0.0,0.0,130.0,0.0
982,"Mutton, boneless dice or strips, shoulder, lean, raw",518.0,21.3,4.2,1.57,179.9,0.6,1.49,0.0,0.0,0.0,61.0,5.0,280.0,0.16,0.25,8.0,17.0,2.2,21.0,0.0,0.0,76.0,0.0
983,"Mutton, boneless dice or strips, shoulder, semi-trimmed, casseroled, no added fat",1115.0,35.2,13.9,5.03,873.24,1.52,5.44,0.0,0.0,0.0,66.0,19.0,348.0,0.03,0.005,2.09,0.0,5.6,32.0,0.0,0.0,128.0,0.0
984,"Mutton, boneless dice or strips, shoulder, semi-trimmed, raw",678.0,20.2,9.0,3.73,567.28,0.85,3.3,0.0,0.0,0.0,59.0,5.0,268.0,0.147,0.236,7.76,16.0,2.08,20.0,0.0,0.0,76.0,0.0
985,"Mutton, boneless dice or strips, shoulder, untrimmed, casseroled, no added fat",1137.0,34.9,14.7,5.36,934.69,1.54,5.76,0.0,0.0,0.0,66.0,19.0,348.0,0.03,0.007,2.12,0.0,5.56,32.0,0.0,0.0,127.0,0.0
986,"Mutton, boneless dice or strips, shoulder, untrimmed, raw",716.0,20.0,10.2,4.25,660.73,0.91,3.73,0.0,0.0,0.0,58.0,5.0,265.0,0.144,0.232,7.7,15.0,2.06,20.0,0.0,0.0,76.0,0.0
987,"Mutton, roasting piece, with bone, leg, lean, raw",509.0,21.6,3.8,1.33,161.87,0.66,1.36,0.0,0.0,0.0,80.0,8.0,340.0,0.16,0.25,8.0,17.0,4.3,35.0,0.0,0.0,56.0,0.0
988,"Mutton, roasting piece, with bone, leg, lean, roasted, no added fat",792.0,29.8,7.7,2.72,356.89,0.82,3.15,0.0,0.0,0.0,56.0,8.0,280.0,0.03,0.0,2.0,0.0,3.4,24.0,0.0,0.0,63.0,0.0
989,"Mutton, roasting piece, with bone, leg, semi-trimmed, raw",634.0,20.8,7.6,3.01,462.24,0.85,2.76,0.0,0.0,0.0,77.0,8.0,327.0,0.15,0.239,7.81,16.0,4.08,33.0,0.0,0.0,57.0,0.0
990,"Mutton, roasting piece, with bone, leg, semi-trimmed, roasted, no added fat",919.0,28.5,11.7,4.43,681.75,0.96,4.82,0.0,0.0,0.0,56.0,8.0,282.0,0.031,0.008,2.13,0.0,3.4,24.0,0.0,0.0,64.0,0.0
991,"Mutton, roasting piece, with bone, leg, untrimmed, raw",811.0,19.6,12.9,5.41,889.46,1.11,4.76,0.0,0.0,0.0,73.0,8.0,308.0,0.136,0.223,7.55,14.0,3.77,31.0,0.0,0.0,59.0,0.0
992,"Mutton, roasting piece, with bone, leg, untrimmed, roasted, no added fat",1092.0,26.8,17.2,6.78,1126.24,1.16,7.11,0.0,0.0,0.0,57.0,8.0,285.0,0.032,0.019,2.32,0.0,3.4,24.0,0.0,0.0,65.0,0.0
993,"Nectarine, yellow, unpeeled, raw",178.0,0.8,0.0,0.0,0.0,0.0,0.0,9.0,9.0,1.6,0.0,4.0,240.0,0.0,0.02,0.0,0.0,0.0,9.0,1.0,0.0,0.0,0.0
994,"Noodle snack, wheat, flavoured, dry",2080.0,10.4,23.6,10.72,130.0,2.42,8.38,60.0,1.8,1.7,938.0,23.0,183.0,0.148,0.321,0.0,2.0,1.98,25.0,0.0,0.0,0.0,0.0
995,"Noodle, rice stick, boiled, drained",498.0,2.5,0.0,0.0,0.0,0.0,0.0,26.1,0.0,0.7,3.0,6.0,7.0,0.0,0.0,0.0,0.0,0.21,4.0,0.0,0.0,0.0,0.0
996,"Noodle, soba, boiled, drained",455.0,3.6,0.4,0.07,0.0,0.13,0.07,21.5,0.0,1.6,170.0,9.0,40.0,0.05,0.0,0.0,0.0,0.77,21.0,0.0,0.0,0.0,0.0
997,"Noodle, soba, dry",1503.0,11.9,1.3,0.22,0.0,0.43,0.22,71.2,0.0,5.3,563.0,29.0,132.0,0.17,0.0,0.0,0.0,2.55,70.0,0.0,0.0,0.0,0.0
998,"Noodle, wheat with egg, plain, boiled, no added fat",647.0,6.6,1.0,0.18,0.76,0.38,0.2,28.2,0.3,2.2,4.0,11.0,49.0,0.076,0.01,0.76,8.0,0.6,18.0,0.0,0.0,9.0,0.0
999,"Noodle, wheat, fresh, soaked, drained",608.0,6.3,1.0,0.44,0.0,0.11,0.36,26.5,0.0,1.7,100.0,13.0,19.0,0.0,0.0,0.0,0.0,0.41,8.0,0.0,0.0,0.0,0.0
1000,"Noodle, wheat, instant, flavoured, boiled, drained",601.0,3.8,6.2,2.71,0.0,0.71,2.24,17.6,0.3,1.2,360.0,9.0,74.0,0.06,0.13,0.0,0.0,0.8,10.0,0.0,0.0,0.0,0.0
1001,"Noodle, wheat, instant, flavoured, boiled, undrained",226.0,1.4,2.3,1.02,0.0,0.26,0.84,6.6,0.1,0.4,137.0,4.0,28.0,0.022,0.049,0.0,0.0,0.3,4.0,0.0,0.0,0.0,0.0
1002,"Noodle, wheat, instant, flavoured, dry, uncooked",1842.0,11.0,19.1,8.35,0.0,2.18,6.9,54.0,0.9,3.7,1108.0,28.0,227.0,0.19,0.4,0.0,0.0,2.5,31.0,0.0,0.0,0.0,0.0
1003,"Nut, almond meal",2568.0,20.5,55.8,3.36,19.2,13.55,36.38,5.1,3.9,8.9,5.0,220.0,640.0,0.14,0.9,3.8,43.0,3.1,260.0,0.0,0.0,0.0,0.0
1004,"Nut, almond, with skin, raw, unsalted",2385.0,19.7,50.5,3.81,0.0,12.84,30.66,5.4,5.2,10.9,0.0,265.0,796.0,0.19,0.07,4.3,37.0,3.75,266.0,0.0,0.0,0.0,0.0
1005,"Nut, almond, with skin, roasted, unsalted",2461.0,19.7,52.5,4.03,43.9,13.68,31.52,5.4,5.2,10.9,0.0,265.0,796.0,0.162,0.066,4.08,30.0,3.75,266.0,0.0,0.0,0.0,0.0
1006,"Nut, brazil, raw or blanched, unsalted",2886.0,14.4,68.5,14.8,23.57,29.03,21.81,2.4,2.1,8.5,2.0,150.0,560.0,0.6,0.43,0.6,22.0,2.2,350.0,0.0,0.0,0.0,0.0
1007,"Nut, cashew, raw, unsalted",2540.0,17.0,49.2,8.37,14.58,7.55,31.14,22.9,5.5,5.9,11.0,34.0,550.0,0.64,0.19,1.8,25.0,5.0,250.0,0.0,0.0,0.0,0.0
1008,"Nut, cashew, roasted, salted",2554.0,17.0,48.5,9.0,0.0,9.6,27.31,26.7,6.4,3.0,270.0,34.0,630.0,0.42,0.05,1.7,53.0,4.9,240.0,0.0,0.0,0.0,0.0
1009,"Nut, cashew, roasted, unsalted",2530.0,17.0,47.7,8.16,0.0,9.48,27.72,26.8,6.5,3.4,7.0,42.0,610.0,0.42,0.05,1.7,53.0,5.3,260.0,0.0,0.0,0.0,0.0
1010,"Nut, chestnut, raw, unsalted",727.0,3.4,0.2,0.04,0.0,0.08,0.07,32.1,3.3,14.9,1.0,18.0,468.0,0.144,0.016,1.1,58.0,0.7,30.0,40.0,0.0,0.0,0.0
1011,"Nut, chestnut, roasted, unsalted",724.0,3.4,0.6,0.12,0.0,0.24,0.21,34.3,3.8,8.1,1.0,13.0,574.0,0.28,0.09,1.97,70.0,0.8,33.0,4.0,0.0,0.0,0.0
1012,"Nut, hazelnut, raw, unsalted",2689.0,14.8,61.4,2.7,18.2,7.16,48.78,5.1,4.4,10.4,3.0,86.0,680.0,0.39,0.17,2.2,113.0,3.2,160.0,0.0,0.0,0.0,0.0
1013,"Nut, macadamia, raw, unsalted",3018.0,9.2,74.0,10.04,21.93,1.12,59.64,4.5,4.5,6.4,1.0,48.0,410.0,0.28,0.1,2.0,11.0,1.8,95.0,1.0,0.0,0.0,0.0
1015,"Nut, peanut, with skin, raw, unsalted",2376.0,24.7,47.1,8.19,153.09,3.87,32.67,8.9,5.1,8.2,1.0,54.0,540.0,0.79,0.12,15.0,240.0,2.3,160.0,0.0,0.0,0.0,0.0
1016,"Nut, peanut, with skin, roasted, with oil, salted",2635.0,24.4,51.7,8.98,167.92,4.24,35.83,14.4,4.7,8.3,380.0,50.0,670.0,0.35,0.15,18.0,93.0,2.4,180.0,0.0,0.0,0.0,0.0
1017,"Nut, peanut, without skin, roasted, with oil, salted",2667.0,25.1,52.8,9.18,171.62,4.34,36.62,14.1,4.4,6.2,335.0,40.0,620.0,0.35,0.15,18.0,93.0,1.2,130.0,0.0,0.0,0.0,0.0
1018,"Nut, peanut, without skin, roasted, with oil, unsalted",2667.0,25.1,52.8,9.18,171.62,4.34,36.62,14.1,4.4,6.2,1.0,40.0,620.0,0.35,0.15,18.0,93.0,1.2,130.0,0.0,0.0,0.0,0.0
1019,"Nut, pecan, raw, unsalted",2973.0,9.8,71.9,4.54,21.31,24.95,39.32,4.9,4.3,8.4,3.0,51.0,500.0,0.42,0.18,1.3,22.0,2.4,110.0,1.0,0.0,0.0,0.0
1020,"Nut, pine, raw, unsalted",2925.0,13.0,70.0,4.22,20.74,39.94,22.95,4.5,3.4,5.1,3.0,11.0,600.0,0.57,0.19,4.3,34.0,4.1,230.0,0.0,0.0,0.0,0.0
1021,"Nut, pistachio, raw, unsalted",2542.0,19.7,50.6,5.8,0.0,16.14,26.7,15.8,5.9,9.0,7.0,90.0,950.0,0.58,0.29,1.5,51.0,3.9,100.0,0.0,0.0,0.0,0.0
1022,"Nut, walnut, raw, unsalted",2904.0,14.4,69.2,4.43,20.51,49.62,12.11,3.0,2.7,6.4,3.0,89.0,440.0,0.33,0.18,1.4,70.0,2.5,150.0,0.0,0.0,0.0,0.0
1023,"Nutmeg, dried, ground",2090.0,5.8,36.3,30.51,0.0,0.41,3.79,28.5,3.0,20.8,16.0,184.0,350.0,0.346,0.057,1.3,76.0,3.04,183.0,3.0,0.0,0.0,0.0
1024,"Oat beverage, fluid, added calcium",224.0,1.3,0.8,0.16,0.0,0.23,0.35,10.2,3.1,0.3,38.0,110.0,47.0,0.07,0.0,0.0,0.0,0.0,6.0,0.0,0.0,0.0,0.0
1025,"Oat beverage, fluid, unfortified",224.0,1.3,0.8,0.16,0.0,0.23,0.35,10.2,3.1,0.3,38.0,18.0,47.0,0.07,0.0,0.0,0.0,0.0,6.0,0.0,0.0,0.0,0.0
1026,"Oats, hulled, uncooked",1589.0,12.5,9.8,1.79,9.21,3.2,4.32,55.5,1.2,8.6,4.0,37.0,310.0,0.31,0.01,1.2,17.0,3.9,117.0,0.0,0.0,0.0,0.0
1027,"Oats, rolled, mixed with sugar or honey & other flavours, uncooked",1629.0,8.3,7.5,1.16,28.2,2.92,3.8,69.1,24.0,7.5,8.0,47.0,240.0,0.18,0.04,0.0,30.0,2.5,77.0,0.0,0.0,0.0,0.0
1028,"Oats, rolled, uncooked",1486.0,12.2,9.5,1.73,8.93,3.1,4.19,49.9,1.0,9.5,2.0,40.0,310.0,0.39,0.005,1.25,17.0,3.5,104.0,0.0,0.0,0.0,0.0
1029,"Octopus, boiled, no added fat",324.0,16.6,1.2,0.25,13.8,0.26,0.18,0.0,0.0,0.0,204.0,59.0,311.0,0.028,0.038,1.87,14.0,5.59,30.0,4.0,0.0,53.0,0.0
1030,"Octopus, raw",292.0,14.9,1.0,0.22,12.42,0.24,0.16,0.0,0.0,0.0,230.0,53.0,350.0,0.03,0.04,2.1,16.0,5.3,30.0,5.0,0.0,48.0,0.0
1031,"Oil, almond",3700.0,0.0,100.0,6.02,1744.7,24.28,65.2,0.0,0.0,0.0,0.0,0.0,0.0,0.0,0.0,0.0,0.0,0.0,0.0,0.0,0.0,0.0,0.0
1032,"Oil, blend of monounsaturated vegetable oils",3700.0,0.0,100.0,6.88,1338.4,29.49,57.88,0.0,0.0,0.0,0.0,0.0,0.0,0.0,0.0,0.0,0.0,0.01,0.0,0.0,0.0,0.0,0.0
1033,"Oil, blend of polyunsaturated vegetable oils",3700.0,0.0,100.0,14.15,2963.6,52.53,27.1,0.0,0.0,0.0,0.0,0.0,0.0,0.0,0.0,0.0,0.0,0.01,0.0,0.0,0.0,0.0,0.0
1034,"Oil, canola",3700.0,0.0,100.0,7.3,28.68,28.49,59.36,0.0,0.0,0.0,0.0,1.0,0.0,0.0,0.0,0.0,0.0,0.0,0.0,0.0,0.0,0.0,0.0
1035,"Oil, copha",3700.0,0.2,99.9,92.41,28.23,0.28,1.41,0.0,0.0,0.0,1.0,0.0,1.0,0.0,0.0,0.26,0.0,0.0,0.0,0.0,0.0,0.0,0.0
1036,"Oil, cottonseed",3700.0,0.0,100.0,25.9,1338.4,51.8,17.8,0.0,0.0,0.0,0.0,0.0,0.0,0.0,0.0,0.0,0.0,0.0,0.0,0.0,0.0,0.0,0.0
1037,"Oil, grapeseed",3700.0,0.0,100.0,11.38,2151.0,64.05,19.98,0.0,0.0,0.0,0.0,0.0,0.0,0.0,0.0,0.0,0.0,0.0,0.0,0.0,0.0,0.0,0.0
1038,"Oil, linseed or flaxseed",3699.0,0.0,100.0,9.0,94.62,68.88,18.5,0.0,0.0,0.0,0.0,1.0,0.0,0.0,0.0,0.0,0.0,0.0,0.0,0.0,0.0,0.0,0.0
1039,"Oil, macadamia",3700.0,0.0,100.0,13.58,2151.0,1.24,80.59,0.0,0.0,0.0,0.0,0.0,0.0,0.0,0.0,0.0,0.0,0.0,0.0,0.0,0.0,0.0,0.0
1040,"Oil, mustard seed",3700.0,0.0,100.0,12.04,1338.4,22.06,61.5,0.0,0.0,0.0,0.0,0.0,0.0,0.0,0.0,0.0,0.0,0.0,0.0,0.0,0.0,0.0,0.0
1041,"Oil, olive",3695.0,0.0,99.9,15.52,0.0,9.12,70.21,0.0,0.0,0.0,0.0,0.0,0.0,0.0,0.0,0.0,0.0,0.0,0.0,0.0,0.0,0.0,0.0
1042,"Oil, palm",3700.0,0.0,100.0,49.3,1434.0,9.3,37.0,0.0,0.0,0.0,0.0,0.0,0.0,0.0,0.0,0.0,0.0,0.01,0.0,0.0,0.0,0.0,0.0
1043,"Oil, peanut",3700.0,0.0,100.0,17.36,2151.0,27.38,50.28,0.0,0.0,0.0,0.0,0.0,0.0,0.0,0.0,0.0,0.0,0.1,1.0,0.0,0.0,0.0,0.0
1044,"Oil, rice bran",3700.0,0.0,100.0,22.94,382.4,32.79,39.67,0.0,0.0,0.0,0.0,0.0,0.0,0.0,0.0,0.0,0.0,0.01,0.0,0.0,0.0,0.0,0.0
1045,"Oil, soybean",3700.0,0.0,100.0,14.29,2151.0,58.17,22.27,0.0,0.0,0.0,0.0,0.0,0.0,0.0,0.0,0.0,0.0,0.0,0.0,0.0,0.0,0.0,0.0
1046,"Oil, sunflower",3700.0,0.0,100.0,10.16,2151.0,56.58,27.83,0.0,0.0,0.0,0.0,0.0,0.0,0.0,0.0,0.0,0.0,0.0,0.0,0.0,0.0,0.0,0.0
1047,"Oil, vegetable",3700.0,0.0,100.0,10.52,2151.0,41.01,42.49,0.0,0.0,0.0,0.0,0.0,0.0,0.0,0.0,0.0,0.0,0.01,0.0,0.0,0.0,0.0,0.0
1048,"Okra, cooked, no added fat",120.0,3.3,0.2,0.06,0.0,0.07,0.04,1.5,1.5,4.0,2.0,84.0,271.0,0.077,0.126,1.1,42.0,1.12,49.0,27.0,0.0,0.0,0.0
1049,"Okra, raw",112.0,3.1,0.2,0.06,0.0,0.06,0.04,1.4,1.4,3.7,2.0,82.0,280.0,0.09,0.13,1.2,60.0,1.1,48.0,34.0,0.0,0.0,0.0
1050,"Olive, green or black, drained",862.0,2.4,20.5,2.59,0.0,2.08,14.93,1.8,0.0,2.3,1450.0,52.0,66.0,0.0,0.0,0.0,3.0,1.91,16.0,1.0,0.0,0.0,0.0
1052,"Onion, mature, brown skinned, peeled, fresh, fried, no added fat",224.0,2.1,0.0,0.0,0.0,0.0,0.0,9.4,9.4,4.4,12.0,37.0,290.0,0.029,0.0,0.0,46.0,0.4,20.0,10.0,0.0,0.0,0.0
1053,"Onion, mature, brown skinned, peeled, raw",139.0,1.3,0.0,0.0,0.0,0.0,0.0,5.8,5.8,2.7,8.0,23.0,180.0,0.02,0.0,0.0,35.0,0.24,12.0,7.0,0.0,0.0,0.0
1054,"Onion, mature, red skinned, fried, no added fat",183.0,1.2,0.0,0.0,0.0,0.0,0.0,8.9,8.9,2.2,8.0,31.0,226.0,0.041,0.046,0.0,2.0,0.27,18.0,6.0,0.0,0.0,0.0
1055,"Onion, mature, red skinned, raw",113.0,0.8,0.0,0.0,0.0,0.0,0.0,5.5,5.5,1.4,5.0,19.0,140.0,0.03,0.03,0.0,2.0,0.17,11.0,5.0,0.0,0.0,0.0
1056,"Onion, mature, white skinned, peeled, fresh, fried, no added fat",203.0,2.7,0.2,0.0,0.0,0.0,0.0,7.5,7.5,3.3,21.0,41.0,267.0,0.057,0.03,0.6,45.0,0.46,19.0,8.0,0.0,0.0,0.0
1057,"Onion, mature, white skinned, peeled, fresh, raw",128.0,1.7,0.1,0.0,0.0,0.0,0.0,4.7,4.7,2.1,13.0,26.0,168.0,0.04,0.02,0.4,35.0,0.29,12.0,6.0,0.0,0.0,0.0
1058,"Onion, spring, fresh, fried, no added fat",204.0,2.7,0.3,0.0,0.0,0.0,0.0,7.4,7.2,3.1,21.0,35.0,226.0,0.029,0.092,1.68,46.0,0.81,18.0,44.0,0.0,0.0,0.0
1059,"Onion, spring, fresh, raw",127.0,1.7,0.2,0.0,0.0,0.0,0.0,4.6,4.5,1.9,13.0,22.0,140.0,0.02,0.06,1.1,35.0,0.5,11.0,32.0,0.0,0.0,0.0
1060,"Orange, navel, peeled, raw",174.0,1.0,0.0,0.0,0.0,0.0,0.0,8.2,8.2,2.4,0.0,23.0,190.0,0.07,0.02,0.0,62.0,0.0,12.0,52.0,0.0,0.0,0.0
1061,"Orange, peeled, raw",175.0,1.0,0.0,0.0,0.0,0.0,0.0,8.2,8.2,2.4,0.0,23.0,190.0,0.07,0.02,0.0,62.0,0.0,12.0,52.0,0.0,0.0,0.0
1062,"Orange, valencia, peeled, raw",175.0,1.0,0.0,0.0,0.0,0.0,0.0,8.2,8.2,2.4,0.0,23.0,190.0,0.1,0.0,0.0,62.0,0.0,12.0,52.0,0.0,0.0,0.0
1063,"Oregano, dried",1096.0,9.0,4.3,1.46,0.0,1.29,0.67,26.4,4.1,42.5,25.0,1597.0,1260.0,0.177,0.528,4.64,237.0,36.8,270.0,2.0,0.0,0.0,0.0
1064,"Ostrich, fan fillet, raw",424.0,23.4,0.7,0.22,3.11,0.2,0.25,0.0,0.0,0.0,53.0,3.0,308.0,0.196,0.288,4.72,8.0,2.3,26.0,0.0,0.0,54.0,0.0
1065,"Ostrich, moon steak, raw",455.0,23.7,1.4,0.46,6.22,0.33,0.52,0.0,0.0,0.0,52.0,3.0,315.0,0.198,0.29,4.76,8.0,2.8,26.0,0.0,0.0,53.0,0.0
1066,"Oyster, aquacultured, raw",268.0,10.1,2.3,0.5,5.15,0.65,0.2,0.6,0.0,0.0,535.0,190.0,225.0,0.0,0.37,2.0,23.0,4.04,78.0,1.0,0.0,68.0,0.0
1067,"Oyster, native, aquacultured, raw",191.0,7.3,1.5,0.36,0.0,0.4,0.13,0.6,0.0,0.0,585.0,139.0,190.0,0.0,0.37,2.0,23.0,3.75,78.0,0.0,0.0,76.0,0.0
1068,"Oyster, Pacific, aquacultured, raw",279.0,10.8,2.2,0.49,9.45,0.62,0.22,0.6,0.0,0.0,541.0,229.0,231.0,0.0,0.37,2.0,23.0,4.43,80.0,1.0,0.0,61.0,0.0
1069,"Oyster, Sydney rock, aquacultured, raw",298.0,10.6,2.9,0.63,0.0,0.89,0.2,0.6,0.0,0.0,491.0,148.0,235.0,0.0,0.37,2.0,23.0,3.47,74.0,0.0,0.0,76.0,0.0
1070,"Pancake, plain, homemade",927.0,7.4,7.6,4.5,159.69,0.48,1.76,30.3,4.2,0.8,79.0,83.0,174.0,0.1,0.173,0.58,17.0,0.69,21.0,0.0,0.0,76.0,0.0
1071,"Paprika, dry powder",1311.0,14.1,12.9,1.9,0.0,6.9,1.51,19.1,10.3,34.9,68.0,229.0,2280.0,0.33,1.23,10.06,49.0,21.14,178.0,1.0,0.0,0.0,0.0
1072,"Parsley, continental, fresh, raw",150.0,3.9,0.7,0.0,0.0,0.0,0.0,1.1,1.0,5.0,150.0,120.0,660.0,0.1,0.18,1.2,180.0,3.9,43.0,180.0,0.0,0.0,0.0
1073,"Parsley, curly, fresh, raw",96.0,1.9,0.2,0.0,0.0,0.0,0.0,0.4,0.4,5.8,48.0,200.0,850.0,0.16,0.28,1.1,55.0,9.4,33.0,95.0,0.0,0.0,0.0
1074,"Parsnip, peeled, fresh, baked, no added fat",289.0,2.2,0.2,0.0,0.0,0.0,0.0,12.2,5.8,4.4,23.0,46.0,512.0,0.088,0.116,1.27,26.0,0.36,29.0,11.0,0.0,0.0,0.0
1075,"Parsnip, peeled, fresh, boiled, drained",255.0,1.9,0.2,0.0,0.0,0.0,0.0,10.8,5.2,3.9,19.0,39.0,406.0,0.069,0.097,1.06,19.0,0.31,24.0,8.0,0.0,0.0,0.0
1076,"Parsnip, peeled, fresh, raw",237.0,1.8,0.2,0.0,0.0,0.0,0.0,10.0,4.8,3.6,19.0,38.0,420.0,0.08,0.1,1.1,27.0,0.3,24.0,12.0,0.0,0.0,0.0
1077,"Passionfruit, pulp, canned",424.0,1.5,0.2,0.0,0.0,0.0,0.0,19.8,19.8,7.0,10.0,6.0,100.0,0.015,0.07,1.25,7.0,0.3,14.0,9.0,0.0,0.0,0.0
1078,"Passionfruit, raw",304.0,3.0,0.3,0.0,0.0,0.0,0.0,5.7,5.7,13.9,19.0,10.0,200.0,0.03,0.14,2.5,14.0,0.6,28.0,18.0,0.0,0.0,0.0
1079,"Pasta in cream based sauce, dry mix",1546.0,13.1,3.1,1.65,47.12,0.67,0.55,69.7,9.3,3.6,690.0,98.0,500.0,0.25,0.18,1.8,40.0,1.5,52.0,0.0,0.0,7.0,0.0
1080,"Pasta in cream based sauce, prepared from dry mix",599.0,5.6,2.6,1.12,28.82,0.68,0.61,23.6,5.1,1.1,240.0,84.0,226.0,0.07,0.13,1.01,11.0,0.47,22.0,0.0,0.0,4.0,0.0
1081,"Pasta, gluten free, boiled from dry, no added salt",639.0,3.1,0.7,0.27,14.87,0.19,0.08,32.4,0.0,1.2,1.0,15.0,39.0,0.0,0.0,0.0,120.0,0.85,13.0,0.0,0.0,0.0,0.0
1082,"Pasta, legume based, boiled, no added salt",629.0,14.4,1.7,0.22,1.22,0.75,0.24,16.1,1.2,6.2,16.0,46.0,410.0,0.14,0.04,0.0,81.0,3.1,63.0,0.0,0.0,0.0,0.0
1083,"Pasta, maize flour (corn) based, boiled from dry, no added salt",503.0,2.6,0.7,0.1,1.05,0.33,0.19,23.1,0.0,4.8,0.0,1.0,31.0,0.05,0.02,0.56,6.0,0.25,36.0,0.0,0.0,0.0,0.0
1084,"Pasta, maize flour (corn) based, dry",1452.0,7.5,2.1,0.29,3.0,0.93,0.55,68.3,0.0,11.0,3.0,4.0,294.0,0.231,0.087,2.43,25.0,0.93,119.0,0.0,0.0,0.0,0.0
1085,"Pasta, white wheat flour & egg, boiled from dry, no added salt",694.0,7.5,1.4,0.21,1.05,0.53,0.28,29.1,0.6,2.6,4.0,16.0,66.0,0.1,0.0,1.1,14.0,0.87,27.0,0.0,0.0,11.0,0.0
1086,"Pasta, white wheat flour & egg, dry",1522.0,10.6,1.6,0.26,1.25,0.61,0.25,74.4,1.9,2.2,9.0,23.0,178.0,0.236,0.016,1.02,15.0,1.29,37.0,0.0,0.0,18.0,0.0
1087,"Pasta, white wheat flour & spinach, boiled from dry, no added salt",554.0,3.8,0.4,0.06,0.46,0.16,0.04,27.3,0.2,1.4,48.0,15.0,55.0,0.02,0.02,0.7,14.0,0.8,10.0,0.0,0.0,0.0,0.0
1088,"Pasta, white wheat flour & spinach, dry",1525.0,11.9,1.3,0.22,1.48,0.55,0.1,73.1,2.7,4.4,38.0,39.0,203.0,0.02,0.08,2.0,16.0,2.5,45.0,0.0,0.0,0.0,0.0
1089,"Pasta, white wheat flour, boiled from dry, no added salt",572.0,5.3,0.4,0.06,0.85,0.14,0.04,26.2,0.2,2.2,2.0,12.0,43.0,0.057,0.013,0.25,15.0,0.71,25.0,0.0,0.0,0.0,0.0
1090,"Pasta, white wheat flour, dry",1458.0,12.7,1.4,0.24,1.62,0.58,0.14,68.5,0.0,3.2,5.0,18.0,142.0,0.07,0.06,1.1,16.0,1.0,30.0,0.0,0.0,0.0,0.0
1091,"Pasta, white wheat flour, fresh, boiled, no added salt",691.0,5.9,3.0,0.36,112.84,0.81,0.93,27.1,1.1,2.7,78.0,18.0,49.0,0.08,0.05,0.9,7.0,0.7,18.0,0.0,0.0,33.0,0.0
1092,"Pasta, white wheat flour, fresh, uncooked",1168.0,10.5,3.4,0.4,128.14,0.92,1.06,49.4,0.9,3.3,11.0,27.0,190.0,0.17,0.11,1.6,16.0,1.3,33.0,0.0,0.0,73.0,0.0
1093,"Pasta, wholemeal wheat flour, boiled from dry, no added salt",586.0,5.4,0.8,0.11,0.98,0.36,0.1,24.6,0.0,5.7,5.0,28.0,92.0,0.21,0.07,1.6,7.0,1.8,39.0,0.0,0.0,0.0,0.0
1094,"Pasta, wholemeal wheat flour, dry",1404.0,12.5,2.2,0.33,2.69,0.98,0.27,60.6,0.0,9.9,11.0,63.0,305.0,0.56,0.12,3.2,29.0,3.9,85.0,0.0,0.0,0.0,0.0
1095,"Paste, green curry, commercial",461.0,2.4,7.9,1.39,7.55,4.13,1.77,6.3,3.4,3.0,1807.0,33.0,195.0,0.03,0.1,2.0,38.0,6.0,50.0,6.0,0.0,1.0,0.0
1096,"Paste, Indian style curry, commercial",1287.0,4.8,26.4,2.73,25.29,7.28,15.32,10.2,4.2,5.4,3434.0,136.0,602.0,0.065,0.13,2.0,43.0,6.0,48.0,10.0,0.0,1.0,0.0
1097,"Paste, shrimp",394.0,21.0,1.0,0.27,15.04,0.34,0.24,0.0,0.0,0.0,6000.0,1380.0,393.0,0.01,0.12,3.7,13.0,20.5,39.0,0.0,0.0,163.0,0.0
1098,"Paste, soybean",766.0,12.9,5.1,0.74,10.2,2.42,0.92,19.7,10.4,4.3,3800.0,69.0,380.0,0.06,0.43,0.0,19.0,1.7,79.0,0.0,0.0,0.0,0.0
1099,"Pastry, filled with spinach & cheese, purchased frozen, baked",1214.0,9.4,16.4,8.3,275.77,1.31,5.97,24.7,2.7,2.5,490.0,150.0,170.0,0.23,0.16,0.8,17.0,1.0,27.0,0.0,0.0,32.0,0.0
1100,"Pastry, filo, commercial, baked",1631.0,12.2,3.1,0.42,17.65,0.94,0.7,75.1,2.1,4.3,766.0,19.0,156.0,0.15,0.02,1.3,15.0,1.3,37.0,0.0,0.0,0.0,0.0
1101,"Pastry, filo, commercial, raw",1283.0,10.2,3.8,0.53,21.92,1.16,0.87,55.8,1.3,2.5,581.0,18.0,129.0,0.15,0.02,1.0,14.0,1.15,26.0,0.0,0.0,0.0,0.0
1102,"Pastry, puff, vegetable oil, commercial, baked",1694.0,7.0,21.0,9.62,2051.67,1.24,7.21,44.9,1.3,4.4,497.0,12.0,81.0,0.02,0.023,0.81,41.0,0.38,17.0,0.0,0.0,0.0,0.0
1103,"Pastry, puff, vegetable oil, commercial, raw",1321.0,5.5,16.4,7.5,1600.3,0.97,5.63,35.0,1.0,3.4,387.0,9.0,63.0,0.02,0.02,0.7,46.0,0.3,13.0,0.0,0.0,0.0,0.0
1104,"Pastry, puff, with butter, commercial, baked",1796.0,7.1,24.7,15.45,1035.71,0.85,6.02,42.7,1.3,4.4,208.0,15.0,82.0,0.021,0.023,0.82,42.0,0.39,17.0,0.0,0.0,44.0,0.0
1105,"Pastry, puff, with butter, commercial, raw",1383.0,5.5,19.0,11.9,797.5,0.65,4.64,32.9,1.0,3.4,160.0,12.0,63.0,0.02,0.02,0.7,46.0,0.3,13.0,0.0,0.0,34.0,0.0
1106,"Pastry, shortcrust style, commercial, baked",2080.0,6.6,27.5,12.04,1164.65,2.43,10.69,55.6,9.6,1.8,463.0,12.0,72.0,0.05,0.0,0.5,8.0,0.3,14.0,0.0,0.0,36.0,0.0
1107,"Pastry, shortcrust style, commercial, raw",1685.0,5.5,23.8,10.41,1006.54,2.1,9.24,42.0,7.5,0.8,382.0,10.0,60.0,0.02,0.0,0.5,46.0,0.3,13.0,0.0,0.0,29.0,0.0
1108,"Pawpaw (papaya), peeled, raw",142.0,0.4,0.1,0.0,0.0,0.0,0.0,6.9,6.9,2.3,7.0,28.0,140.0,0.03,0.03,0.3,37.0,0.5,14.0,60.0,0.0,0.0,0.0
1109,"Pea, green, fresh, boiled, drained",251.0,4.8,0.4,0.0,0.0,0.0,0.0,6.4,2.7,5.2,1.0,18.0,140.0,0.23,0.1,1.4,63.0,1.1,21.0,14.0,0.0,0.0,0.0
1110,"Pea, green, fresh, raw",294.0,5.8,0.4,0.0,0.0,0.0,0.0,8.1,4.0,5.6,1.0,30.0,268.0,0.31,0.14,2.3,57.0,1.8,33.0,32.0,0.0,0.0,0.0
1111,"Pea, green, frozen, boiled, drained",261.0,5.2,0.3,0.0,0.0,0.0,0.0,6.4,2.5,6.1,3.0,27.0,120.0,0.211,0.05,1.14,59.0,1.6,24.0,11.0,0.0,0.0,0.0
1112,"Pea, green, whole, dried",1297.0,22.0,2.1,0.24,0.0,1.04,0.4,40.9,2.4,16.8,5.0,56.0,990.0,0.92,0.02,2.3,274.0,5.9,121.0,2.0,0.0,0.0,0.0
1113,"Pea, split, dried",1427.0,23.0,2.0,0.23,0.0,0.96,0.39,50.5,2.5,10.1,7.0,42.0,930.0,0.85,0.15,1.9,274.0,3.8,95.0,0.0,0.0,0.0,0.0
1114,"Pea, split, dried, boiled, drained",364.0,6.6,0.4,0.05,0.0,0.19,0.08,9.1,2.9,8.3,9.0,13.0,140.0,0.11,0.0,0.6,65.0,1.0,23.0,0.0,0.0,0.0,0.0
1115,"Pea, yellow, whole, dried",1361.0,23.3,2.3,0.32,0.0,1.12,0.48,43.6,2.6,17.7,12.0,59.0,990.0,0.94,0.02,2.3,274.0,4.8,113.0,2.0,0.0,0.0,0.0
1116,"Peach, canned in pear juice",184.0,0.6,0.0,0.0,0.0,0.0,0.0,9.5,8.3,1.3,8.0,4.0,141.0,0.0,0.022,0.4,18.0,0.32,7.0,10.0,0.0,0.0,0.0
1117,"Peach, canned in pear juice, drained",191.0,0.8,0.1,0.0,0.0,0.0,0.0,9.4,8.2,2.0,7.0,4.0,121.0,0.0,0.023,0.47,0.0,0.27,7.0,9.0,0.0,0.0,0.0
1118,"Peach, canned in pear juice, juice only",174.0,0.4,0.0,0.0,0.0,0.0,0.0,9.6,8.5,0.3,10.0,4.0,170.0,0.0,0.02,0.3,44.0,0.4,7.0,12.0,0.0,0.0,0.0
1119,"Peach, yellow, unpeeled, raw",172.0,0.7,0.0,0.0,0.0,0.0,0.0,8.7,8.1,1.6,0.0,5.0,210.0,0.0,0.02,0.0,0.0,0.0,8.0,2.0,0.0,0.0,0.0
1121,"Peanut butter, smooth & crunchy, added sugar & salt",2495.0,22.2,49.6,8.75,161.31,5.98,32.51,14.3,8.6,5.8,477.0,54.0,620.0,0.105,0.12,15.9,155.0,1.72,190.0,6.0,0.0,0.0,0.0
1122,"Peanut butter, smooth & crunchy, no added sugar or salt",2628.0,24.3,54.3,9.44,176.5,4.46,37.66,9.4,5.2,6.5,12.0,54.0,632.0,0.105,0.12,12.4,155.0,1.72,177.0,6.0,0.0,0.0,0.0
1123,"Pear, brown skin, unpeeled, raw",264.0,0.3,0.0,0.0,0.0,0.0,0.0,14.3,10.4,3.4,2.0,6.0,100.0,0.02,0.04,0.09,44.0,0.2,7.0,4.0,0.0,0.0,0.0
1124,"Pear, canned in pear juice",194.0,0.5,0.0,0.0,0.0,0.0,0.0,10.6,8.7,1.7,6.0,6.0,100.0,0.0,0.013,0.06,42.0,0.33,6.0,1.0,0.0,0.0,0.0
1125,"Pear, canned in pear juice, drained",200.0,0.6,0.0,0.0,0.0,0.0,0.0,10.3,8.6,2.8,6.0,5.0,102.0,0.0,0.015,0.1,40.0,0.35,8.0,1.0,0.0,0.0,0.0
1126,"Pear, canned in pear juice, juice only",185.0,0.2,0.0,0.0,0.0,0.0,0.0,11.0,8.8,0.2,6.0,6.0,95.0,0.0,0.01,0.0,44.0,0.3,5.0,1.0,0.0,0.0,0.0
1127,"Pear, green skin, unpeeled, raw",278.0,0.4,0.0,0.0,0.0,0.0,0.0,15.2,12.4,3.0,0.0,8.0,130.0,0.0,0.0,0.0,44.0,0.0,7.0,2.0,0.0,0.0,0.0
1128,"Pear, nashi, unpeeled, raw",209.0,0.4,0.1,0.0,0.0,0.0,0.0,11.1,10.6,2.1,7.0,5.0,130.0,0.02,0.02,0.0,44.0,0.0,8.0,2.0,0.0,0.0,0.0
1129,"Pear, Packham's triumph, unpeeled, raw",231.0,0.4,0.0,0.0,0.0,0.0,0.0,12.5,12.4,3.0,0.0,8.0,120.0,0.0,0.0,0.0,44.0,0.06,7.0,2.0,0.0,0.0,0.0
1130,"Pear, William Bartlett, unpeeled, raw",228.0,0.3,0.0,0.0,0.0,0.0,0.0,11.8,9.0,3.7,1.0,6.0,106.0,0.02,0.03,0.07,44.0,0.15,7.0,6.0,0.0,0.0,0.0
1131,"Pepper, black, ground",1156.0,10.4,3.3,1.39,0.0,0.99,0.74,38.6,0.6,25.3,20.0,443.0,1329.0,0.108,0.18,1.14,17.0,9.71,171.0,0.0,0.0,0.0,0.0
1132,"Persimmon, peeled, raw",298.0,0.6,0.2,0.0,0.0,0.0,0.0,16.1,16.1,2.6,6.0,29.0,130.0,0.01,0.1,0.5,8.0,0.7,10.0,14.0,0.0,0.0,0.0
1133,"Pie, savoury, meat, commercial, ready to eat",943.0,8.9,11.2,5.55,563.23,0.98,3.61,21.2,1.3,2.4,500.0,15.0,124.0,0.18,0.08,2.3,4.0,1.16,18.0,0.0,0.0,19.0,0.0
1134,"Pie, savoury, meat, purchased frozen, baked",909.0,8.6,11.3,5.49,506.78,0.78,4.16,19.3,0.0,2.0,478.0,15.0,126.0,0.095,0.025,0.93,30.0,1.18,19.0,2.0,0.0,20.0,0.0
1135,"Pie, steak & kidney, canned",693.0,10.0,7.7,3.86,182.88,0.42,2.82,13.6,0.6,0.9,230.0,7.0,120.0,0.03,0.1,1.6,42.0,1.4,8.0,0.0,0.0,110.0,0.0
1136,"Pie, sweet, apple, commercial",1059.0,3.0,12.9,6.18,457.48,0.83,4.78,31.4,15.1,1.3,200.0,18.0,26.0,0.009,0.0,1.1,3.0,0.5,10.0,37.0,0.0,14.0,0.0
1137,"Pigeon (squab), whole, raw",1219.0,16.2,25.5,6.84,113.26,2.99,14.19,0.0,0.0,0.0,68.0,13.0,199.0,0.212,0.224,6.05,6.0,2.4,18.0,5.0,0.0,84.0,0.0
1138,"Pikelet or pancake, sweet, commercial",912.0,5.7,4.3,0.64,16.65,1.13,2.2,38.4,13.8,2.1,359.0,84.0,230.0,0.45,0.0,1.1,35.0,1.6,29.0,0.0,0.0,17.0,0.0
1139,"Pikelet, plain, homemade",1160.0,7.5,5.9,3.38,22.8,0.42,1.63,47.9,13.4,1.7,470.0,97.0,144.0,0.08,0.11,1.3,0.0,0.4,23.0,0.0,0.0,45.0,0.0
1140,"Pineapple, canned in juice, drained",190.0,0.0,0.0,0.0,0.0,0.0,0.0,10.9,10.9,1.1,1.0,9.0,120.0,0.05,0.0,0.0,0.0,0.18,11.0,23.0,0.0,0.0,0.0
1141,"Pineapple, canned in pineapple juice",236.0,0.5,0.6,0.16,0.0,0.22,0.1,12.0,12.0,0.8,5.0,4.0,121.0,0.07,0.0,0.0,5.0,0.4,11.0,6.0,0.0,0.0,0.0
1142,"Pineapple, canned in pineapple juice, juice only",187.0,0.3,0.0,0.0,0.0,0.0,0.0,10.6,10.6,0.0,1.0,6.0,160.0,0.02,0.01,0.1,18.0,0.3,12.0,9.0,0.0,0.0,0.0
1143,"Pineapple, canned in syrup",360.0,0.3,0.6,0.16,0.0,0.22,0.1,19.8,19.8,0.7,6.0,4.0,80.0,0.05,0.0,0.0,5.0,0.4,11.0,8.0,0.0,0.0,0.0
1144,"Pineapple, canned in syrup, drained",296.0,0.0,0.0,0.0,0.0,0.0,0.0,17.5,17.5,1.2,1.0,9.0,120.0,0.05,0.0,0.0,0.0,0.18,11.0,5.0,0.0,0.0,0.0
1145,"Pineapple, canned in syrup, syrup only",370.0,0.3,0.0,0.0,0.0,0.0,0.0,22.0,22.0,0.0,1.0,5.0,90.0,0.04,0.02,0.2,0.0,0.3,9.0,9.0,0.0,0.0,0.0
1146,"Pineapple, peeled, raw",152.0,0.5,0.0,0.0,0.0,0.0,0.0,7.9,7.9,0.9,0.0,9.0,160.0,0.04,0.0,0.0,11.0,0.0,15.0,39.0,0.0,0.0,0.0
1147,"Pizza, cheese & tomato, commercial",1194.0,16.2,11.0,4.82,231.7,1.91,3.09,28.7,2.7,2.8,440.0,210.0,170.0,0.02,0.18,0.2,39.0,0.88,26.0,0.0,0.0,19.0,0.0
1148,"Pizza, ham & pineapple, purchased frozen, baked",961.0,11.5,6.0,2.58,119.05,0.87,2.08,28.2,4.8,3.1,468.0,171.0,210.0,0.285,0.105,0.68,27.0,0.85,22.0,1.0,0.0,18.0,0.0
1149,"Pizza, ham & pineapple, takeaway style",939.0,12.8,8.3,3.94,198.14,1.09,2.38,23.1,2.7,3.1,632.0,140.0,140.0,0.285,0.105,0.68,27.0,1.1,17.0,1.0,0.0,18.0,0.0
1150,"Pizza, supreme, fast food chain",1044.0,12.9,9.0,4.31,228.42,1.44,2.67,27.6,2.4,2.5,550.0,149.0,191.0,0.16,0.14,2.2,43.0,1.03,27.0,2.0,0.0,15.0,0.0
1151,"Pizza, supreme, purchased frozen, baked",1142.0,14.0,11.6,4.1,295.68,1.2,5.04,26.3,0.9,3.2,350.0,152.0,162.0,0.02,0.18,2.2,43.0,1.15,22.0,4.0,0.0,19.0,0.0
1152,"Pizza, supreme, takeaway style",954.0,13.0,9.8,4.3,206.73,1.7,2.76,20.5,0.6,3.0,570.0,158.0,175.0,0.16,0.14,2.2,43.0,0.95,18.0,2.0,0.0,21.0,0.0
1153,"Pizza, vegetable, fast food chain",863.0,9.3,6.0,3.03,172.36,0.84,1.54,27.2,2.8,2.8,389.0,152.0,162.0,0.02,0.18,2.2,39.0,1.15,22.0,4.0,0.0,19.0,0.0
1154,"Plum, dark, canned in syrup",371.0,0.4,0.0,0.0,0.0,0.0,0.0,21.6,21.1,1.0,3.0,4.0,96.0,0.0,0.0,0.0,0.0,0.2,4.0,0.0,0.0,0.0,0.0
1155,"Plum, dark, canned in syrup, drained",386.0,0.5,0.1,0.0,0.0,0.0,0.0,21.8,21.0,2.0,4.0,4.0,96.0,0.0,0.0,0.0,0.0,0.2,5.0,0.0,0.0,0.0,0.0
1156,"Plum, dark, canned in syrup, syrup only",354.0,0.3,0.0,0.0,0.0,0.0,0.0,21.3,21.2,0.0,2.0,3.0,97.0,0.0,0.0,0.0,0.0,0.2,4.0,0.0,0.0,0.0,0.0
1157,"Plum, davidson (native), flesh",280.0,1.0,0.2,0.0,0.0,0.0,0.0,14.3,3.9,2.0,45.0,16.0,364.0,0.0,0.0,0.58,29.0,0.0,27.0,30.0,0.0,0.0,0.0
1158,"Plum, salted",857.0,3.7,0.0,0.0,0.0,0.0,0.0,44.9,33.6,9.3,8400.0,130.0,610.0,0.0,0.0,1.9,111.0,13.0,120.0,0.0,0.0,0.0,0.0
1159,"Plum, unpeeled, raw",162.0,0.6,0.1,0.0,0.0,0.0,0.0,7.1,6.5,2.0,2.0,7.0,153.0,0.035,0.045,0.58,5.0,0.22,6.0,5.0,0.0,0.0,0.0
1160,"Pomegranate, peeled, raw",329.0,1.9,0.2,0.0,0.0,0.0,0.0,13.5,13.5,6.4,4.0,14.0,210.0,0.01,0.02,0.4,38.0,0.5,9.0,14.0,0.0,0.0,0.0
1161,"Popcorn, commercial, butter flavoured, salted",2053.0,9.1,26.5,16.54,3205.13,2.74,4.93,49.6,0.6,8.8,626.0,7.0,260.0,0.07,0.09,2.8,15.0,2.15,142.0,0.0,0.0,6.0,0.0
1162,"Pork, belly, rind removed, baked, no added fat",1606.0,27.4,30.8,11.19,58.74,3.88,13.04,0.0,0.0,0.0,68.0,8.0,294.0,0.512,0.14,5.38,0.0,0.66,16.0,0.0,0.0,71.0,0.0
1163,"Pork, belly, rind removed, raw",1286.0,18.6,26.2,9.51,49.94,3.3,11.09,0.0,0.0,0.0,58.0,6.0,250.0,0.58,0.1,4.3,0.0,0.45,15.0,0.0,0.0,60.0,0.0
1164,"Pork, butterfly steak, lean, grilled, no added fat",656.0,32.5,2.8,1.07,10.19,0.36,1.13,0.0,0.0,0.0,46.0,6.0,450.0,1.4,0.14,8.2,8.0,0.7,29.0,0.0,0.0,130.0,0.0
1165,"Pork, butterfly steak, lean, raw",469.0,24.1,1.6,0.54,5.82,0.27,0.64,0.0,0.0,0.0,46.0,6.0,420.0,0.84,0.0,9.4,57.0,0.54,26.0,0.0,0.0,48.0,0.0
1166,"Pork, butterfly steak, untrimmed, grilled, no added fat",825.0,30.6,8.2,3.21,36.33,0.86,3.62,0.0,0.0,0.0,45.0,7.0,427.0,1.305,0.138,7.8,8.0,0.67,27.0,0.0,0.0,123.0,0.0
1167,"Pork, butterfly steak, untrimmed, raw",643.0,22.7,7.0,2.43,31.47,0.79,3.01,0.0,0.0,0.0,44.0,6.0,398.0,0.79,0.0,8.94,53.0,0.54,25.0,0.0,0.0,47.0,0.0
1168,"Pork, diced, untrimmed, fried, no added fat",647.0,31.3,3.1,1.02,14.1,0.51,1.27,0.0,0.0,0.0,90.0,7.0,465.0,0.94,0.26,5.5,22.0,1.15,30.0,0.0,0.0,82.0,0.0
1169,"Pork, diced, untrimmed, raw",502.0,22.8,3.1,1.02,14.1,0.51,1.27,0.0,0.0,0.0,59.0,6.0,465.0,0.74,0.27,9.2,4.0,0.84,27.0,0.0,0.0,69.0,0.0
1170,"Pork, fillet, fully-trimmed, baked, no added fat",566.0,28.5,2.2,0.76,10.01,0.23,0.99,0.0,0.0,0.0,44.0,4.0,390.0,1.5,0.0,10.7,44.0,0.98,27.0,0.0,0.0,56.0,0.0
1171,"Pork, fillet, lean, raw",433.0,23.1,1.1,0.38,5.0,0.11,0.5,0.0,0.0,0.0,42.0,4.0,390.0,1.5,0.0,9.7,32.0,0.86,26.0,0.0,0.0,47.0,0.0
1172,"Pork, forequarter (chop, roast, neck), separable fat, raw",2042.0,9.6,50.8,19.51,242.06,6.15,22.61,0.0,0.0,0.0,47.0,26.0,160.0,0.28,0.14,2.4,4.0,0.9,9.0,0.0,0.0,92.0,0.0
1173,"Pork, forequarter chop, lean, BBQ'd, no added fat",680.0,26.3,6.3,2.41,22.93,0.8,2.53,0.0,0.0,0.0,73.0,22.0,410.0,0.75,0.32,4.1,43.0,1.6,24.0,0.0,0.0,83.0,0.0
1174,"Pork, forequarter chop, lean, raw",476.0,19.5,3.9,1.42,14.2,0.6,1.52,0.0,0.0,0.0,73.0,16.0,380.0,0.74,0.3,4.2,45.0,1.2,22.0,0.0,0.0,62.0,0.0
1175,"Pork, forequarter chop, semi-trimmed, BBQ'd, no added fat",771.0,25.4,9.2,3.5,37.02,1.16,3.84,0.0,0.0,0.0,74.0,22.0,397.0,0.724,0.31,4.03,41.0,1.56,23.0,0.0,0.0,83.0,0.0
1176,"Pork, forequarter chop, untrimmed, BBQ'd, no added fat",988.0,23.3,16.0,6.1,70.61,2.0,6.95,0.0,0.0,0.0,76.0,23.0,365.0,0.662,0.285,3.87,36.0,1.48,21.0,0.0,0.0,84.0,0.0
1177,"Pork, forequarter chop, untrimmed, raw",785.0,17.5,13.2,5.0,59.2,1.69,5.68,0.0,0.0,0.0,68.0,18.0,336.0,0.649,0.268,3.84,37.0,1.14,19.0,0.0,0.0,68.0,0.0
1178,"Pork, forequarter shoulder roast, lean, BBQ'd, no added fat",658.0,24.8,6.4,2.45,23.3,0.82,2.57,0.0,0.0,0.0,76.0,15.0,380.0,0.67,0.34,4.0,43.0,1.6,23.0,0.0,0.0,69.0,0.0
1179,"Pork, forequarter shoulder roast, lean, raw",447.0,19.6,3.1,1.13,11.28,0.47,1.21,0.0,0.0,0.0,75.0,11.0,370.0,0.66,0.27,3.8,45.0,1.1,21.0,0.0,0.0,60.0,0.0
1180,"Pork, forequarter shoulder roast, semi-trimmed, BBQ'd, no added fat",748.0,24.0,9.2,3.52,37.15,1.16,3.86,0.0,0.0,0.0,76.0,16.0,369.0,0.649,0.329,3.94,41.0,1.56,22.0,0.0,0.0,70.0,0.0
1181,"Pork, forequarter shoulder roast, untrimmed, BBQ'd, no added fat",901.0,22.6,14.0,5.32,60.43,1.75,6.01,0.0,0.0,0.0,78.0,17.0,350.0,0.614,0.31,3.84,37.0,1.5,21.0,0.0,0.0,72.0,0.0
1182,"Pork, forequarter shoulder roast, untrimmed, raw",762.0,17.6,12.5,4.76,56.84,1.59,5.43,0.0,0.0,0.0,69.0,14.0,328.0,0.585,0.244,3.52,37.0,1.06,19.0,0.0,0.0,66.0,0.0
1183,"Pork, forequarter, separable fat, BBQ'd, no added fat",2179.0,11.5,53.6,20.43,255.4,6.64,24.06,0.0,0.0,0.0,86.0,28.0,190.0,0.32,0.15,3.0,8.0,1.0,11.0,0.0,0.0,90.0,0.0
1184,"Pork, leg roast, untrimmed, baked, no added fat",926.0,31.2,10.7,3.76,48.67,1.55,4.73,0.0,0.0,0.0,54.0,6.0,418.0,0.818,0.298,4.08,2.0,1.37,26.0,0.0,0.0,84.0,0.0
1185,"Pork, leg roast, untrimmed, raw",685.0,21.6,8.6,3.05,39.95,1.2,3.85,0.0,0.0,0.0,48.0,4.0,357.0,0.76,0.211,5.67,32.0,0.8,22.0,0.0,0.0,69.0,0.0
1186,"Pork, leg steak (round, rump, topside, silverside), lean, fried, no added fat",589.0,28.8,2.7,0.89,9.83,0.51,1.04,0.0,0.0,0.0,54.0,5.0,409.0,1.118,0.05,7.28,43.0,0.97,27.0,0.0,0.0,58.0,0.0
1187,"Pork, leg steak (round, rump, topside, silverside), lean, raw",466.0,23.5,1.8,0.59,6.55,0.34,0.69,0.0,0.0,0.0,50.0,4.0,382.0,1.115,0.048,10.55,45.0,0.81,25.0,0.0,0.0,48.0,0.0
1188,"Pork, leg steak (round, rump, topside, silverside), untrimmed, fried, no added fat",603.0,28.6,3.1,1.05,12.44,0.57,1.25,0.0,0.0,0.0,54.0,5.0,407.0,1.112,0.05,7.24,42.0,0.97,27.0,0.0,0.0,58.0,0.0
1189,"Pork, leg steak (round, rump, topside, silverside), untrimmed, raw",486.0,23.3,2.4,0.82,10.2,0.42,0.98,0.0,0.0,0.0,49.0,4.0,380.0,1.115,0.048,10.49,44.0,0.81,25.0,0.0,0.0,48.0,0.0
1190,"Pork, leg steak (rump), separable fat, fried, no added fat",2191.0,12.0,53.7,19.29,307.06,6.65,24.67,0.0,0.0,0.0,36.0,4.0,230.0,0.52,0.0,3.6,8.0,0.66,14.0,0.0,0.0,32.0,0.0
1191,"Pork, leg steak (rump), separable fat, raw",2603.0,8.6,66.4,23.86,379.68,8.23,30.5,0.0,0.0,0.0,23.0,3.0,140.0,1.1,0.07,4.1,4.0,0.6,8.0,0.0,0.0,38.0,0.0
1192,"Pork, loin chop, lean, BBQ'd, no added fat",687.0,30.6,4.5,1.56,16.38,0.67,1.84,0.0,0.0,0.0,58.0,16.0,400.0,0.857,0.148,9.25,20.0,0.64,24.0,0.0,0.0,71.0,0.0
1193,"Pork, loin chop, lean, raw",461.0,23.2,1.8,0.62,6.55,0.27,0.74,0.0,0.0,0.0,52.0,11.0,426.0,0.755,0.145,6.82,36.0,0.46,26.0,0.0,0.0,48.0,0.0
1194,"Pork, loin chop, semi-trimmed, BBQ'd, no added fat",790.0,29.5,7.8,2.87,32.4,0.96,3.37,0.0,0.0,0.0,57.0,16.0,388.0,0.825,0.146,8.94,19.0,0.63,23.0,0.0,0.0,70.0,0.0
1195,"Pork, loin chop, semi-trimmed, raw",573.0,22.4,5.2,1.96,22.71,0.58,2.28,0.0,0.0,0.0,51.0,11.0,410.0,0.726,0.143,6.56,34.0,0.45,25.0,0.0,0.0,48.0,0.0
1196,"Pork, loin chop, separable fat, BBQ'd, no added fat",2765.0,8.8,70.7,27.88,336.88,6.6,32.35,0.0,0.0,0.0,33.0,17.0,159.0,0.21,0.113,3.17,8.0,0.36,9.0,0.0,0.0,41.0,0.0
1197,"Pork, loin chop, separable fat, raw",2694.0,7.9,69.2,27.29,329.74,6.46,31.67,0.0,0.0,0.0,24.0,16.0,104.0,0.172,0.108,1.6,4.0,0.29,6.0,0.0,0.0,46.0,0.0
1198,"Pork, loin chop, untrimmed, BBQ'd, no added fat",930.0,28.0,12.2,4.64,53.94,1.36,5.42,0.0,0.0,0.0,55.0,16.0,372.0,0.781,0.144,8.54,18.0,0.61,22.0,0.0,0.0,67.0,0.0
1199,"Pork, loin chop, untrimmed, raw",705.0,21.5,9.2,3.53,41.85,0.94,4.12,0.0,0.0,0.0,49.0,11.0,391.0,0.691,0.141,6.25,32.0,0.44,24.0,0.0,0.0,48.0,0.0
1200,"Pork, loin cutlet, untrimmed, fried, no added fat",1240.0,30.9,19.3,6.77,89.84,2.05,8.44,0.0,0.0,0.0,61.0,8.0,543.0,1.06,0.0,12.19,72.0,0.75,34.0,0.0,0.0,68.0,0.0
1201,"Pork, loin cutlet, untrimmed, raw",843.0,21.0,13.1,4.6,61.09,1.39,5.74,0.0,0.0,0.0,42.0,5.0,373.0,0.731,0.0,8.42,49.0,0.53,23.0,0.0,0.0,46.0,0.0
1202,"Pork, loin roast, lean, baked, no added fat",860.0,31.9,8.6,2.93,31.3,1.27,3.58,0.0,0.0,0.0,57.0,7.0,340.0,0.72,0.15,10.0,15.0,0.52,25.0,0.0,0.0,57.0,0.0
1203,"Pork, loin roast, lean, raw",478.0,23.3,2.2,0.75,8.01,0.32,0.91,0.0,0.0,0.0,52.0,6.0,370.0,0.73,0.13,8.8,36.0,0.41,25.0,0.0,0.0,46.0,0.0
1204,"Pork, loin roast, separable fat, baked, no added fat",2629.0,8.8,67.0,25.22,319.26,9.39,28.73,0.0,0.0,0.0,40.0,3.0,145.0,0.72,0.15,10.0,8.0,0.27,8.0,0.0,0.0,33.0,0.0
1205,"Pork, loin roast, separable fat, raw",2941.0,5.2,77.1,29.02,367.38,10.8,33.06,0.0,0.0,0.0,27.0,4.0,69.0,0.19,0.1,2.4,11.0,0.16,4.0,0.0,0.0,38.0,0.0
1206,"Pork, loin roast, untrimmed, baked, no added fat",1093.0,28.8,16.3,5.87,69.23,2.34,6.89,0.0,0.0,0.0,55.0,6.0,314.0,0.72,0.15,10.0,14.0,0.49,23.0,0.0,0.0,54.0,0.0
1207,"Pork, loin roast, untrimmed, raw",943.0,19.9,16.4,6.1,75.96,2.3,6.99,0.0,0.0,0.0,47.0,6.0,313.0,0.628,0.124,7.59,31.0,0.36,21.0,0.0,0.0,44.0,0.0
1208,"Pork, medallion or loin steak, lean, fried, no added fat",631.0,29.5,3.5,1.19,12.74,0.59,1.4,0.0,0.0,0.0,52.0,6.0,455.0,0.82,0.0,6.3,8.0,0.63,29.0,0.0,0.0,63.0,0.0
1209,"Pork, medallion or loin steak, lean, raw",469.0,24.1,1.6,0.54,5.82,0.27,0.64,0.0,0.0,0.0,46.0,6.0,420.0,0.84,0.0,9.4,57.0,0.54,26.0,0.0,0.0,48.0,0.0
1210,"Pork, medallion or loin steak, separable fat, fried, no added fat",2307.0,14.9,55.5,19.52,264.46,5.5,24.49,0.0,0.0,0.0,47.0,16.0,340.0,0.39,0.0,7.3,11.0,0.7,18.0,0.0,0.0,46.0,0.0
1211,"Pork, medallion or loin steak, separable fat, raw",2642.0,6.3,68.5,24.09,326.4,6.79,30.22,0.0,0.0,0.0,22.0,5.0,150.0,0.21,0.0,3.7,11.0,0.48,8.0,0.0,0.0,38.0,0.0
1212,"Pork, medallion or loin steak, untrimmed, fried, no added fat",891.0,33.2,8.8,3.08,39.66,1.02,3.81,0.0,0.0,0.0,58.0,6.0,497.0,0.815,0.0,10.53,66.0,0.63,35.0,0.0,0.0,68.0,0.0
1213,"Pork, medallion or loin steak, untrimmed, raw",615.0,22.9,6.1,2.12,27.37,0.71,2.63,0.0,0.0,0.0,44.0,6.0,402.0,0.798,0.0,9.02,54.0,0.54,25.0,0.0,0.0,47.0,0.0
1214,"Pork, mince, as purchased, fried, no added fat",849.0,25.9,11.0,4.17,73.48,1.43,4.82,0.0,0.0,0.0,59.0,12.0,350.0,0.7,0.1,10.7,10.0,1.22,22.0,0.0,0.0,57.0,0.0
1215,"Pork, mince, untrimmed, raw",748.0,20.9,10.6,4.0,70.49,1.37,4.62,0.0,0.0,0.0,58.0,8.0,330.0,0.72,0.16,7.0,9.0,0.93,20.0,0.0,0.0,54.0,0.0
1216,"Pork, round mini roast, lean, baked, no added fat",682.0,34.7,2.5,0.79,9.1,0.5,0.97,0.0,0.0,0.0,54.0,6.0,435.0,0.86,0.31,4.5,2.0,1.35,27.0,0.0,0.0,89.0,0.0
1217,"Pork, round mini roast, lean, raw",444.0,23.7,1.1,0.35,4.0,0.22,0.43,0.0,0.0,0.0,50.0,4.0,390.0,0.85,0.22,6.0,38.0,0.83,24.0,0.0,0.0,68.0,0.0
1218,"Pork, round mini roast, separable fat, baked, no added fat",1961.0,16.3,45.5,16.35,216.81,6.03,20.68,0.0,0.0,0.0,54.0,6.0,345.0,0.64,0.25,2.3,7.0,1.45,22.0,0.0,0.0,65.0,0.0
1219,"Pork, round mini roast, separable fat, raw",1842.0,11.3,44.6,16.02,212.52,5.91,20.27,0.0,0.0,0.0,38.0,5.0,200.0,0.33,0.17,4.1,3.0,0.64,12.0,0.0,0.0,76.0,0.0
1220,"Pork, round mini roast, untrimmed, baked, no added fat",699.0,34.5,3.0,0.99,11.8,0.57,1.23,0.0,0.0,0.0,54.0,6.0,434.0,0.857,0.309,4.47,2.0,1.35,27.0,0.0,0.0,89.0,0.0
1221,"Pork, round mini roast, untrimmed, raw",472.0,23.4,2.0,0.66,8.17,0.33,0.82,0.0,0.0,0.0,50.0,4.0,386.0,0.84,0.219,5.96,37.0,0.83,24.0,0.0,0.0,68.0,0.0
1222,"Pork, round steak, lean, fried, no added fat",563.0,29.4,1.7,0.54,6.19,0.4,0.6,0.0,0.0,0.0,51.0,5.0,390.0,1.2,0.0,10.4,25.0,1.1,25.0,0.0,0.0,62.0,0.0
1223,"Pork, round steak, lean, raw",416.0,22.1,1.1,0.35,4.0,0.26,0.39,0.0,0.0,0.0,48.0,4.0,385.0,1.2,0.0,9.7,41.0,0.88,25.0,0.0,0.0,46.0,0.0
1224,"Pork, rump steak, lean, fried, no added fat",627.0,28.6,3.8,1.26,13.83,0.7,1.46,0.0,0.0,0.0,52.0,5.0,380.0,1.1,0.07,5.3,27.0,0.94,26.0,0.0,0.0,57.0,0.0
1225,"Pork, rump steak, lean, raw",508.0,25.3,2.1,0.7,7.64,0.39,0.81,0.0,0.0,0.0,50.0,5.0,365.0,1.1,0.07,11.5,35.0,0.84,25.0,0.0,0.0,45.0,0.0
1226,"Pork, rump steak, untrimmed, fried, no added fat",836.0,36.5,5.8,2.01,27.0,0.9,2.44,0.0,0.0,0.0,65.0,5.0,448.0,1.132,0.103,13.28,43.0,0.97,34.0,0.0,0.0,66.0,0.0
1227,"Pork, rump steak, untrimmed, raw",568.0,24.8,4.0,1.37,18.36,0.62,1.66,0.0,0.0,0.0,49.0,5.0,358.0,1.1,0.07,11.29,34.0,0.83,24.0,0.0,0.0,45.0,0.0
1228,"Pork, scotch roast, lean, baked, no added fat",964.0,30.6,12.0,4.23,43.68,1.64,4.98,0.0,0.0,0.0,57.0,8.0,430.0,0.52,0.28,8.1,11.0,1.35,25.0,0.0,0.0,74.0,0.0
1229,"Pork, scotch roast, lean, raw",631.0,20.6,7.6,2.68,27.66,1.04,3.15,0.0,0.0,0.0,49.0,4.0,355.0,0.65,0.19,9.6,12.0,0.78,20.0,0.0,0.0,50.0,0.0
1230,"Pork, scotch roast, separable fat, baked, no added fat",2076.0,12.2,50.5,21.32,288.76,3.9,22.38,0.0,0.0,0.0,41.0,9.0,280.0,0.37,0.14,4.2,3.0,0.88,14.0,0.0,0.0,46.0,0.0
1231,"Pork, scotch roast, separable fat, raw",2124.0,10.7,52.5,22.16,300.2,4.05,23.26,0.0,0.0,0.0,30.0,8.0,190.0,0.33,0.08,3.8,4.0,0.56,10.0,0.0,0.0,48.0,0.0
1232,"Pork, scotch roast, untrimmed, baked, no added fat",1024.0,29.6,14.1,5.15,56.91,1.76,5.92,0.0,0.0,0.0,56.0,8.0,422.0,0.512,0.272,7.89,10.0,1.32,24.0,0.0,0.0,72.0,0.0
1233,"Pork, scotch roast, untrimmed, raw",893.0,18.9,15.4,6.09,75.36,1.56,6.67,0.0,0.0,0.0,46.0,5.0,326.0,0.594,0.171,8.58,11.0,0.74,18.0,0.0,0.0,50.0,0.0
1234,"Pork, silverside steak, lean, fried, no added fat",585.0,27.9,3.0,1.03,10.92,0.46,1.22,0.0,0.0,0.0,59.0,5.0,425.0,0.92,0.06,9.0,76.0,0.97,28.0,0.0,0.0,63.0,0.0
1235,"Pork, silverside steak, lean, raw",456.0,22.5,2.0,0.68,7.28,0.31,0.82,0.0,0.0,0.0,53.0,4.0,410.0,0.96,0.07,11.0,52.0,0.79,26.0,0.0,0.0,60.0,0.0
1236,"Pork, silverside steak, untrimmed, raw",475.0,22.4,2.6,0.88,10.52,0.38,1.08,0.0,0.0,0.0,53.0,4.0,408.0,0.961,0.07,10.94,52.0,0.79,26.0,0.0,0.0,60.0,0.0
1237,"Pork, spare ribs, untrimmed, baked, no added fat",1663.0,27.4,32.4,12.68,152.22,3.13,14.73,0.0,0.0,0.0,54.0,17.0,396.0,0.542,0.189,6.67,37.0,0.6,22.0,0.0,0.0,70.0,0.0
1238,"Pork, spare ribs, untrimmed, raw",1198.0,18.1,24.0,9.42,113.2,2.31,10.94,0.0,0.0,0.0,43.0,12.0,320.0,0.563,0.133,5.1,25.0,0.4,19.0,0.0,0.0,47.0,0.0
1239,"Pork, strips, untrimmed, fried, no added fat",623.0,31.2,2.5,0.82,13.65,0.46,0.98,0.0,0.0,0.0,58.0,5.0,470.0,1.05,0.22,11.0,30.0,0.9,33.0,0.0,0.0,59.0,0.0
1240,"Pork, strips, untrimmed, raw",466.0,22.4,2.3,0.75,12.56,0.43,0.9,0.0,0.0,0.0,46.0,4.0,385.0,0.87,0.24,9.8,20.0,0.75,26.0,0.0,0.0,50.0,0.0
1241,"Pork, topside steak, lean, fried, no added fat",582.0,29.2,2.3,0.74,6.28,0.43,0.9,0.0,0.0,0.0,55.0,5.0,440.0,1.25,0.07,4.4,43.0,0.86,30.0,0.0,0.0,52.0,0.0
1242,"Pork, topside steak, lean, raw",482.0,24.0,2.0,0.65,5.46,0.37,0.79,0.0,0.0,0.0,48.0,4.0,370.0,1.2,0.05,10.0,51.0,0.73,25.0,0.0,0.0,43.0,0.0
1243,"Pork, topside steak, untrimmed, fried, no added fat",583.0,29.2,2.4,0.76,6.58,0.44,0.93,0.0,0.0,0.0,55.0,5.0,440.0,1.249,0.07,4.4,43.0,0.86,29.0,0.0,0.0,52.0,0.0
1245,"Porridge, rolled oats mixed with sugar or honey & other flavours, prepared with cows milk",586.0,4.6,4.5,2.15,88.55,0.72,1.48,19.8,9.8,1.7,31.0,97.0,170.0,0.053,0.158,0.21,10.0,0.58,25.0,0.0,0.0,8.0,0.0
1246,"Porridge, rolled oats, prepared with regular fat cows milk",515.0,5.3,4.9,2.49,97.1,0.61,1.46,13.7,5.3,1.6,34.0,107.0,186.0,0.073,0.174,0.44,6.0,0.6,27.0,0.0,0.0,10.0,0.0
1247,"Porridge, rolled oats, prepared with water",374.0,3.0,2.9,0.51,0.0,1.06,1.11,11.4,0.3,2.9,1.0,11.0,74.0,0.08,0.0,0.0,0.0,0.96,29.0,0.0,0.0,0.0,0.0
1249,"Potato crisps or chips, flavoured (other than salt & vinegar)",2092.0,6.8,32.5,7.1,310.57,2.77,20.98,43.6,1.4,3.6,664.0,24.0,1350.0,0.195,0.05,1.49,46.0,1.85,60.0,24.0,0.0,0.0,0.0
1250,"Potato crisps or chips, plain, salted",2140.0,6.0,33.3,7.5,108.35,2.79,21.39,45.8,0.9,3.2,592.0,21.0,1250.0,0.16,0.01,1.68,67.0,1.2,60.0,23.0,0.0,0.0,0.0
1251,"Potato crisps or chips, reformed, salted",2314.0,5.7,34.1,7.83,390.81,9.86,14.52,55.1,1.9,2.8,430.0,54.0,700.0,0.16,0.06,4.04,30.0,1.25,46.0,10.0,0.0,0.0,0.0
1252,"Potato crisps or chips, salt & vinegar flavoured",2097.0,6.8,32.6,7.84,62.36,2.76,20.42,43.6,1.4,3.6,970.0,22.0,1200.0,0.195,0.05,1.49,46.0,1.0,64.0,24.0,0.0,0.0,0.0
1253,"Potato straws, French fries, plain",2165.0,6.9,31.0,13.37,236.7,3.31,12.69,51.6,0.2,3.2,576.0,31.0,1390.0,0.11,0.05,2.9,67.0,3.6,51.0,42.0,0.0,0.0,0.0
1254,"Potato, chips, regular, fast food outlet, deep fried, blended oil, salted",944.0,3.8,10.1,4.44,86.3,1.28,3.88,28.2,0.0,3.0,228.0,10.0,491.0,0.09,0.07,3.24,8.0,0.86,25.0,1.0,0.0,8.0,0.0
1255,"Potato, chips, regular, fast food outlet, deep fried, monounsaturated oil, salted",1020.0,3.8,12.2,1.65,204.42,3.23,6.62,28.2,0.0,3.0,192.0,10.0,491.0,0.09,0.07,3.24,8.0,0.86,25.0,1.0,0.0,8.0,0.0
1256,"Potato, chips, regular, independent takeaway outlet, deep fried, blended oil, salted",997.0,3.8,11.6,3.01,98.55,3.14,4.69,28.2,0.0,3.0,180.0,10.0,491.0,0.09,0.07,3.24,8.0,0.86,25.0,1.0,0.0,8.0,0.0
1257,"Potato, chips, regular, purchased frozen, baked, no added fat",1087.0,4.8,5.4,0.69,36.98,1.85,2.5,44.5,0.2,4.6,60.0,8.0,491.0,0.09,0.0,2.8,8.0,1.3,45.0,20.0,0.0,0.0,0.0
1258,"Potato, coliban, peeled, baked, no added fat",368.0,3.0,0.0,0.0,0.0,0.0,0.0,17.4,1.5,1.7,7.0,5.0,576.0,0.09,0.029,1.58,19.0,0.68,29.0,18.0,0.0,0.0,0.0
1259,"Potato, coliban, peeled, boiled, drained",234.0,1.0,0.0,0.0,0.0,0.0,0.0,11.6,0.0,2.0,10.0,6.0,387.0,0.05,0.03,0.16,37.0,0.42,14.0,11.0,0.0,0.0,0.0
1260,"Potato, coliban, peeled, raw",242.0,2.0,0.0,0.0,0.0,0.0,0.0,11.5,1.0,1.1,4.0,3.0,380.0,0.07,0.02,1.1,14.0,0.45,19.0,15.0,0.0,0.0,0.0
1261,"Potato, desiree, peeled, baked, no added fat",364.0,3.5,0.0,0.0,0.0,0.0,0.0,16.2,2.6,2.6,8.0,10.0,606.0,0.103,0.058,1.73,19.0,0.36,30.0,17.0,0.0,0.0,0.0
1262,"Potato, desiree, peeled, boiled, drained",245.0,2.3,0.0,0.0,0.0,0.0,0.0,10.9,1.7,1.7,5.0,6.0,367.0,0.065,0.039,1.16,13.0,0.23,19.0,11.0,0.0,0.0,0.0
1263,"Potato, desiree, peeled, raw",240.0,2.3,0.0,0.0,0.0,0.0,0.0,10.7,1.7,1.7,5.0,6.0,400.0,0.08,0.04,1.2,14.0,0.24,20.0,14.0,0.0,0.0,0.0
1264,"Potato, fries, fast food outlet, deep fried, monounsaturated oil, salted",1322.0,4.8,16.4,1.63,222.65,3.36,10.54,35.7,0.2,3.1,193.0,10.0,542.0,0.12,0.08,3.94,8.0,1.04,30.0,3.0,0.0,0.0,0.0
1265,"Potato, fries, independent takeaway outlet, deep fried, blended oil, salted",1361.0,4.8,17.4,4.02,141.8,7.91,4.68,35.7,0.2,3.1,210.0,10.0,542.0,0.12,0.08,3.94,8.0,1.04,30.0,3.0,0.0,0.0,0.0
1266,"Potato, new, peeled, baked, no added fat",413.0,3.5,0.2,0.0,0.0,0.0,0.0,19.4,0.8,1.7,4.0,7.0,777.0,0.116,0.043,1.8,19.0,0.91,30.0,18.0,0.0,0.0,0.0
1267,"Potato, new, peeled, boiled, drained",282.0,2.5,0.1,0.0,0.0,0.0,0.0,12.8,0.4,2.3,3.0,4.0,431.0,0.08,0.02,0.9,37.0,0.5,19.0,11.0,0.0,0.0,0.0
1268,"Potato, new, peeled, raw",272.0,2.3,0.1,0.0,0.0,0.0,0.0,12.8,0.6,1.1,3.0,4.0,513.0,0.09,0.03,1.25,14.0,0.6,20.0,15.0,0.0,0.0,0.0
1269,"Potato, pale skin, peeled, baked, no added fat",368.0,3.0,0.0,0.0,0.0,0.0,0.0,17.4,1.5,1.7,7.0,5.0,576.0,0.09,0.029,1.58,19.0,0.68,29.0,19.0,0.0,0.0,0.0
1270,"Potato, pale skin, peeled, boiled, drained",258.0,1.5,0.1,0.0,0.0,0.0,0.0,12.1,0.3,2.0,8.0,5.0,316.0,0.039,0.013,0.1,10.0,0.31,12.0,10.0,0.0,0.0,0.0
1271,"Potato, pale skin, peeled, raw",242.0,2.0,0.0,0.0,0.0,0.0,0.0,11.5,1.0,1.1,4.0,3.0,380.0,0.07,0.02,1.1,14.0,0.45,19.0,16.0,0.0,0.0,0.0
1272,"Potato, pontiac, peeled, baked, no added fat",421.0,3.6,0.2,0.0,0.0,0.0,0.0,19.1,1.1,3.2,3.0,6.0,576.0,0.116,0.043,1.73,19.0,0.76,29.0,18.0,0.0,0.0,0.0
1273,"Potato, pontiac, peeled, boiled, drained",283.0,2.4,0.1,0.0,0.0,0.0,0.0,12.8,0.7,2.1,2.0,4.0,349.0,0.073,0.029,1.16,11.0,0.48,18.0,11.0,0.0,0.0,0.0
1274,"Potato, pontiac, peeled, raw",278.0,2.4,0.1,0.0,0.0,0.0,0.0,12.6,0.7,2.1,2.0,4.0,380.0,0.09,0.03,1.2,14.0,0.5,19.0,15.0,0.0,0.0,0.0
1275,"Potato, red skin, peeled, baked, no added fat",364.0,3.5,0.0,0.0,0.0,0.0,0.0,16.2,2.6,2.6,8.0,10.0,606.0,0.103,0.058,1.73,19.0,0.36,30.0,17.0,0.0,0.0,0.0
1276,"Potato, red skin, peeled, boiled, drained",298.0,2.0,0.0,0.0,0.0,0.0,0.0,14.2,0.2,2.4,11.0,6.0,441.0,0.067,0.02,0.17,37.0,0.42,14.0,9.0,0.0,0.0,0.0
1277,"Potato, red skin, peeled, raw",240.0,2.3,0.0,0.0,0.0,0.0,0.0,10.7,1.7,1.7,5.0,6.0,400.0,0.08,0.04,1.2,14.0,0.24,20.0,14.0,0.0,0.0,0.0
1278,"Potato, sebago, peeled, baked, no added fat",460.0,3.8,0.2,0.0,0.0,0.0,0.0,20.8,0.7,3.3,7.0,4.0,670.0,0.109,0.036,1.94,19.0,0.83,29.0,23.0,0.0,0.0,0.0
1279,"Potato, sebago, peeled, boiled, drained",304.0,2.5,0.4,0.0,0.0,0.0,0.0,13.1,1.0,2.5,8.0,10.0,398.0,0.07,0.04,0.9,37.0,0.4,16.0,9.0,0.0,0.0,0.0
1280,"Potato, sebago, peeled, raw",303.0,2.5,0.2,0.0,0.0,0.0,0.0,13.8,0.4,2.2,4.0,3.0,442.0,0.085,0.025,1.35,14.0,0.55,19.0,19.0,0.0,0.0,0.0
1281,"Prawn, banana, aquacultured, purchased cooked",428.0,23.2,0.9,0.17,0.56,0.27,0.1,0.0,0.0,0.0,805.0,56.0,320.0,0.0,0.06,3.32,19.0,0.21,46.0,0.0,0.0,204.0,0.0
1282,"Prawn, banana, wild, flesh, raw",247.0,13.2,0.6,0.13,0.36,0.16,0.07,0.0,0.0,0.0,509.0,20.0,78.0,0.0,0.06,2.8,16.0,0.14,23.0,0.0,0.0,507.0,0.0
1283,"Prawn, black tiger, aquacultured, purchased cooked",383.0,20.2,1.1,0.21,2.55,0.25,0.17,0.0,0.0,0.0,918.0,239.0,179.0,0.0,0.06,3.32,19.0,1.28,45.0,0.0,0.0,218.0,0.0
1284,"Prawn, brown tiger, wild, flesh, raw",432.0,23.4,0.9,0.17,0.0,0.26,0.11,0.0,0.0,0.0,273.0,163.0,404.0,0.0,0.06,2.8,16.0,0.27,54.0,0.0,0.0,445.0,0.0
1285,"Prawn, endeavour, wild, flesh, raw",408.0,22.4,0.7,0.15,1.31,0.21,0.08,0.0,0.0,0.0,330.0,59.0,364.0,0.0,0.06,2.8,16.0,0.2,56.0,0.0,0.0,210.0,0.0
1286,"Prawn, flesh, cooked from raw, no added fat",507.0,27.1,1.2,0.24,1.94,0.33,0.17,0.0,0.0,0.0,1077.0,185.0,312.0,0.0,0.075,4.16,24.0,0.93,57.0,0.0,0.0,264.0,0.0
1287,"Prawn, flesh, raw (green)",381.0,20.7,0.8,0.15,0.8,0.21,0.09,0.0,0.0,0.0,345.0,72.0,314.0,0.0,0.06,2.8,16.0,0.16,45.0,0.0,0.0,406.0,0.0
1288,"Prawn, school, wild, flesh, raw",345.0,17.8,1.1,0.24,4.03,0.29,0.13,0.0,0.0,0.0,114.0,583.0,306.0,0.0,0.06,2.8,16.0,2.77,48.0,0.0,0.0,204.0,0.0
1289,"Prawn, Western king, wild, flesh, raw",437.0,23.9,0.8,0.16,1.53,0.23,0.11,0.0,0.0,0.0,268.0,45.0,412.0,0.0,0.06,2.8,16.0,0.03,50.0,0.0,0.0,461.0,0.0
1290,"Prickly pear, peeled, raw",204.0,0.4,0.3,0.0,0.0,0.0,0.0,8.8,8.8,4.6,1.0,48.0,190.0,0.02,0.04,0.4,6.0,0.4,29.0,18.0,0.0,0.0,0.0
1291,"Prosciutto",1224.0,30.8,18.8,6.68,88.36,1.77,9.03,0.3,0.3,0.0,1700.0,10.0,410.0,0.88,0.24,6.6,30.0,0.84,22.0,0.0,0.0,180.0,0.0
1292,"Protein powder, whey based, protein >70%, unfortified",1568.0,85.0,2.2,1.23,31.55,0.34,0.48,1.6,1.3,1.8,200.0,420.0,480.0,0.1,0.17,0.0,123.0,0.49,78.0,0.0,0.0,61.0,0.0
1293,"Protein powder, whey based, protein >70%, unfortified, prepared with water",261.0,14.2,0.4,0.2,5.26,0.06,0.08,0.3,0.2,0.3,36.0,71.0,80.0,0.017,0.028,0.0,20.0,0.09,14.0,0.0,0.0,10.0,0.0
1294,"Prune (dried plum)",841.0,2.3,0.4,0.0,0.0,0.0,0.0,43.9,31.0,7.8,7.0,52.0,700.0,0.0,0.0,0.9,4.0,1.1,42.0,2.0,0.0,0.0,0.0
1295,"Psyllium, uncooked",826.0,3.0,1.3,0.26,0.0,0.58,0.38,1.0,0.0,88.7,55.0,190.0,860.0,0.05,0.0,0.0,0.0,24.0,34.0,0.0,0.0,0.0,0.0
1296,"Pudding, chocolate, homemade",771.0,3.6,2.6,1.59,54.06,0.16,0.56,37.0,23.4,1.1,162.0,53.0,182.0,0.039,0.067,0.31,4.0,0.94,24.0,0.0,4.0,5.0,0.0
1297,"Pudding, plum, steamed or boiled, homemade",1383.0,4.4,11.0,6.87,234.42,0.55,2.38,53.2,40.1,2.6,236.0,66.0,344.0,0.128,0.054,0.42,27.0,1.26,24.0,0.0,0.0,66.0,0.4
1298,"Pudding, sticky date, homemade",1468.0,3.0,16.6,10.97,478.1,0.54,3.6,48.5,38.6,1.6,337.0,50.0,180.0,0.03,0.063,0.46,14.0,0.86,17.0,0.0,0.0,73.0,0.0
1299,"Pumpkin, butternut, peeled, fresh, baked, no added fat",222.0,2.5,0.7,0.16,0.0,0.34,0.02,8.1,6.1,2.1,1.0,21.0,442.0,0.085,0.1,0.56,41.0,0.38,20.0,8.0,0.0,0.0,0.0
1300,"Pumpkin, butternut, peeled, fresh, boiled, drained",197.0,2.2,0.6,0.14,0.0,0.3,0.02,7.2,5.4,1.9,1.0,18.0,352.0,0.067,0.084,0.44,28.0,0.32,17.0,6.0,0.0,0.0,0.0
1301,"Pumpkin, butternut, peeled, fresh, raw",189.0,2.1,0.6,0.14,0.0,0.29,0.02,6.9,5.2,1.8,1.0,18.0,376.0,0.08,0.09,0.5,41.0,0.32,17.0,8.0,0.0,0.0,0.0
1302,"Pumpkin, golden nugget, peeled, fresh, baked, no added fat",146.0,2.6,0.4,0.0,0.0,0.0,0.0,4.7,3.0,1.3,1.0,26.0,270.0,0.053,0.056,1.12,41.0,0.24,7.0,17.0,0.0,0.0,0.0
1303,"Pumpkin, golden nugget, peeled, fresh, boiled, drained",129.0,2.3,0.3,0.0,0.0,0.0,0.0,4.2,2.7,1.1,1.0,22.0,216.0,0.042,0.047,0.88,28.0,0.2,6.0,13.0,0.0,0.0,0.0
1304,"Pumpkin, golden nugget, peeled, fresh, raw",124.0,2.2,0.3,0.0,0.0,0.0,0.0,4.0,2.6,1.1,1.0,22.0,230.0,0.05,0.05,1.0,41.0,0.2,6.0,17.0,0.0,0.0,0.0
1305,"Pumpkin, jarrahdale, peeled, fresh, baked, no added fat",132.0,0.8,0.1,0.0,0.0,0.0,0.0,6.1,5.0,1.9,0.0,19.0,230.0,0.0,0.0,0.0,13.0,0.15,10.0,9.0,0.0,0.0,0.0
1306,"Pumpkin, jarrahdale, peeled, fresh, boiled, drained",116.0,0.7,0.1,0.0,0.0,0.0,0.0,5.4,4.5,1.7,0.0,16.0,183.0,0.0,0.0,0.0,9.0,0.12,9.0,7.0,0.0,0.0,0.0
1307,"Pumpkin, jarrahdale, peeled, fresh, raw",112.0,0.7,0.1,0.0,0.0,0.0,0.0,5.2,4.3,1.6,0.0,16.0,196.0,0.0,0.0,0.0,13.0,0.12,9.0,9.0,0.0,0.0,0.0
1308,"Pumpkin, peeled, fresh, baked, no added fat",170.0,1.5,0.0,0.0,0.0,0.0,0.0,7.9,7.0,2.2,0.0,22.0,376.0,0.053,0.056,0.0,10.0,0.32,19.0,14.0,0.0,0.0,0.0
1309,"Pumpkin, peeled, fresh, boiled, drained",150.0,1.3,0.0,0.0,0.0,0.0,0.0,7.0,6.2,2.0,0.0,19.0,300.0,0.042,0.047,0.0,7.0,0.27,16.0,11.0,0.0,0.0,0.0
1310,"Pumpkin, peeled, fresh, raw",144.0,1.2,0.0,0.0,0.0,0.0,0.0,6.7,6.0,1.9,0.0,19.0,320.0,0.05,0.05,0.0,10.0,0.27,16.0,14.0,0.0,0.0,0.0
1311,"Pumpkin, Queensland blue, peeled, fresh, baked, no added fat",244.0,2.4,0.4,0.0,0.0,0.0,0.0,9.9,5.8,3.2,2.0,48.0,400.0,0.032,0.1,0.89,13.0,1.06,15.0,24.0,0.0,0.0,0.0
1312,"Pumpkin, Queensland blue, peeled, fresh, boiled, drained",216.0,2.1,0.3,0.0,0.0,0.0,0.0,8.8,5.1,2.8,2.0,40.0,319.0,0.025,0.084,0.71,9.0,0.89,13.0,19.0,0.0,0.0,0.0
1313,"Pumpkin, Queensland blue, peeled, fresh, raw",208.0,2.0,0.3,0.0,0.0,0.0,0.0,8.4,4.9,2.7,2.0,41.0,340.0,0.03,0.09,0.8,13.0,0.9,13.0,24.0,0.0,0.0,0.0
1314,"Quail, lean flesh & skin, baked, no added fat",826.0,27.7,9.6,2.88,54.43,2.24,3.95,0.0,0.0,0.0,58.0,16.0,370.0,0.09,0.62,7.4,20.0,1.8,31.0,0.0,0.0,130.0,0.0
1315,"Quail, lean flesh & skin, raw",722.0,18.5,11.0,3.3,62.37,2.57,4.52,0.0,0.0,0.0,45.0,6.0,500.0,0.1,0.51,6.6,0.0,1.3,24.0,0.0,0.0,99.0,0.0
1316,"Quandong, fruit, flesh",213.0,2.5,0.0,0.0,0.0,0.0,0.0,8.1,8.1,4.2,116.0,7.0,747.0,0.04,0.0,0.83,191.0,0.0,28.0,20.0,0.0,0.0,0.0
1317,"Quince, peeled, raw",242.0,0.5,0.2,0.0,0.0,0.0,0.0,11.0,11.0,5.2,16.0,8.0,220.0,0.01,0.02,0.5,3.0,0.1,9.0,39.0,0.0,0.0,0.0
1318,"Quinoa, black, uncooked",1455.0,13.1,6.6,0.81,0.0,3.24,1.89,50.6,4.3,16.1,6.0,58.0,563.0,0.1,0.02,0.0,184.0,4.3,196.0,0.0,0.0,0.0,0.0
1319,"Quinoa, cooked in water, no added salt",432.0,3.6,1.8,0.21,0.0,0.87,0.53,16.3,1.3,3.4,4.0,14.0,157.0,0.075,0.006,0.0,36.0,1.08,53.0,0.0,0.0,0.0,0.0
1320,"Quinoa, red, uncooked",1538.0,14.1,6.9,0.81,0.0,3.42,1.98,55.0,5.8,13.8,4.0,41.0,563.0,0.27,0.03,0.0,184.0,4.3,168.0,0.0,0.0,0.0,0.0
1321,"Quinoa, uncooked",1550.0,12.9,6.5,0.76,0.0,3.13,1.92,58.6,4.7,12.0,7.0,47.0,563.0,0.337,0.023,0.0,184.0,3.88,188.0,0.0,0.0,0.0,0.0
1322,"Quinoa, white, uncooked",1572.0,12.2,6.3,0.72,0.0,2.97,1.89,61.8,4.2,10.5,8.0,48.0,563.0,0.41,0.02,0.0,184.0,3.6,197.0,0.0,0.0,0.0,0.0
1323,"Rabbit, farmed, whole, raw",472.0,23.2,2.1,0.77,11.54,0.53,0.6,0.0,0.0,0.0,53.0,9.0,370.0,0.06,0.06,7.5,8.0,1.0,26.0,0.0,0.0,67.0,0.0
1324,"Rabbit, flesh, casseroled, no added fat",712.0,29.3,5.7,2.33,31.33,1.6,1.28,0.2,0.2,0.0,56.0,17.0,320.0,0.07,0.12,7.3,9.0,1.3,26.0,0.0,0.0,92.0,0.0
1325,"Radish, red skinned, unpeeled, raw",62.0,0.8,0.2,0.0,0.0,0.0,0.0,1.9,1.9,1.1,20.0,25.0,180.0,0.03,0.03,0.4,25.0,1.1,9.0,23.0,0.0,0.0,0.0
1326,"Radish, white skinned, peeled, raw",86.0,0.7,0.3,0.0,0.0,0.0,0.0,2.9,2.9,1.8,28.0,30.0,210.0,0.03,0.01,0.8,28.0,0.3,13.0,17.0,0.0,0.0,0.0
1327,"Raisin",1226.0,3.2,0.5,0.2,0.0,0.18,0.02,68.7,66.9,4.9,10.0,53.0,680.0,0.28,0.04,0.0,4.0,1.16,35.0,0.0,0.0,0.0,0.0
1328,"Rambutan, raw",312.0,1.0,0.4,0.0,0.0,0.0,0.0,15.7,15.7,2.8,2.0,8.0,140.0,0.015,0.065,0.8,8.0,0.1,10.0,70.0,0.0,0.0,0.0
1329,"Raspberry, canned in syrup",315.0,0.6,0.1,0.0,0.0,0.0,0.0,17.0,16.8,2.5,5.0,10.0,78.0,0.0,0.0,0.0,14.0,0.95,9.0,5.0,0.0,0.0,0.0
1330,"Raspberry, canned in syrup, drained",343.0,1.0,0.2,0.0,0.0,0.0,0.0,16.2,15.9,6.0,6.0,18.0,77.0,0.0,0.0,0.0,34.0,1.3,12.0,5.0,0.0,0.0,0.0
1331,"Raspberry, canned in syrup, syrup only",296.0,0.2,0.0,0.0,0.0,0.0,0.0,17.5,17.5,0.0,4.0,5.0,78.0,0.0,0.0,0.0,0.0,0.7,7.0,5.0,0.0,0.0,0.0
1332,"Raspberry, purchased frozen",204.0,1.1,0.2,0.0,0.0,0.0,0.0,6.8,6.5,5.6,1.0,24.0,141.0,0.033,0.025,0.3,32.0,0.54,20.0,20.0,0.0,0.0,0.0
1333,"Raspberry, raw",204.0,1.1,0.2,0.0,0.0,0.0,0.0,6.8,6.5,5.6,1.0,26.0,156.0,0.035,0.025,0.3,34.0,0.54,20.0,29.0,0.0,0.0,0.0
1334,"Rhubarb, stalk, raw",94.0,1.5,0.2,0.0,0.0,0.0,0.0,1.7,1.7,2.2,12.0,26.0,130.0,0.11,0.04,0.7,7.0,0.3,10.0,8.0,0.0,0.0,0.0
1335,"Rice beverage, fluid, added calcium",255.0,0.3,1.0,0.16,21.51,0.31,0.47,12.7,3.7,0.0,62.0,70.0,22.0,0.02,0.0,0.0,0.0,0.2,10.0,0.0,0.0,0.0,0.0
1336,"Rice paper wrapper, soaked in water",646.0,3.3,0.9,0.15,0.0,0.32,0.29,32.2,0.2,1.0,766.0,4.0,65.0,0.094,0.002,1.58,13.0,0.23,32.0,0.0,0.0,0.0,0.0
1337,"Rice, brown, boiled, no added salt",693.0,4.1,1.1,0.23,0.0,0.37,0.33,33.5,0.3,1.7,2.0,7.0,110.0,0.14,0.0,3.5,14.0,0.59,72.0,0.0,0.0,0.0,0.0
1338,"Rice, brown, uncooked",1452.0,7.6,3.1,0.51,0.0,1.1,1.02,69.1,1.1,3.5,2.0,7.0,230.0,0.37,0.01,5.8,37.0,0.8,119.0,0.0,0.0,0.0,0.0
1339,"Rice, white, boiled or rice cooker, no added salt",659.0,3.1,0.2,0.04,0.0,0.07,0.05,34.7,0.1,0.8,0.0,2.0,25.0,0.02,0.013,0.07,5.0,0.0,4.0,0.0,0.0,0.0,0.0
1340,"Rice, white, fried with bacon or ham, egg, prawns & vegetables",920.0,5.7,8.5,3.39,181.69,1.2,3.35,29.5,0.4,1.0,500.0,10.0,36.0,0.12,0.07,1.1,12.0,0.9,10.0,0.0,0.0,30.0,0.0
1341,"Rice, white, purchased as 'instant', microwaved",643.0,3.4,0.6,0.16,0.0,0.14,0.2,32.5,0.0,1.0,21.0,2.0,19.0,0.04,0.0,0.0,0.0,0.0,4.0,0.0,0.0,0.0,0.0
1342,"Rice, white, uncooked",1422.0,7.0,0.9,0.17,0.0,0.34,0.25,74.0,0.0,0.8,1.0,4.0,58.0,0.05,0.0,1.2,20.0,0.2,20.0,0.0,0.0,0.0,0.0
1343,"Rice, wild, boiled, no added salt",426.0,4.0,0.3,0.04,0.0,0.2,0.05,19.5,0.7,1.8,3.0,3.0,101.0,0.052,0.087,1.29,26.0,0.6,32.0,0.0,0.0,0.0,0.0
1344,"Rice, wild, uncooked",1505.0,14.7,1.1,0.14,0.0,0.63,0.15,68.7,2.5,6.2,7.0,21.0,427.0,0.115,0.262,6.73,95.0,1.96,177.0,0.0,0.0,0.0,0.0
1345,"Rocket, fresh, raw",91.0,3.3,0.3,0.0,0.0,0.0,0.0,0.3,0.3,2.4,47.0,214.0,351.0,0.07,0.06,1.5,164.0,1.56,51.0,83.0,0.0,0.0,0.0
1346,"Rosemary, dried",1314.0,4.9,15.2,7.05,0.0,2.24,2.91,20.4,19.6,42.6,50.0,1280.0,955.0,0.514,0.428,1.0,307.0,29.25,220.0,61.0,0.0,0.0,0.0
1347,"Rosemary, fresh, raw",396.0,3.3,5.9,2.72,0.0,0.82,1.11,0.6,0.4,14.1,26.0,317.0,668.0,0.036,0.152,0.91,109.0,6.65,91.0,22.0,0.0,0.0,0.0
1348,"Rye, grain, whole, uncooked",1296.0,11.1,2.6,0.36,0.0,1.15,0.36,51.3,1.7,17.3,5.0,41.0,510.0,0.28,0.03,1.7,38.0,3.7,116.0,0.0,0.0,0.0,0.0
1349,"Rye, rolled, uncooked",1278.0,10.4,2.6,0.29,0.0,1.15,0.36,50.8,1.4,17.3,3.0,38.0,510.0,0.23,0.02,1.2,38.0,2.7,108.0,0.0,0.0,0.0,0.0
1350,"Sage, dried",1320.0,10.6,12.8,7.03,0.0,1.68,1.79,20.4,1.7,40.3,11.0,1652.0,1070.0,0.754,0.336,5.72,274.0,28.12,428.0,32.0,0.0,0.0,0.0
1351,"Salami, all varieties, raw",1412.0,21.9,27.4,8.93,130.15,4.09,12.21,0.4,0.0,0.5,1500.0,21.0,360.0,0.5,0.19,5.1,0.0,1.7,23.0,0.0,0.0,91.0,0.0
1352,"Salami, danish",1858.0,19.6,40.2,13.75,267.33,3.83,21.0,1.2,0.8,0.0,1485.0,20.0,265.0,0.18,0.18,4.6,0.0,1.5,19.0,0.0,0.0,108.0,0.0
1353,"Salami, hungarian",1783.0,21.6,37.4,12.08,248.71,3.62,20.25,0.9,0.0,0.0,1730.0,22.0,265.0,0.3,0.18,5.7,0.0,2.4,21.0,0.0,0.0,96.0,0.0
1354,"Salami, mettwurst",1791.0,21.9,37.5,12.47,249.38,3.99,19.59,0.8,0.5,0.0,1535.0,18.0,245.0,0.26,0.18,5.2,0.0,2.7,18.0,0.0,0.0,90.0,0.0
1355,"Salami, milano",1781.0,21.7,36.9,11.57,245.38,3.58,20.33,2.2,1.0,0.0,1495.0,28.0,280.0,0.12,0.21,5.7,0.0,2.1,24.0,0.0,0.0,102.0,0.0
1356,"Salami, pepperoni",1774.0,23.5,36.1,13.38,240.06,2.47,18.86,1.6,0.8,0.0,1400.0,22.0,290.0,0.36,0.21,5.1,0.0,2.8,27.0,0.0,0.0,114.0,0.0
1357,"Salmon, Atlantic, fillet, grilled, no added fat",1078.0,22.9,18.6,4.21,536.38,4.8,7.9,0.0,0.0,0.0,36.0,54.0,409.0,0.096,0.112,3.43,0.0,0.35,32.0,0.0,0.0,71.0,0.0
1358,"Salmon, Atlantic, fillet, raw",965.0,20.5,16.7,3.77,480.06,4.29,7.07,0.0,0.0,0.0,32.0,48.0,366.0,0.09,0.1,3.07,0.0,0.31,28.0,0.0,0.0,63.0,0.0
1359,"Salmon, Atlantic, fillet, steamed, no added fat",1135.0,24.1,19.6,4.44,564.78,5.05,8.31,0.0,0.0,0.0,32.0,57.0,366.0,0.085,0.106,3.07,0.0,0.37,30.0,0.0,0.0,74.0,0.0
1360,"Salmon, flavoured, canned, undrained",538.0,15.5,5.0,0.69,124.2,2.36,1.39,5.5,4.1,0.0,420.0,102.0,240.0,0.02,0.2,4.45,13.0,1.07,25.0,0.0,0.0,74.0,0.0
1361,"Salmon, Pacific King, fillet, skinless, grilled, no added fat",1284.0,20.2,25.4,6.32,68.66,6.8,9.8,0.0,0.0,0.0,33.0,10.0,424.0,0.18,0.134,7.91,0.0,0.26,30.0,2.0,0.0,70.0,0.0
1362,"Salmon, Pacific King, fillet, skinless, raw",1149.0,18.1,22.8,5.65,61.45,6.08,8.77,0.0,0.0,0.0,30.0,9.0,380.0,0.17,0.12,7.08,0.0,0.23,27.0,2.0,0.0,63.0,0.0
1363,"Salmon, Pacific King, fillet, steamed, no added fat",1352.0,21.3,26.8,6.65,72.3,7.16,10.31,0.0,0.0,0.0,30.0,10.0,380.0,0.16,0.127,7.08,0.0,0.27,28.0,2.0,0.0,74.0,0.0
1364,"Salmon, pink, canned in brine, drained",579.0,20.7,6.2,1.4,63.1,1.93,2.15,0.0,0.0,0.0,382.0,191.0,286.0,0.02,0.235,4.45,13.0,1.14,30.0,0.0,0.0,74.0,0.0
1365,"Salmon, red, canned in brine, drained",617.0,24.4,5.5,1.14,22.11,1.67,2.06,0.0,0.0,0.0,350.0,130.0,270.0,0.0,0.04,5.8,95.0,0.46,26.0,0.0,0.0,63.0,0.0
1366,"Salmon, smoked, sliced",787.0,24.31,10.1,1.7,9.1,2.6,4.7,0.0,0.0,0.0,1015.0,8.0,420.0,0.4,0.1,10.0,0.0,0.3,34.0,0.0,0.0,55.0,0.0
1367,"Salt substitute, potassium chloride",0.0,0.0,0.0,0.0,0.0,0.0,0.0,0.0,0.0,0.0,33.0,34.0,50009.0,0.0,0.0,0.0,0.0,0.0,1.0,0.0,0.0,0.0,0.0
1368,"Salt, table, iodised",0.0,0.0,0.0,0.0,0.0,0.0,0.0,0.0,0.0,0.0,38168.0,34.0,98.0,0.0,0.0,0.0,0.0,0.0,1.0,0.0,0.0,0.0,0.0
1369,"Salt, table, non-iodised",0.0,0.0,0.0,0.0,0.0,0.0,0.0,0.0,0.0,0.0,38178.0,34.0,17.0,0.0,0.0,0.0,0.0,0.0,1.0,0.0,0.0,0.0,0.0
1370,"Sardine, Australian, whole, fried, no added fat",444.0,22.0,1.9,0.59,2.69,0.42,0.32,0.0,0.0,0.0,794.0,872.0,402.0,0.08,0.176,5.53,10.0,6.1,54.0,0.0,0.0,162.0,0.0
1371,"Sardine, Australian, whole, raw",442.0,19.7,2.9,1.17,5.18,0.75,0.5,0.0,0.0,0.0,665.0,725.0,352.0,0.019,0.34,1.1,7.0,3.95,46.0,0.0,0.0,129.0,0.0
1372,"Sauce, barbecue, commercial",725.0,0.8,0.1,0.0,0.0,0.0,0.0,42.2,38.4,0.9,710.0,12.0,130.0,0.015,0.0,0.05,0.0,0.4,9.0,0.0,0.0,0.0,0.0
1373,"Sauce, butter chicken, commercial",412.0,1.3,7.6,3.13,82.31,0.99,2.95,5.8,3.6,1.9,462.0,21.0,144.0,0.03,0.09,1.26,28.0,0.78,18.0,0.0,0.0,18.0,0.0
1375,"Sauce, cranberry, commercial",649.0,0.0,0.0,0.0,0.0,0.0,0.0,40.0,40.0,1.1,50.0,3.0,50.0,0.015,0.021,0.1,1.0,0.41,2.0,1.0,0.0,0.0,0.0
1376,"Sauce, fish, commercial",213.0,6.8,0.3,0.08,6.78,0.1,0.05,4.4,4.4,1.2,8255.0,30.0,215.0,0.0,0.1,1.8,51.0,1.55,118.0,0.0,0.0,0.0,0.0
1377,"Sauce, hoi sin (hoisin), commercial",922.0,1.6,5.4,0.82,0.0,3.09,1.24,37.2,33.5,10.4,1550.0,41.0,51.0,0.01,0.25,1.1,23.0,4.7,14.0,1.0,0.0,0.0,0.0
1378,"Sauce, oyster, commercial",471.0,2.8,1.0,0.16,0.0,0.25,0.28,21.0,15.6,0.3,3790.0,40.0,210.0,0.02,0.05,0.6,15.0,3.9,24.0,0.0,0.0,0.0,0.0
1379,"Sauce, pasta or simmer, commercial, low fat",240.0,0.8,2.9,0.3,62.38,1.18,1.23,6.6,3.5,1.3,281.0,9.0,89.0,0.53,0.05,1.05,33.0,0.81,10.0,0.0,0.0,0.0,0.0
1380,"Sauce, pasta, basil pesto, commercial",1598.0,5.3,37.1,6.93,35.82,6.3,21.73,7.4,2.1,1.5,1251.0,147.0,232.0,0.08,0.13,2.8,34.0,1.41,32.0,0.0,0.0,8.0,0.0
1381,"Sauce, pasta, bolognese, homemade using beef mince & commercial tomato based sauce",471.0,10.0,6.2,2.0,52.7,0.31,2.79,3.9,3.3,1.1,180.0,16.0,310.0,0.03,0.04,1.9,0.0,1.3,19.0,0.0,0.0,26.0,0.0
1382,"Sauce, pasta, bolognese, homemade using beef mince & homemade tomato based sauce",388.0,8.8,4.5,1.47,38.25,0.3,1.94,3.8,3.2,1.4,56.0,16.0,450.0,0.03,0.06,1.7,0.0,1.4,20.0,0.0,0.0,19.0,0.0
1383,"Sauce, pasta, cheese or cream-based, commercial",363.0,1.4,6.8,2.77,45.5,1.02,2.48,5.3,2.7,0.1,482.0,32.0,94.0,0.285,0.07,0.0,14.0,0.0,5.0,0.0,0.0,13.0,0.0
1384,"Sauce, pasta, tomato-based, commercial, heated",226.0,1.6,1.5,0.17,0.0,0.24,0.76,7.5,6.2,1.8,375.0,27.0,337.0,0.042,0.047,0.7,61.0,0.74,15.0,1.0,0.0,0.0,0.0
1385,"Sauce, plum, commercial",958.0,0.1,0.8,0.41,0.0,0.19,0.14,56.5,48.2,0.6,950.0,15.0,32.0,0.0,0.05,0.0,6.0,2.5,24.0,2.0,0.0,0.0,0.0
1386,"Sauce, rogan josh, commercial",295.0,1.5,4.1,1.9,25.2,0.79,1.22,6.2,3.1,1.9,508.0,28.0,329.0,0.06,0.11,0.9,30.0,1.1,20.0,0.0,0.0,4.0,0.0
1387,"Sauce, salsa, tomato-based, commercial",146.0,1.3,0.0,0.0,0.0,0.0,0.0,6.3,4.9,1.6,480.0,36.0,270.0,0.05,0.0,0.8,36.0,0.61,15.0,8.0,0.0,0.0,0.0
1388,"Sauce, simmer for chicken, commercial",383.0,0.8,7.5,0.93,10.04,3.94,2.18,4.8,3.3,1.7,212.0,9.0,54.0,2.8,0.07,1.23,30.0,0.62,14.0,0.0,0.0,0.0,0.0
1389,"Sauce, simmer, curry flavoured, commercial",494.0,2.1,6.9,3.12,56.95,0.89,2.2,10.7,7.1,2.3,510.0,31.0,180.0,0.94,0.05,0.9,29.0,1.1,21.0,0.0,0.0,4.0,0.0
1390,"Sauce, soy, commercial",209.0,6.8,0.0,0.0,0.0,0.0,0.0,3.2,2.2,0.0,5600.0,21.0,299.0,0.16,0.11,0.0,34.0,1.3,50.0,0.0,0.0,0.0,1.4
1391,"Sauce, soy, commercial, reduced salt",162.0,5.4,0.0,0.0,0.0,0.0,0.0,2.7,1.7,0.0,3598.0,17.0,180.0,0.0,0.24,0.5,44.0,2.2,32.0,0.0,0.0,0.0,0.9
1392,"Sauce, tabasco, commercial",57.0,1.3,0.8,0.12,0.0,0.43,0.01,0.1,0.1,0.6,633.0,12.0,128.0,0.032,0.084,0.18,1.0,1.16,12.0,4.0,0.0,0.0,0.0
1393,"Sauce, tomato, commercial",437.0,1.3,0.0,0.0,0.0,0.0,0.0,24.1,23.7,1.3,870.0,13.0,292.0,0.03,0.0,0.0,16.0,0.65,14.0,0.0,0.0,0.0,0.0
1394,"Sauce, tomato, commercial, reduced salt",437.0,1.3,0.0,0.0,0.0,0.0,0.0,24.1,23.7,1.3,529.0,12.0,270.0,0.03,0.0,0.0,16.0,0.62,14.0,0.0,0.0,0.0,0.0
1395,"Sauce, white, savoury, homemade",748.0,3.9,13.5,9.21,339.4,0.32,2.76,10.8,5.1,0.2,130.0,99.0,145.0,0.032,0.172,0.44,5.0,0.12,12.0,0.0,0.0,30.0,0.0
1396,"Sauce, Worcestershire, commercial",311.0,1.3,0.2,0.04,0.0,0.06,0.08,17.6,16.9,0.0,1060.0,160.0,890.0,0.0,0.13,0.4,2.0,3.7,83.0,0.0,0.0,0.0,0.0
1397,"Sausage roll, commercial, ready to eat",1179.0,9.7,14.3,7.89,886.56,0.95,3.99,27.2,2.8,3.0,667.0,24.0,130.0,0.2,0.09,2.6,19.0,1.1,21.0,0.0,0.0,20.0,0.0
1398,"Sausage roll, purchased frozen, baked",1118.0,9.7,12.7,6.34,779.29,0.83,4.16,27.2,2.8,3.0,628.0,19.0,130.0,0.2,0.09,2.6,19.0,1.1,22.0,0.0,0.0,20.0,0.0
1399,"Sausage, beef, fried, no added fat",947.0,16.4,16.2,7.59,425.13,0.37,6.74,4.0,0.4,0.4,788.0,11.0,1003.0,0.0,0.32,3.7,0.0,1.37,68.0,1.0,0.0,56.0,0.0
1400,"Sausage, beef, grilled, no added fat",911.0,17.2,14.9,6.99,387.77,0.33,6.21,3.8,0.4,0.2,795.0,9.0,206.0,0.0,0.08,4.2,4.0,1.31,16.0,1.0,0.0,62.0,0.0
1401,"Sausage, beef, raw",987.0,14.5,18.7,8.67,509.6,0.5,7.76,2.9,0.4,0.0,740.0,12.0,240.0,0.023,0.08,3.8,0.0,5.8,11.0,0.0,0.0,51.0,0.0
1402,"Sausage, chicken, flavoured, fried, no added fat",841.0,18.2,12.0,3.67,68.4,1.55,6.11,4.9,0.8,0.6,844.0,19.0,224.0,0.185,0.221,4.49,3.0,0.89,25.0,0.0,0.0,90.0,0.0
1403,"Sausage, chicken, plain, fried, no added fat",841.0,18.2,12.0,3.67,68.4,1.55,6.11,4.9,0.8,0.6,736.0,19.0,224.0,0.185,0.221,4.49,3.0,0.89,25.0,0.0,0.0,90.0,0.0
1404,"Sausage, chorizo, fried, no added fat",1245.0,21.2,23.3,8.42,262.41,2.62,10.39,1.3,0.8,0.5,868.0,11.0,268.0,0.315,0.11,3.55,20.0,1.03,15.0,0.0,0.0,147.0,0.0
1405,"Sausage, chorizo, uncooked",1183.0,20.1,22.1,8.0,249.29,2.49,9.87,1.2,0.8,0.5,1100.0,12.0,300.0,0.46,0.14,4.5,65.0,1.5,19.0,0.0,0.0,140.0,0.0
1406,"Sausage, lamb, flavoured, fried, no added fat",946.0,15.6,16.1,7.43,423.21,0.69,5.99,4.9,1.3,0.4,770.0,11.0,1003.0,0.0,0.32,0.0,0.0,1.37,68.0,1.0,0.0,56.0,0.0
1407,"Sausage, lamb, plain, fried, no added fat",946.0,15.6,16.1,7.43,423.21,0.69,5.99,4.9,1.3,0.4,1050.0,11.0,1003.0,0.0,0.32,0.0,0.0,1.37,68.0,1.0,0.0,56.0,0.0
1408,"Sausage, pork, fried, no added fat",1083.0,16.5,19.4,7.87,441.18,1.6,9.1,4.5,0.7,1.4,763.0,14.0,220.0,0.0,0.16,3.0,10.0,1.6,20.0,0.0,0.0,60.0,0.0
1409,"Sausage, vegetarian style, added Fe, Zn and vitamin B12, raw",807.0,19.0,9.4,0.85,21.62,2.1,5.56,7.4,1.9,1.5,600.0,34.0,150.0,0.62,0.22,2.5,22.0,3.5,23.0,5.0,0.0,0.0,0.0
1410,"Sausage, vegetarian style, fried, no added fat",849.0,20.0,9.9,0.9,22.76,2.21,5.85,7.8,2.0,1.6,632.0,36.0,158.0,0.62,0.22,2.5,22.0,3.37,24.0,5.0,0.0,0.0,0.0
1411,"Sausage, vegetarian style, unfortified, raw",807.0,19.0,9.4,0.85,21.62,2.1,5.56,7.4,1.9,1.5,600.0,34.0,150.0,0.62,0.22,2.5,22.0,2.5,23.0,5.0,0.0,0.0,0.0
1412,"Sausages & vegetables, canned",283.0,4.0,2.1,0.86,65.84,0.15,0.91,7.8,2.2,0.9,320.0,10.0,170.0,0.0,0.02,0.0,158.0,0.53,9.0,0.0,0.0,20.0,0.0
1413,"Scallop, fried, no added fat",439.0,19.5,1.0,0.18,11.94,0.34,0.07,4.2,1.1,0.0,188.0,32.0,450.0,0.0,0.19,2.25,13.0,0.95,52.0,0.0,0.0,52.0,0.0
1414,"Scallop, raw",351.0,15.6,0.8,0.14,9.55,0.28,0.06,3.4,0.8,0.0,150.0,26.0,360.0,0.0,0.16,1.8,12.0,0.76,42.0,0.0,0.0,42.0,0.0
1415,"Scone, fruit, commercial",1361.0,6.4,6.6,2.43,180.87,0.76,2.6,59.3,22.9,2.6,712.0,67.0,276.0,0.136,0.076,1.09,2.0,1.09,24.0,0.0,0.0,8.0,0.0
1416,"Scone, plain, commercial",1399.0,7.9,8.5,3.09,245.0,0.97,3.52,55.2,6.5,2.1,968.0,70.0,110.0,0.14,0.1,1.4,0.0,0.9,20.0,0.0,0.0,11.0,0.0
1417,"Scone, plain, homemade",1350.0,8.0,9.4,5.94,210.23,0.55,1.89,50.7,6.8,1.4,560.0,81.0,155.0,0.122,0.089,0.75,9.0,0.8,25.0,0.0,0.0,33.0,0.0
1418,"Scone, pumpkin, homemade",1217.0,7.4,7.4,4.4,148.73,0.52,1.57,47.9,9.3,1.7,417.0,59.0,192.0,0.116,0.079,0.6,13.0,0.87,24.0,2.0,0.0,53.0,0.0
1419,"Seaweed, boiled, drained",228.0,8.4,0.8,0.16,2.48,0.42,0.06,0.4,0.0,6.2,83.0,54.0,470.0,0.003,0.029,1.45,164.0,3.25,56.0,39.0,0.0,0.0,0.0
1420,"Seaweed, nori, dried",1266.0,46.7,4.3,0.88,13.76,2.32,0.32,2.3,0.3,34.3,470.0,310.0,2900.0,0.02,0.18,9.5,1400.0,19.0,320.0,290.0,0.0,0.0,0.0
1421,"Seed, chia, dried",1825.0,23.8,29.8,2.54,0.0,23.87,1.62,3.1,0.7,33.2,0.0,530.0,720.0,0.24,0.04,7.6,111.0,13.0,380.0,0.0,0.0,0.0,0.0
1422,"Seed, linseed or flaxseed",1883.0,21.6,32.6,3.33,0.0,21.16,6.11,2.8,1.5,32.9,60.0,180.0,630.0,0.34,0.03,1.8,41.0,5.5,330.0,0.0,0.0,0.0,0.0
1423,"Seed, poppy",2143.0,18.0,41.6,4.59,0.0,29.05,6.08,8.6,3.0,19.5,26.0,1438.0,719.0,0.854,0.1,0.9,82.0,9.76,347.0,1.0,0.0,0.0,0.0
1424,"Seed, pumpkin, hulled & dried",2249.0,30.2,45.0,7.31,0.0,21.68,13.51,2.1,1.3,4.6,1.0,40.0,700.0,0.17,0.06,3.3,34.0,8.5,530.0,0.0,0.0,0.0,0.0
1425,"Seed, sunflower",2362.0,24.7,48.3,4.39,0.0,28.7,12.77,3.1,2.1,13.0,0.0,99.0,610.0,0.875,0.16,10.75,126.0,4.85,370.0,0.0,0.0,0.0,0.0
1426,"Semolina, boiled, no added fat or salt",413.0,3.4,0.4,0.06,0.0,0.18,0.02,19.6,0.0,1.0,3.0,6.0,36.0,0.046,0.006,0.4,5.0,0.19,8.0,0.0,0.0,0.0,0.0
1427,"Semolina, uncooked",1298.0,10.7,1.2,0.17,0.0,0.55,0.08,61.6,0.0,3.2,3.0,16.0,112.0,0.18,0.02,1.4,22.0,0.6,23.0,0.0,0.0,0.0,0.0
1428,"Shallot, peeled, fresh, fried, no added fat",172.0,2.4,0.2,0.0,0.0,0.0,0.0,5.0,5.0,4.7,9.0,153.0,435.0,0.058,0.168,0.0,32.0,0.66,53.0,30.0,0.0,0.0,0.0
1429,"Shallot, peeled, fresh, raw",107.0,1.5,0.1,0.0,0.0,0.0,0.0,3.1,3.1,2.9,6.0,95.0,270.0,0.04,0.11,0.0,25.0,0.41,33.0,22.0,0.0,0.0,0.0
1430,"Shark, battered, deep-fried, takeaway outlet",1090.0,15.5,14.5,3.39,275.73,4.08,5.99,16.5,1.5,1.3,295.0,11.0,310.0,0.1,0.0,5.2,0.0,0.4,24.0,0.0,0.0,29.0,0.0
1431,"Shark, fillet, without skin, baked, no added fat",595.0,33.8,0.6,0.13,0.0,0.18,0.08,0.0,0.0,0.0,246.0,13.0,473.0,0.0,0.078,8.33,0.0,0.22,46.0,0.0,0.0,84.0,0.0
1432,"Shark, fillet, without skin, raw",434.0,24.6,0.4,0.1,0.0,0.14,0.06,0.0,0.0,0.0,180.0,10.0,345.0,0.0,0.06,6.4,0.0,0.16,34.0,0.0,0.0,61.0,0.0
1433,"Shark, fillet, without skin, steamed, no added fat",488.0,27.7,0.5,0.11,0.0,0.15,0.07,0.0,0.0,0.0,162.0,9.0,310.0,0.0,0.067,6.83,0.0,0.14,30.0,0.0,0.0,69.0,0.0
1434,"Silver perch, aquacultured, baked, no added fat",1266.0,26.7,22.0,5.85,460.57,4.0,9.43,0.0,0.0,0.0,96.0,25.0,475.0,0.195,0.178,4.52,0.0,0.55,42.0,0.0,0.0,101.0,0.0
1435,"Silver perch, aquacultured, raw",924.0,19.5,16.0,4.27,336.22,2.92,6.88,0.0,0.0,0.0,70.0,18.0,347.0,0.15,0.13,3.3,0.0,0.4,31.0,0.0,0.0,74.0,0.0
1436,"Silver perch, aquacultured, steamed, no added fat",1100.0,23.2,19.1,5.09,400.26,3.48,8.2,0.0,0.0,0.0,71.0,22.0,351.0,0.143,0.139,3.34,0.0,0.48,33.0,0.0,0.0,88.0,0.0
1437,"Silverbeet, fresh, boiled, drained",77.0,1.8,0.2,0.0,0.0,0.0,0.0,1.2,1.2,2.3,218.0,80.0,260.0,0.028,0.127,0.2,46.0,2.57,28.0,14.0,0.0,0.0,0.0
1438,"Silverbeet, fresh, raw",66.0,1.5,0.2,0.0,0.0,0.0,0.0,1.0,1.0,2.0,195.0,72.0,260.0,0.03,0.12,0.2,65.0,2.3,25.0,21.0,0.0,0.0,0.0
1439,"Slice, brownie, chocolate, with nuts, homemade",1922.0,6.5,25.3,12.76,411.86,5.2,5.22,52.7,35.8,1.9,510.0,30.0,239.0,0.077,0.094,0.61,23.0,1.71,42.0,0.0,4.0,112.0,0.0
1440,"Slice, brownie, chocolate, without nuts, commercial",1735.0,7.1,23.1,12.98,154.58,2.16,6.69,45.6,36.3,2.6,130.0,39.0,217.0,0.097,0.06,0.16,22.0,1.57,31.0,0.0,4.0,24.0,0.0
1441,"Slice, caramel",1849.0,5.3,24.4,16.77,481.8,0.59,5.12,52.4,41.8,0.8,193.0,141.0,296.0,0.053,0.256,0.66,4.0,1.16,37.0,0.0,8.0,41.0,0.0
1442,"Snack, grain based, extruded, flavoured",1934.0,7.4,22.6,1.86,108.03,3.18,16.12,54.2,6.6,6.9,320.0,20.0,430.0,0.24,0.04,2.6,83.0,1.9,79.0,0.0,0.0,0.0,0.0
1443,"Snapper, fillet, baked, no added fat",554.0,27.8,2.2,0.64,30.53,0.45,0.44,0.0,0.0,0.0,116.0,168.0,615.0,0.148,0.065,6.9,0.0,0.41,44.0,1.0,0.0,84.0,0.0
1444,"Snapper, fillet, raw",404.0,20.3,1.6,0.46,22.29,0.33,0.32,0.0,0.0,0.0,85.0,123.0,449.0,0.12,0.05,5.3,0.0,0.3,32.0,1.0,0.0,61.0,0.0
1445,"Snapper, fillet, steamed, no added fat",554.0,27.8,2.2,0.64,30.53,0.45,0.44,0.0,0.0,0.0,93.0,135.0,492.0,0.148,0.068,6.9,0.0,0.33,35.0,1.0,0.0,84.0,0.0
1446,"Snow pea, fresh, boiled, drained",169.0,3.2,0.2,0.0,0.0,0.0,0.0,5.0,3.1,2.8,1.0,26.0,406.0,0.009,0.087,0.82,10.0,0.92,37.0,37.0,0.0,0.0,0.0
1447,"Snow pea, fresh, fried, no added fat",196.0,3.8,0.2,0.0,0.0,0.0,0.0,5.9,3.6,3.2,1.0,31.0,525.0,0.011,0.107,1.07,14.0,1.12,45.0,49.0,0.0,0.0,0.0
1448,"Snow pea, fresh, raw",157.0,3.0,0.2,0.0,0.0,0.0,0.0,4.7,2.9,2.6,1.0,25.0,420.0,0.01,0.09,0.9,14.0,0.9,36.0,46.0,0.0,0.0,0.0
1449,"Soft drink, cola flavour",206.0,0.0,0.2,0.0,0.0,0.0,0.0,12.3,12.3,0.0,2.0,1.0,0.0,0.0,0.0,0.0,0.0,0.0,0.0,0.0,10.0,0.0,0.0
1450,"Soft drink, cola flavour, decaffeinated",206.0,0.0,0.2,0.0,0.0,0.0,0.0,12.3,12.3,0.0,2.0,1.0,0.0,0.0,0.0,0.0,0.0,0.0,0.0,0.0,0.0,0.0,0.0
1451,"Soft drink, cola flavour, intense sweetened or diet",0.0,0.0,0.0,0.0,0.0,0.0,0.0,0.0,0.0,0.0,3.0,1.0,0.0,0.01,0.02,0.0,0.0,0.0,0.0,0.0,11.0,0.0,0.0
1452,"Soft drink, cola flavour, intense sweetened or diet, decaffeinated",0.0,0.0,0.0,0.0,0.0,0.0,0.0,0.0,0.0,0.0,3.0,1.0,0.0,0.01,0.02,0.0,0.0,0.0,0.0,0.0,0.0,0.0,0.0
1453,"Soft drink, energy drink, Red Bull",182.0,0.1,0.0,0.0,0.0,0.0,0.0,10.8,10.8,0.0,71.0,9.0,0.0,0.0,0.063,8.08,0.0,0.0,0.0,0.0,32.0,0.0,0.0
1454,"Soft drink, energy drink, V",182.0,0.1,0.0,0.0,0.0,0.0,0.0,10.8,10.8,0.0,110.0,9.0,0.0,0.0,0.82,7.6,0.0,0.0,0.0,0.0,31.0,0.0,0.0
1455,"Soft drink, fruit flavours",142.0,0.0,0.0,0.0,0.0,0.0,0.0,8.8,8.8,0.0,14.0,2.0,1.0,0.0,0.0,0.0,0.0,0.0,0.0,0.0,0.0,0.0,0.0
1456,"Soft drink, fruit flavours, intense sweetened or diet",1.0,0.0,0.0,0.0,0.0,0.0,0.0,0.0,0.0,0.0,14.0,2.0,1.0,0.0,0.0,0.0,0.0,0.0,0.0,0.0,0.0,0.0,0.0
1457,"Soft drink, tonic water",142.0,0.0,0.0,0.0,0.0,0.0,0.0,8.8,8.8,0.0,12.0,1.0,0.0,0.0,0.0,0.0,0.0,0.01,0.0,0.0,0.0,0.0,0.0
1458,"Soft drink, tonic water, intense sweetened or diet",1.0,0.0,0.0,0.0,0.0,0.0,0.0,0.0,0.0,0.0,12.0,1.0,0.0,0.0,0.0,0.0,0.0,0.01,0.0,0.0,0.0,0.0,0.0
1459,"Sorghum, grain, uncooked",1465.0,8.2,3.6,0.36,0.0,1.3,0.86,65.8,1.2,8.6,1.0,10.0,363.0,0.4,0.025,4.05,20.0,2.25,124.0,0.0,0.0,0.0,0.0
1460,"Soup, broth style, with meat & noodles, instant dry mix",1520.0,10.8,6.3,1.12,17.96,0.98,3.86,64.1,6.0,2.2,4536.0,43.0,98.0,0.06,0.055,0.6,73.0,1.5,32.0,0.0,0.0,10.0,0.0
1461,"Soup, broth style, with meat, instant dry mix",1350.0,4.8,3.3,1.61,59.56,0.27,1.25,65.7,5.7,4.3,5020.0,74.0,16.0,0.05,0.05,0.0,57.0,0.74,12.0,0.0,0.0,4.0,0.0
1462,"Soup, chicken & noodle, cup of soup, prepared from instant dry mix with water",79.0,0.7,0.2,0.07,3.07,0.03,0.07,3.4,0.4,0.3,440.0,5.0,11.0,0.05,0.0,0.0,1.0,0.1,4.0,0.0,0.0,1.0,0.0
1463,"Soup, cream variety, instant dry mix",1628.0,5.3,13.2,5.89,126.19,1.75,4.87,59.1,8.1,6.5,4230.0,42.0,339.0,0.08,0.17,0.0,110.0,0.83,14.0,0.0,0.0,3.0,0.0
1465,"Soup, vegetable & noodle, instant dry mix",1514.0,8.7,6.3,2.59,114.43,1.28,2.12,65.5,16.0,3.9,2030.0,42.0,15.0,0.2,0.0,0.0,60.0,1.9,41.0,0.0,0.0,3.0,0.0
1466,"Soup, vegetable, instant dry mix",1201.0,6.7,2.1,0.91,107.73,0.24,0.74,58.3,10.3,3.3,7130.0,108.0,22.0,0.17,0.1,0.0,110.0,1.1,36.0,0.0,0.0,3.0,0.0
1467,"Soy beverage, reduced fat (1% fat), added Ca & vitamins A, B1, B2 & B12",187.0,3.0,0.9,0.14,7.45,0.5,0.18,5.7,1.7,0.6,45.0,115.0,189.0,0.04,0.41,0.0,14.0,0.46,13.0,0.0,0.0,0.0,0.0
1468,"Soy beverage, regular fat (3% fat), added Ca",246.0,3.7,2.7,0.43,22.36,1.49,0.56,4.6,2.6,0.6,44.0,115.0,191.0,0.02,0.03,0.0,14.0,0.47,21.0,0.0,0.0,0.0,0.0
1469,"Soy beverage, regular fat (3% fat), added Ca & vitamins A, B1, B2 & B12",257.0,4.4,2.7,0.43,22.36,1.49,0.56,4.6,2.6,0.6,44.0,115.0,191.0,0.04,0.41,0.0,14.0,0.47,21.0,0.0,0.0,0.0,0.0
1470,"Soy beverage, regular fat (3% fat), unfortified",246.0,3.7,2.7,0.43,22.36,1.49,0.56,4.6,2.6,0.6,44.0,13.0,191.0,0.02,0.03,0.0,14.0,0.47,21.0,0.0,0.0,0.0,0.0
1471,"Spaghetti in tomato & cheese sauce, canned",227.0,2.5,0.0,0.0,0.0,0.0,0.0,10.7,4.0,0.8,330.0,9.0,90.0,0.03,0.0,0.0,115.0,0.3,6.0,0.0,0.0,0.0,0.0
1472,"Spaghetti in tomato & cheese sauce, canned, reduced salt",227.0,2.5,0.0,0.0,0.0,0.0,0.0,10.7,4.0,0.8,287.0,9.0,90.0,0.03,0.0,0.0,115.0,0.3,6.0,0.0,0.0,0.0,0.0
1473,"Meat, processed, canned - SPAM",1238.0,14.2,26.1,8.6,124.0,5.5,10.4,1.9,1.2,0.0,920.0,5.0,440.0,0.1,0.0,2.7,88.0,0.5,13.0,29.0,0.0,97.0,0.0
1474,"Spelt, boiled, no added fat or salt",576.0,4.8,1.2,0.15,5.37,0.51,0.24,24.5,0.6,3.6,7.0,12.0,137.0,0.174,0.012,3.03,31.0,1.17,53.0,0.0,0.0,0.0,0.0
1475,"Spelt, uncooked",1388.0,11.7,3.0,0.36,12.96,1.22,0.58,59.2,1.4,8.8,3.0,21.0,330.0,0.42,0.03,7.3,75.0,2.8,122.0,0.0,0.0,0.0,0.0
1476,"Spinach, baby, fresh, raw",68.0,2.8,0.0,0.0,0.0,0.0,0.0,0.0,0.0,2.5,90.0,93.0,605.0,0.07,0.04,0.0,162.0,1.75,107.0,25.0,0.0,0.0,0.0
1477,"Spinach, Mature English, fresh, boiled, drained",97.0,2.8,0.4,0.0,0.0,0.0,0.0,0.7,0.7,2.9,23.0,59.0,570.0,0.056,0.169,0.4,78.0,3.58,76.0,17.0,0.0,0.0,0.0
1478,"Spinach, Mature English, fresh, raw",82.0,2.4,0.3,0.0,0.0,0.0,0.0,0.6,0.6,2.5,21.0,53.0,570.0,0.06,0.16,0.4,110.0,3.2,68.0,27.0,0.0,0.0,0.0
1479,"Spinach, water, fresh, raw",110.0,2.9,0.5,0.0,0.0,0.0,0.0,1.0,0.5,2.8,25.0,68.0,460.0,0.01,0.15,0.8,225.0,2.4,29.0,28.0,0.0,0.0,0.0
1480,"Sprat, blue, wild caught, flesh, skin & bones, fried, no added fat",444.0,22.0,1.9,0.59,2.69,0.42,0.32,0.0,0.0,0.0,794.0,872.0,402.0,0.08,0.168,5.53,10.0,6.1,54.0,0.0,0.0,162.0,0.0
1481,"Sprat, blue, wild caught, flesh, skin & bones, raw",378.0,18.7,1.6,0.5,2.29,0.36,0.27,0.0,0.0,0.0,675.0,742.0,342.0,0.08,0.15,4.7,9.0,5.18,46.0,0.0,0.0,138.0,0.0
1482,"Spread, hazelnut & chocolate flavoured",2192.0,6.8,30.3,7.96,28.99,5.08,15.65,57.8,57.2,3.7,42.0,130.0,430.0,0.08,0.25,0.6,14.0,1.2,75.0,0.0,11.0,2.0,0.0
1484,"Spread, yeast, marmite",624.0,13.3,0.9,0.14,0.0,0.0,0.58,16.6,11.8,11.8,3400.0,25.0,1950.0,11.0,8.4,50.0,1600.0,46.3,71.0,0.0,0.0,0.0,0.0
1485,"Spread, yeast, vegemite",683.0,24.4,0.9,0.14,0.0,0.0,0.58,10.9,1.6,6.5,3000.0,68.0,2122.0,22.778,17.111,124.0,2454.0,4.03,130.0,0.0,0.0,0.0,0.0
1486,"Spring roll, meat & vegetable filling, commercial, deep fried",1047.0,7.5,11.7,3.27,190.78,2.7,5.01,27.5,4.3,2.8,501.0,26.0,110.0,0.07,0.05,1.4,3.0,2.0,22.0,1.0,0.0,11.0,0.0
1487,"Sprout, alfalfa, fresh, raw",91.0,3.2,0.3,0.0,0.0,0.0,0.0,0.5,0.5,2.2,39.0,19.0,58.0,0.09,0.09,0.3,120.0,0.78,21.0,36.0,0.0,0.0,0.0
1488,"Sprout, bean, fresh, raw",94.0,3.1,0.1,0.0,0.0,0.0,0.0,1.6,1.0,1.3,1.0,10.0,150.0,0.03,0.11,0.5,21.0,0.4,14.0,12.0,0.0,0.0,0.0
1489,"Squash, button, fresh, boiled, drained",130.0,3.2,0.2,0.0,0.0,0.0,0.0,3.8,3.4,0.6,1.0,7.0,150.0,0.038,0.064,0.4,13.0,0.34,14.0,23.0,0.0,0.0,0.0
1490,"Squash, button, fresh, raw",110.0,2.7,0.2,0.0,0.0,0.0,0.0,3.2,2.9,0.5,1.0,6.0,140.0,0.04,0.06,0.4,17.0,0.3,12.0,26.0,0.0,0.0,0.0
1491,"Squash, scallopini, fresh, boiled, drained",100.0,2.6,0.2,0.0,0.0,0.0,0.0,2.5,2.4,0.6,10.0,21.0,193.0,0.028,0.054,0.71,13.0,0.9,11.0,23.0,0.0,0.0,0.0
1492,"Squash, scallopini, fresh, raw",84.0,2.2,0.2,0.0,0.0,0.0,0.0,2.1,2.0,0.5,9.0,19.0,180.0,0.03,0.05,0.7,17.0,0.8,10.0,26.0,0.0,0.0,0.0
1493,"Squid or calamari, fried, no added fat",410.0,20.9,1.5,0.39,17.91,0.45,0.06,0.0,0.0,0.0,355.0,14.0,195.0,0.096,0.048,1.78,5.0,1.62,45.0,1.0,0.0,249.0,0.0
1494,"Squid or calamari, raw",328.0,16.7,1.2,0.31,14.33,0.36,0.05,0.0,0.0,0.0,284.0,11.0,156.0,0.09,0.04,1.5,5.0,1.3,36.0,1.0,0.0,199.0,0.0
1495,"Starch, potato",1332.0,0.0,0.5,0.18,0.0,0.12,0.09,74.5,0.0,5.9,9.0,14.0,43.0,0.0,0.0,0.0,25.0,0.3,5.0,0.0,0.0,0.0,0.0
1496,"Steak & vegetables, canned",258.0,4.4,1.9,0.91,75.81,0.08,0.74,6.2,1.8,1.2,320.0,12.0,200.0,0.0,0.02,0.0,145.0,0.62,11.0,0.0,0.0,15.0,0.0
1497,"Stock, dry powder or cube",900.0,11.3,8.9,4.38,439.03,0.67,3.06,22.5,4.3,0.0,18400.0,71.0,250.0,0.13,0.14,3.1,14.0,2.5,25.0,0.0,0.0,0.0,0.0
1498,"Strawberry, canned in syrup",335.0,0.4,0.2,0.0,0.0,0.0,0.0,18.9,18.7,1.5,8.0,14.0,93.0,0.0,0.0,0.0,17.0,1.27,6.0,12.0,0.0,0.0,0.0
1499,"Strawberry, canned in syrup, drained",353.0,0.9,0.1,0.0,0.0,0.0,0.0,18.7,18.5,3.5,10.0,19.0,90.0,0.0,0.0,0.0,39.0,1.9,7.0,12.0,0.0,0.0,0.0
1500,"Strawberry, canned in syrup, syrup only",321.0,0.1,0.2,0.0,0.0,0.0,0.0,19.0,18.8,0.0,7.0,11.0,95.0,0.0,0.0,0.0,0.0,0.8,6.0,13.0,0.0,0.0,0.0
1501,"Strawberry, purchased frozen",108.0,0.7,0.2,0.0,0.0,0.0,0.0,3.9,3.8,2.5,0.0,21.0,166.0,0.019,0.05,0.1,37.0,0.55,8.0,32.0,0.0,0.0,0.0
1502,"Strawberry, raw",108.0,0.7,0.2,0.0,0.0,0.0,0.0,3.9,3.8,2.5,0.0,22.0,185.0,0.02,0.05,0.1,39.0,0.55,8.0,45.0,0.0,0.0,0.0
1503,"Sugar, brown",1552.0,0.2,0.0,0.0,0.0,0.0,0.0,96.8,96.8,0.0,21.0,150.0,300.0,0.0,0.0,0.0,0.0,1.2,21.0,0.0,0.0,0.0,0.0
1504,"Sugar, raw",1597.0,0.0,0.0,0.0,0.0,0.0,0.0,99.8,99.8,0.0,1.0,7.0,21.0,0.0,0.0,0.0,0.0,0.3,3.0,0.0,0.0,0.0,0.0
1505,"Sugar, white, granulated or lump",1600.0,0.0,0.0,0.0,0.0,0.0,0.0,100.0,100.0,0.0,0.0,1.0,2.0,0.0,0.0,0.0,0.0,0.0,0.0,0.0,0.0,0.0,0.0
1506,"Sugar, white, icing",1600.0,0.0,0.0,0.0,0.0,0.0,0.0,100.0,100.0,0.0,0.0,1.0,2.0,0.0,0.0,0.0,0.0,0.0,0.0,0.0,0.0,0.0,0.0
1507,"Sugar, white, icing mixture",1598.0,0.0,0.0,0.0,0.0,0.0,0.0,99.6,95.6,0.0,0.0,1.0,2.0,0.0,0.0,0.0,0.0,0.0,0.0,0.0,0.0,0.0,0.0
1508,"Sultana",1295.0,2.6,0.3,0.0,0.0,0.0,0.0,75.0,73.2,3.3,7.0,52.0,955.0,0.08,0.0,0.0,14.0,1.85,35.0,0.0,0.0,0.0,0.0
1509,"Swede, peeled, fresh, boiled, drained",100.0,1.0,0.0,0.0,0.0,0.0,0.0,4.0,3.6,2.4,12.0,22.0,300.0,0.043,0.029,0.87,8.0,0.31,11.0,19.0,0.0,0.0,0.0
1510,"Swede, peeled, fresh, raw",93.0,0.9,0.0,0.0,0.0,0.0,0.0,3.7,3.4,2.2,12.0,22.0,310.0,0.05,0.03,0.9,11.0,0.3,11.0,27.0,0.0,0.0,0.0
1511,"Sweet potato, orange flesh, peeled, fresh, baked, no added fat",357.0,2.3,0.1,0.0,0.0,0.0,0.0,17.2,6.8,3.1,12.0,33.0,305.0,0.031,0.058,1.16,3.0,0.61,17.0,30.0,0.0,0.0,0.0
1512,"Sweet potato, orange flesh, peeled, fresh, boiled, drained",315.0,2.0,0.1,0.0,0.0,0.0,0.0,15.2,6.0,2.7,10.0,28.0,242.0,0.026,0.051,1.02,2.0,0.51,14.0,25.0,0.0,0.0,0.0
1513,"Sweet potato, orange flesh, peeled, fresh, raw",293.0,1.9,0.1,0.0,0.0,0.0,0.0,14.1,5.6,2.6,10.0,27.0,250.0,0.03,0.05,1.0,3.0,0.5,14.0,31.0,0.0,0.0,0.0
1514,"Syrup, golden",1203.0,0.2,0.0,0.0,0.0,0.0,0.0,74.9,74.9,0.0,130.0,230.0,610.0,0.0,0.0,0.4,0.0,3.3,37.0,0.0,0.0,0.0,0.0
1515,"Syrup, maple, pure",1082.0,0.0,0.1,0.01,0.0,0.02,0.02,67.0,60.4,0.0,12.0,102.0,212.0,0.066,1.27,0.08,0.0,0.11,21.0,0.0,0.0,0.0,0.0
1516,"Taco seasoning mix, chilli-based",1010.0,5.9,4.1,1.09,0.0,1.9,0.92,39.7,19.2,9.9,9350.0,240.0,700.0,0.13,0.25,2.2,0.0,6.3,76.0,0.0,0.0,0.0,0.0
1517,"Taco shell, from corn flour, plain",1948.0,6.8,21.8,1.81,0.0,3.44,15.11,56.3,1.1,7.3,80.0,52.0,210.0,0.2,0.0,1.1,0.0,1.3,80.0,0.0,0.0,0.0,0.0
1518,"Tahini, sesame seed pulp",2717.0,20.4,60.7,7.54,1305.66,28.03,22.46,1.0,0.7,13.5,79.0,330.0,190.0,0.95,0.25,6.4,99.0,5.1,320.0,0.0,0.0,0.0,0.0
1519,"Tamarillo, peeled, raw",150.0,2.0,0.1,0.0,0.0,0.0,0.0,3.4,3.4,4.7,1.0,8.0,280.0,0.03,0.04,0.3,4.0,0.7,16.0,15.0,0.0,0.0,0.0
1520,"Tamarind, paste, pure",1048.0,2.8,0.6,0.26,0.0,0.06,0.17,57.4,38.8,5.1,28.0,74.0,628.0,0.428,0.152,1.94,14.0,2.8,92.0,4.0,0.0,0.0,0.0
1521,"Tangelo, peeled, raw",172.0,0.6,0.1,0.0,0.0,0.0,0.0,7.8,7.8,2.0,4.0,22.0,140.0,0.05,0.03,0.3,26.0,0.3,10.0,28.0,0.0,0.0,0.0
1522,"Tangerine or tangor, peeled, raw",180.0,1.0,0.2,0.0,0.0,0.0,0.0,8.1,8.1,1.5,2.0,26.0,150.0,0.07,0.03,0.3,24.0,0.2,9.0,44.0,0.0,0.0,0.0
1523,"Tapioca, pearl or seed style, boiled, no added fat or salt",197.0,0.0,0.0,0.01,0.0,0.0,0.01,11.5,0.0,0.0,3.0,4.0,4.0,0.016,0.003,0.04,0.0,0.25,2.0,0.0,0.0,0.0,0.0
1524,"Tapioca, pearl or seed style, uncooked",1359.0,0.2,0.2,0.08,0.0,0.03,0.05,79.3,0.0,0.0,1.0,16.0,23.0,0.11,0.02,0.3,4.0,1.7,4.0,0.0,0.0,0.0,0.0
1525,"Taro, peeled, fresh, boiled, drained",504.0,2.0,0.2,0.0,0.0,0.0,0.0,25.2,1.2,3.8,6.0,12.0,290.0,0.052,0.019,0.68,43.0,0.72,20.0,11.0,0.0,0.0,0.0
1526,"Taro, peeled, fresh, raw",469.0,1.9,0.2,0.0,0.0,0.0,0.0,23.4,1.1,3.5,6.0,12.0,300.0,0.06,0.02,0.7,62.0,0.7,20.0,16.0,0.0,0.0,0.0
1527,"Tart, custard, commercial",1014.0,6.3,10.7,5.17,700.46,0.86,3.68,30.2,11.4,1.0,270.0,74.0,88.0,0.06,0.19,0.6,3.0,0.5,14.0,0.0,0.0,54.0,0.0
1528,"Tea, decaffeinated, black, brewed from leaf or teabags, without milk",6.0,0.1,0.1,0.0,0.0,0.0,0.0,0.0,0.0,0.0,0.0,0.0,6.0,0.0,0.005,0.0,11.0,0.0,0.0,0.0,0.0,0.0,0.0
1529,"Tea, green, plain, without milk",7.0,0.2,0.1,0.0,0.0,0.0,0.0,0.0,0.0,0.0,1.0,3.0,19.0,0.007,0.058,0.03,0.0,0.0,2.0,0.0,13.0,0.0,0.0
1530,"Tea, regular, black, brewed from leaf or teabags, without milk",1.0,0.1,0.0,0.0,0.0,0.0,0.0,0.0,0.0,0.0,0.0,1.0,17.0,0.0,0.0,0.0,4.0,0.0,1.0,0.0,19.0,0.0,0.0
1531,"Thyme, dried, ground",1182.0,9.1,7.4,3.7,0.0,1.61,0.64,26.9,1.7,37.0,55.0,1890.0,814.0,0.513,0.399,4.94,274.0,123.6,220.0,50.0,0.0,0.0,0.0
1532,"Tilapia, fillet, baked, no added fat",654.0,25.3,6.0,1.88,119.34,1.1,2.32,0.0,0.0,0.0,115.0,25.0,475.0,0.185,0.169,4.29,0.0,0.55,42.0,0.0,0.0,101.0,0.0
1533,"Tilapia, fillet, raw",477.0,18.5,4.4,1.37,87.12,0.81,1.69,0.0,0.0,0.0,84.0,18.0,347.0,0.15,0.13,3.3,0.0,0.4,31.0,0.0,0.0,74.0,0.0
1534,"Tilapia, fillet, steamed, no added fat",568.0,22.0,5.2,1.63,103.71,0.96,2.01,0.0,0.0,0.0,85.0,22.0,351.0,0.143,0.139,3.34,0.0,0.48,33.0,0.0,0.0,88.0,0.0
1535,"Tofu (soy bean curd), firm, as purchased",543.0,12.8,8.3,1.16,15.27,4.63,1.76,0.0,0.0,1.0,22.0,206.0,150.0,0.1,0.035,0.25,41.0,2.35,99.0,0.0,0.0,0.0,0.0
1536,"Tomato, cherry, raw (9.3g per ovoid)",90.0,0.9,0.0,0.0,0.0,0.0,0.0,3.5,3.5,1.7,6.0,14.0,260.0,0.0,0.0,0.0,14.0,0.6,14.0,26.0,0.0,0.0,0.0
1537,"Tomato, common, raw",73.0,0.6,0.0,0.0,0.0,0.0,0.0,3.0,2.5,1.1,4.0,11.0,210.0,0.0,0.0,0.0,15.0,0.23,10.0,14.0,0.0,0.0,0.0
1538,"Tomato, paste, no added salt",266.0,3.4,0.5,0.0,0.0,0.0,0.0,10.1,9.6,3.6,36.0,28.0,867.0,0.12,0.08,2.8,12.0,4.7,38.0,15.0,0.0,0.0,0.0
1539,"Tomato, paste, with added salt",277.0,3.1,0.3,0.0,0.0,0.0,0.0,10.4,9.9,3.5,630.0,28.0,960.0,0.12,0.08,2.8,12.0,1.6,38.0,15.0,0.0,0.0,0.0
1540,"Tomato, puree, commercial",98.0,1.2,0.1,0.0,0.0,0.0,0.0,3.8,3.8,1.5,249.0,22.0,204.0,0.0,0.0,0.6,26.0,0.58,11.0,6.0,0.0,0.0,0.0
1541,"Tomato, roma, raw",74.0,1.0,0.1,0.0,0.0,0.0,0.0,2.4,2.3,1.2,8.0,9.0,214.0,0.02,0.01,0.7,16.0,0.27,7.0,18.0,0.0,0.0,0.0
1542,"Tomato, sundried",1101.0,11.2,4.6,0.51,98.95,1.98,1.81,35.2,33.9,14.7,73.0,100.0,3170.0,0.3,0.36,7.4,68.0,5.6,150.0,3.0,0.0,0.0,0.0
1543,"Tomato, whole, canned in tomato juice, drained",88.0,0.8,0.3,0.0,0.0,0.0,0.0,3.0,3.0,1.3,86.0,27.0,170.0,0.0,0.0,0.6,15.0,0.2,9.0,10.0,0.0,0.0,0.0
1544,"Tomato, whole, canned in tomato juice, undrained",79.0,0.9,0.0,0.01,0.0,0.02,0.01,3.0,3.0,1.0,52.0,20.0,219.0,0.01,0.01,0.3,19.0,0.79,11.0,5.0,0.0,0.0,0.0
1546,"Triticale, grain, uncooked",1361.0,9.6,2.4,0.29,0.0,1.12,0.32,58.3,1.8,14.4,5.0,27.0,332.0,0.355,0.03,1.7,73.0,3.55,114.0,0.0,0.0,0.0,0.0
1547,"Trout, ocean, aquacultured, fillet, without skin, baked, no added fat",1651.0,23.8,33.7,8.55,151.57,8.09,13.41,0.0,0.0,0.0,338.0,100.0,399.0,0.195,0.178,4.52,0.0,0.47,44.0,1.0,0.0,149.0,0.0
1548,"Trout, ocean, aquacultured, fillet, without skin, raw",1205.0,17.4,24.6,6.24,110.64,5.91,9.79,0.0,0.0,0.0,247.0,73.0,291.0,0.15,0.13,3.3,0.0,0.35,32.0,1.0,0.0,109.0,0.0
1549,"Trout, ocean, aquacultured, fillet, without skin, steamed, no added fat",1435.0,20.7,29.3,7.43,131.72,7.03,11.65,0.0,0.0,0.0,250.0,87.0,295.0,0.143,0.139,3.34,0.0,0.41,34.0,1.0,0.0,130.0,0.0
1550,"Trout, rainbow, aquacultured, baked, no added fat",883.0,26.8,11.6,3.44,239.14,2.77,3.95,0.0,0.0,0.0,96.0,66.0,502.0,0.117,0.137,4.2,14.0,0.43,39.0,0.0,0.0,87.0,0.0
1551,"Trout, rainbow, aquacultured, raw",645.0,19.6,8.4,2.51,174.57,2.02,2.88,0.0,0.0,0.0,70.0,48.0,366.0,0.09,0.1,3.07,11.0,0.31,28.0,0.0,0.0,63.0,0.0
1552,"Trout, rainbow, aquacultured, steamed, no added fat",767.0,23.3,10.0,2.99,207.82,2.4,3.43,0.0,0.0,0.0,71.0,57.0,371.0,0.086,0.107,3.11,10.0,0.37,30.0,0.0,0.0,75.0,0.0
1553,"Tuna, canned in brine, drained",540.0,26.1,2.6,1.03,14.04,0.8,0.5,0.0,0.0,0.0,200.0,5.0,205.0,0.0,0.02,12.0,26.0,1.16,24.0,0.0,0.0,53.0,0.0
1554,"Tuna, flavoured, canned in oil, drained",577.0,18.0,5.8,1.12,49.07,2.19,2.04,3.3,2.5,0.3,430.0,13.0,250.0,0.0,0.02,12.0,26.0,1.2,27.0,0.0,0.0,53.0,0.0
1556,"Tuna, yellowfin, flesh, baked, no added fat",596.0,32.0,1.4,0.33,19.08,0.41,0.22,0.0,0.0,0.0,51.0,22.0,608.0,0.56,0.068,13.42,2.0,1.0,68.0,1.0,0.0,62.0,0.0
1557,"Tuna, yellowfin, flesh, raw",435.0,23.4,1.0,0.24,13.93,0.3,0.16,0.0,0.0,0.0,37.0,16.0,444.0,0.43,0.05,9.8,2.0,0.73,50.0,1.0,0.0,45.0,0.0
1558,"Tuna, yellowfin, flesh, steamed, no added fat",518.0,27.8,1.2,0.28,16.58,0.36,0.19,0.0,0.0,0.0,37.0,19.0,449.0,0.41,0.054,9.92,2.0,0.87,54.0,1.0,0.0,54.0,0.0
1559,"Turkey, breast, lean flesh, baked, no added fat",648.0,29.4,4.0,1.08,17.77,1.58,1.12,0.0,0.0,0.0,210.0,8.0,330.0,0.05,0.09,6.2,3.0,0.6,26.0,0.0,0.0,65.0,0.0
1560,"Turkey, breast, lean flesh, raw",490.0,21.6,3.3,0.89,14.66,1.31,0.92,0.0,0.0,0.0,240.0,7.0,370.0,0.07,0.05,7.9,0.0,0.4,25.0,0.0,0.0,45.0,0.0
1561,"Turkey, breast, lean flesh, skin & fat, baked, no added fat",809.0,27.7,9.2,2.56,40.65,2.57,2.75,0.0,0.0,0.0,199.0,8.0,317.0,0.05,0.09,6.2,3.0,0.71,24.0,0.0,0.0,72.0,0.0
1562,"Turkey, breast, lean flesh, skin & fat, raw",663.0,20.4,8.5,2.39,37.96,3.12,2.57,0.0,0.0,0.0,217.0,7.0,336.0,0.059,0.052,7.39,0.0,0.56,23.0,0.0,0.0,50.0,0.0
1563,"Turkey, hindquarter, lean flesh, baked, no added fat",714.0,26.8,7.0,2.41,39.69,1.55,2.63,0.0,0.0,0.0,170.0,9.0,320.0,0.1,0.28,4.3,23.0,2.1,21.0,2.0,0.0,88.0,0.0
1564,"Turkey, hindquarter, lean flesh, raw",510.0,18.4,5.3,1.82,30.05,1.18,1.99,0.0,0.0,0.0,260.0,7.0,310.0,0.1,0.13,4.0,0.0,1.2,20.0,2.0,0.0,58.0,0.0
1565,"Turkey, hindquarter, lean flesh, skin & fat, baked, no added fat",911.0,25.6,12.9,4.4,72.98,2.78,4.95,0.0,0.0,0.0,165.0,10.0,304.0,0.094,0.267,4.32,20.0,2.04,20.0,2.0,0.0,90.0,0.0
1566,"Turkey, hindquarter, lean flesh, skin & fat, raw",782.0,18.6,12.6,4.3,71.42,2.7,4.86,0.0,0.0,0.0,237.0,10.0,293.0,0.092,0.143,4.08,0.0,1.3,19.0,2.0,0.0,66.0,0.0
1567,"Turmeric, dried, ground",1219.0,9.7,3.2,1.88,0.0,0.77,0.46,44.4,3.2,22.7,27.0,168.0,2080.0,0.058,0.15,1.35,20.0,55.0,208.0,1.0,0.0,0.0,0.0
1568,"Turnip, white, peeled, fresh, boiled, no added fat",101.0,1.4,0.0,0.0,0.0,0.0,0.0,3.6,3.4,1.8,24.0,21.0,310.0,0.034,0.039,0.68,10.0,0.31,8.0,16.0,0.0,0.0,0.0
1569,"Turnip, white, peeled, fresh, raw",94.0,1.3,0.0,0.0,0.0,0.0,0.0,3.4,3.2,1.7,24.0,21.0,320.0,0.04,0.04,0.7,15.0,0.3,8.0,23.0,0.0,0.0,0.0
1570,"Vanilla bean extract",1203.0,0.1,0.1,0.02,0.0,0.01,0.02,12.6,12.6,0.0,9.0,11.0,148.0,0.011,0.095,0.42,0.0,0.12,12.0,0.0,0.0,0.0,34.4
1571,"Vanilla, artificial or imitation",231.0,0.0,0.0,0.0,0.0,0.0,0.0,14.4,14.4,0.0,3.0,3.0,0.0,0.003,0.029,0.13,0.0,0.05,1.0,0.0,0.0,0.0,0.0
1572,"Veal, all cuts, separable fat, cooked",1573.0,20.7,33.0,17.04,2429.12,0.9,11.08,0.0,0.0,0.0,32.0,7.0,160.0,0.0,0.1,3.0,0.0,0.79,11.0,0.0,0.0,39.0,0.0
1573,"Veal, all cuts, separable fat, raw",1403.0,19.4,29.0,13.99,2610.31,0.65,10.38,0.0,0.0,0.0,25.0,14.0,160.0,0.03,0.3,3.0,0.0,0.58,11.0,0.0,0.0,70.0,0.0
1574,"Veal, boneless dice or strips, lean, raw",492.0,25.2,1.8,0.61,55.5,0.29,0.64,0.0,0.0,0.0,51.0,6.0,375.0,0.06,0.2,16.0,0.0,1.19,25.0,1.0,0.0,55.0,0.0
1575,"Veal, boneless dice or strips, lean, stir-fried, no added fat",633.0,31.0,2.9,1.09,122.67,0.5,0.94,0.0,0.0,0.0,82.0,8.0,510.0,0.1,0.2,9.0,0.0,2.05,36.0,0.0,0.0,104.0,0.0
1576,"Veal, boneless dice or strips, untrimmed, raw",508.0,25.0,2.2,0.85,100.72,0.3,0.81,0.0,0.0,0.0,50.0,6.0,371.0,0.059,0.202,15.77,0.0,1.18,25.0,1.0,0.0,55.0,0.0
1577,"Veal, boneless dice or strips, untrimmed, stir-fried, no added fat",651.0,30.7,3.5,1.4,166.69,0.51,1.13,0.0,0.0,0.0,81.0,8.0,503.0,0.098,0.198,8.88,0.0,2.03,35.0,0.0,0.0,103.0,0.0
1578,"Veal, cutlet, with bone, lean, grilled, no added fat",552.0,28.1,2.0,0.84,43.53,0.3,0.65,0.0,0.0,0.0,46.0,6.0,300.0,0.1,0.2,9.0,0.0,1.1,20.0,0.0,0.0,41.0,0.0
1579,"Veal, cutlet, with bone, lean, raw",459.0,24.6,1.1,0.4,34.42,0.22,0.35,0.0,0.0,0.0,45.0,8.0,330.0,0.06,0.2,16.0,0.0,0.71,23.0,1.0,0.0,35.0,0.0
1580,"Veal, cutlet, with bone, semi-trimmed, grilled, no added fat",625.0,27.6,4.2,2.01,215.29,0.34,1.4,0.0,0.0,0.0,45.0,6.0,290.0,0.093,0.193,8.57,0.0,1.08,19.0,0.0,0.0,41.0,0.0
1581,"Veal, cutlet, with bone, semi-trimmed, raw",512.0,24.3,2.7,1.17,180.22,0.25,0.92,0.0,0.0,0.0,44.0,8.0,320.0,0.058,0.206,15.26,0.0,0.7,22.0,1.0,0.0,37.0,0.0
1582,"Veal, cutlet, with bone, untrimmed, grilled, no added fat",632.0,27.5,4.4,2.12,231.99,0.34,1.47,0.0,0.0,0.0,45.0,6.0,289.0,0.092,0.192,8.53,0.0,1.08,19.0,0.0,0.0,41.0,0.0
1583,"Veal, cutlet, with bone, untrimmed, raw",523.0,24.2,3.0,1.32,209.84,0.25,1.03,0.0,0.0,0.0,44.0,8.0,318.0,0.058,0.207,15.11,0.0,0.7,22.0,1.0,0.0,37.0,0.0
1584,"Veal, diced, lean, raw",448.0,23.1,1.5,0.52,47.57,0.25,0.55,0.0,0.0,0.0,46.0,6.0,330.0,0.06,0.2,16.0,0.0,0.88,22.0,1.0,0.0,55.0,0.0
1585,"Veal, diced, lean, stir-fried, no added fat",653.0,31.9,3.0,1.13,126.9,0.52,0.97,0.0,0.0,0.0,85.0,8.0,490.0,0.1,0.2,9.0,0.0,2.0,34.0,0.0,0.0,110.0,0.0
1586,"Veal, diced, untrimmed, raw",466.0,23.0,2.0,0.77,94.47,0.26,0.73,0.0,0.0,0.0,46.0,6.0,327.0,0.059,0.202,15.76,0.0,0.87,22.0,1.0,0.0,55.0,0.0
1587,"Veal, diced, untrimmed, stir-fried, no added fat",679.0,31.6,3.8,1.58,191.13,0.53,1.25,0.0,0.0,0.0,84.0,8.0,481.0,0.097,0.197,8.83,0.0,1.97,33.0,0.0,0.0,108.0,0.0
1588,"Veal, steak, boneless, leg, lean, grilled, no added fat",655.0,34.4,1.9,0.53,85.44,0.35,0.76,0.0,0.0,0.0,49.0,6.0,380.0,0.1,0.2,9.0,0.0,1.7,28.0,0.0,0.0,85.0,0.0
1589,"Veal, steak, boneless, leg, lean, raw",470.0,24.4,1.5,0.44,43.14,0.38,0.52,0.0,0.0,0.0,56.0,6.0,366.0,0.06,0.2,16.0,0.0,1.4,31.0,1.0,0.0,57.0,0.0
1590,"Veal, steak, boneless, leg, untrimmed, grilled, no added fat",675.0,34.1,2.6,0.89,136.53,0.36,0.99,0.0,0.0,0.0,49.0,6.0,375.0,0.098,0.198,8.87,0.0,1.68,28.0,0.0,0.0,84.0,0.0
1591,"Veal, steak, boneless, leg, untrimmed, raw",482.0,24.3,1.8,0.61,75.75,0.38,0.64,0.0,0.0,0.0,56.0,6.0,363.0,0.06,0.201,15.83,0.0,1.39,31.0,1.0,0.0,57.0,0.0
1592,"Veal, stir-fry strips, lean, raw",536.0,27.2,2.0,0.7,63.42,0.34,0.73,0.0,0.0,0.0,56.0,7.0,420.0,0.06,0.2,16.0,0.0,1.5,28.0,1.0,0.0,55.0,0.0
1593,"Veal, stir-fry strips, lean, stir-fried, no added fat",614.0,30.0,2.8,1.06,118.44,0.48,0.91,0.0,0.0,0.0,79.0,8.0,530.0,0.1,0.2,9.0,0.0,2.1,37.0,0.0,0.0,99.0,0.0
1594,"Veal, stir-fry strips, untrimmed, raw",551.0,27.1,2.5,0.93,106.98,0.34,0.9,0.0,0.0,0.0,55.0,7.0,416.0,0.059,0.202,15.78,0.0,1.48,28.0,1.0,0.0,55.0,0.0
1595,"Veal, stir-fry strips, untrimmed, stir-fried, no added fat",623.0,29.9,3.1,1.22,142.24,0.49,1.01,0.0,0.0,0.0,78.0,8.0,526.0,0.099,0.199,8.94,0.0,2.09,37.0,0.0,0.0,98.0,0.0
1596,"Vegetable crisps or chips, sweet potato & taro, flavoured",2051.0,3.0,31.1,10.14,148.66,3.78,15.07,47.7,12.4,6.3,440.0,82.0,770.0,0.04,0.03,0.0,159.0,1.7,51.0,0.0,0.0,0.0,0.0
1598,"Vine leaf, grape, canned",254.0,4.3,2.0,0.36,0.0,1.13,0.09,1.8,1.8,9.9,2853.0,289.0,29.0,0.064,0.364,4.5,78.0,2.98,14.0,11.0,0.0,0.0,0.0
1599,"Vinegar (except balsamic vinegar)",65.0,0.0,0.0,0.0,0.0,0.0,0.0,0.0,0.0,0.0,5.0,1.0,6.0,0.0,0.0,0.0,0.0,0.0,1.0,0.0,0.0,0.0,0.0
1600,"Water chestnut, peeled, canned, drained",218.0,0.6,0.9,0.27,0.0,0.42,0.08,9.3,5.1,2.7,10.0,3.0,100.0,0.01,0.04,1.0,6.0,2.8,4.0,0.0,0.0,0.0,0.0
1601,"Water, bottled, still",0.0,0.0,0.0,0.0,0.0,0.0,0.0,0.0,0.0,0.0,1.0,1.0,0.0,0.0,0.0,0.0,0.0,0.0,5.0,0.0,0.0,0.0,0.0
1602,"Water, coconut, commercial",54.0,0.2,0.0,0.0,0.0,0.0,0.0,3.2,3.2,0.0,36.0,12.0,200.0,0.0,0.0,0.0,0.0,0.0,9.0,10.0,0.0,0.0,0.0
1603,"Water, soda",0.0,0.0,0.0,0.0,0.0,0.0,0.0,0.0,0.0,0.0,3.0,2.0,0.0,0.0,0.0,0.0,0.0,0.0,1.0,0.0,0.0,0.0,0.0
1604,"Water, tap",0.0,0.0,0.0,0.0,0.0,0.0,0.0,0.0,0.0,0.0,3.0,2.0,0.0,0.0,0.0,0.0,0.0,0.0,1.0,0.0,0.0,0.0,0.0
1605,"Watercress, raw",110.0,2.9,0.4,0.0,0.0,0.0,0.0,0.8,0.7,3.8,48.0,85.0,570.0,0.02,0.16,0.8,280.0,3.0,23.0,101.0,0.0,0.0,0.0
1606,"Wattle seed (acacia), ground",1183.0,20.3,6.1,0.84,0.0,3.27,1.5,10.5,0.0,54.2,102.0,419.0,974.0,0.04,0.0,14.5,40.0,6.0,243.0,0.0,0.0,0.0,0.0
1607,"Wax jambu, raw",109.0,0.7,0.2,0.0,0.0,0.0,0.0,4.5,4.5,1.9,1.0,13.0,38.0,0.02,0.04,0.5,34.0,0.8,5.0,8.0,0.0,0.0,0.0
1608,"Wheat bran, unprocessed, uncooked",1119.0,14.8,4.1,0.66,6.72,2.01,0.66,22.6,2.7,41.8,6.0,75.0,1200.0,0.69,0.03,19.0,100.0,11.0,450.0,0.0,0.0,0.0,0.0
1609,"Wheat germ",1285.0,20.6,6.1,1.08,0.0,3.53,0.96,32.7,7.4,20.1,4.0,64.0,910.0,1.5,0.03,7.3,166.0,9.0,270.0,0.0,0.0,0.0,0.0
1610,"Wheat, whole, uncooked",1362.0,11.2,2.4,0.36,0.0,1.08,0.36,58.3,1.3,11.4,2.0,35.0,315.0,0.456,0.1,4.18,47.0,3.43,120.0,0.0,0.0,0.0,0.0
1611,"Whiting, King George, flesh, baked, no added fat",517.0,28.2,1.0,0.26,13.93,0.25,0.19,0.0,0.0,0.0,100.0,53.0,504.0,0.0,0.0,6.14,0.0,0.28,40.0,1.0,0.0,136.0,0.0
1612,"Whiting, King George, flesh, raw",362.0,19.8,0.7,0.18,9.75,0.18,0.13,0.0,0.0,0.0,70.0,37.0,353.0,0.0,0.0,4.3,0.0,0.2,28.0,1.0,0.0,95.0,0.0
1613,"Whiting, King George, flesh, steamed, no added fat",437.0,23.3,1.1,0.28,15.32,0.29,0.2,0.0,0.0,0.0,69.0,19.0,332.0,0.0,0.0,4.2,0.0,0.3,29.0,1.0,0.0,104.0,0.0
1614,"Wine, fortified, port",600.0,0.2,0.0,0.0,0.0,0.0,0.0,12.4,12.4,0.0,15.0,5.0,82.0,0.0,0.0,0.0,0.0,0.19,10.0,0.0,0.0,0.0,13.6
1615,"Wine, fortified, sherry, dry style (approximately 1% sugars)",435.0,0.1,0.0,0.0,0.0,0.0,0.0,1.2,1.2,0.0,19.0,5.0,39.0,0.0,0.0,0.0,0.0,0.06,6.0,0.0,0.0,0.0,14.2
1616,"Wine, fortified, sherry, sweet style (approximately 11% sugars)",577.0,0.2,0.0,0.0,0.0,0.0,0.0,11.1,11.1,0.0,18.0,4.0,53.0,0.0,0.0,0.0,0.0,0.1,6.0,0.0,0.0,0.0,13.6
1617,"Wine, red",335.0,0.2,0.0,0.0,0.0,0.0,0.0,0.2,0.2,0.0,5.0,7.0,111.0,0.0,0.0,0.0,0.0,0.17,14.0,0.0,0.0,0.0,11.2
1618,"Wine, red, cabernet sauvignon",332.0,0.3,0.0,0.0,0.0,0.0,0.0,0.2,0.2,0.0,4.0,7.0,117.0,0.0,0.0,0.0,0.0,0.15,13.0,0.0,0.0,0.0,11.0
1619,"Wine, red, cooked",120.0,0.3,0.0,0.0,0.0,0.0,0.0,0.2,0.2,0.0,5.0,8.0,113.0,0.0,0.0,0.0,0.0,0.0,15.0,0.0,0.0,0.0,3.9
1620,"Wine, red, merlot",330.0,0.3,0.0,0.0,0.0,0.0,0.0,0.4,0.4,0.0,5.0,7.0,91.0,0.0,0.0,0.0,0.0,0.17,12.0,0.0,0.0,0.0,10.9
1621,"Wine, red, pinot noir",321.0,0.2,0.0,0.0,0.0,0.0,0.0,0.2,0.2,0.0,2.0,7.0,91.0,0.0,0.0,0.0,0.0,0.17,16.0,0.0,0.0,0.0,10.7
1622,"Wine, red, shiraz",342.0,0.2,0.0,0.0,0.0,0.0,0.0,0.2,0.2,0.0,7.0,6.0,115.0,0.0,0.0,0.0,0.0,0.18,15.0,0.0,0.0,0.0,11.5
1623,"Wine, red, sparkling",338.0,0.2,0.0,0.0,0.0,0.0,0.0,2.0,2.0,0.0,7.0,6.0,117.0,0.0,0.0,0.0,0.0,0.18,15.0,0.0,0.0,0.0,10.3
1624,"Wine, rose",289.0,0.2,0.0,0.0,0.0,0.0,0.0,0.7,0.7,0.0,5.0,8.0,51.0,0.0,0.0,0.0,0.0,0.08,11.0,0.0,0.0,0.0,9.4
1625,"Wine, white",301.0,0.3,0.0,0.0,0.0,0.0,0.0,0.2,0.2,0.0,4.0,8.0,53.0,0.0,0.0,0.0,0.0,0.16,10.0,1.0,0.0,0.0,10.0
1626,"Wine, white, chardonnay",310.0,0.3,0.0,0.0,0.0,0.0,0.0,0.3,0.3,0.0,4.0,7.0,52.0,0.0,0.0,0.0,0.0,0.17,11.0,0.0,0.0,0.0,10.3
1627,"Wine, white, cooked",107.0,0.2,0.0,0.0,0.0,0.0,0.0,0.3,0.3,0.0,5.0,9.0,56.0,0.0,0.0,0.01,0.0,0.15,12.0,2.0,0.0,0.0,3.4
1628,"Wine, white, riesling",292.0,0.2,0.0,0.0,0.0,0.0,0.0,0.4,0.4,0.0,7.0,10.0,44.0,0.0,0.0,0.0,0.0,0.1,20.0,0.0,0.0,0.0,9.6
1629,"Wine, white, sauvignon blanc",296.0,0.2,0.0,0.0,0.0,0.0,0.0,0.1,0.1,0.0,2.0,8.0,56.0,0.0,0.0,0.0,0.0,0.09,8.0,0.0,0.0,0.0,9.9
1630,"Wine, white, semillon",270.0,0.2,0.0,0.0,0.0,0.0,0.0,0.2,0.2,0.0,6.0,9.0,57.0,0.0,0.0,0.0,0.0,0.21,8.0,6.0,0.0,0.0,9.0
1631,"Wine, white, sparkling",306.0,0.2,0.0,0.0,0.0,0.0,0.0,1.0,1.0,0.0,2.0,7.0,35.0,0.0,0.0,0.0,0.0,0.19,9.0,0.0,0.0,0.0,9.8
1632,"Wine, white, sweet dessert style",497.0,0.4,0.0,0.0,0.0,0.0,0.0,14.7,14.7,0.0,13.0,15.0,101.0,0.0,0.0,0.0,0.0,0.19,19.0,0.0,0.0,0.0,8.4
1633,"Yam, wild harvested, cooked",448.0,3.2,0.3,0.0,0.0,0.0,0.0,20.9,0.5,3.5,4.0,3.0,309.0,0.04,0.055,0.11,36.0,0.35,14.0,10.0,0.0,0.0,0.0
1634,"Yeast, dry powder",1126.0,36.4,5.0,0.75,0.0,0.01,3.24,6.3,0.0,26.9,170.0,18.0,1470.0,0.59,0.12,28.0,2340.0,3.5,95.0,0.0,0.0,0.0,0.0
1635,"Yoghurt, almond based, flavoured",384.0,2.6,4.5,0.41,0.0,0.98,2.77,9.2,5.5,1.8,5.0,34.0,82.0,0.02,0.08,0.0,0.0,0.39,30.0,0.0,0.0,0.0,0.0
1636,"Yoghurt, apricot pieces or flavoured, regular fat (3% fat)",386.0,4.2,3.2,2.03,59.57,0.12,0.76,11.1,11.1,0.1,65.0,110.0,220.0,0.09,0.22,0.0,7.0,0.18,14.0,0.0,0.0,8.0,0.0
1637,"Yoghurt, coconut based, flavoured",519.0,1.1,9.0,8.07,0.0,0.09,0.41,9.2,4.7,1.3,18.0,3.0,140.0,0.0,0.0,0.0,0.0,0.27,16.0,0.0,0.0,0.0,0.0
1638,"Yoghurt, flavoured, high fat (approx 5%)",483.0,4.4,4.9,3.32,129.65,0.12,1.0,12.9,12.5,0.6,47.0,150.0,190.0,0.03,0.19,0.0,60.0,0.0,13.0,0.0,0.0,20.0,0.0
1639,"Yoghurt, flavoured, low fat (0.2%), intense sweetened, increased protein",227.0,9.6,0.3,0.2,7.09,0.01,0.06,2.3,1.6,0.4,35.0,110.0,140.0,0.02,0.2,0.0,70.0,0.0,10.0,0.0,0.0,5.0,0.0
1640,"Yoghurt, flavoured, low fat (approx 2%)",341.0,4.6,1.3,0.89,30.71,0.03,0.26,12.2,11.3,0.3,60.0,160.0,210.0,0.03,0.2,0.0,59.0,0.0,14.0,0.0,0.0,9.0,0.0
1641,"Yoghurt, natural, regular fat (3% fat)",306.0,5.1,3.2,2.17,60.48,0.08,0.69,5.0,4.9,0.1,58.0,175.0,230.0,0.02,0.22,0.0,25.0,0.0,16.0,0.0,0.0,15.0,0.0
1642,"Yoghurt, soy based, berry flavoured, regular fat (3% fat)",416.0,3.6,3.7,0.49,0.0,1.4,1.52,12.6,8.4,0.2,55.0,120.0,55.0,0.0,0.0,0.0,75.0,0.59,7.0,0.0,0.0,0.0,0.0
1643,"Yoghurt, soy based, vanilla flavoured, reduced fat (1% fat)",309.0,3.6,0.8,0.1,0.0,0.3,0.33,12.6,8.4,0.2,55.0,120.0,55.0,0.0,0.0,0.0,75.0,0.59,7.0,0.0,0.0,0.0,0.0
1644,"Yoghurt, strawberry pieces or flavoured, regular fat (3% fat)",405.0,4.9,3.1,2.0,58.62,0.12,0.75,11.6,11.6,0.1,60.0,159.0,213.0,0.06,0.27,0.3,7.0,0.12,15.0,0.0,0.0,10.0,0.0
1645,"Yoghurt, vanilla flavoured, (2% fat)",408.0,5.0,1.9,1.28,3.59,0.06,0.39,14.5,13.5,0.2,52.0,170.0,230.0,0.05,0.2,0.0,7.0,0.0,15.0,0.0,0.0,8.0,0.0
1646,"Yoghurt, vanilla flavoured, low fat (less than 0.5% fat)",368.0,5.9,0.5,0.34,0.94,0.02,0.1,13.9,12.7,0.2,66.0,168.0,242.0,0.03,0.4,0.6,7.0,0.1,17.0,0.0,0.0,6.0,0.0
1647,"Zucchini, golden, fresh, unpeeled, boiled, drained",93.0,2.6,0.4,0.0,0.0,0.0,0.0,1.3,1.3,1.2,1.0,18.0,246.0,0.038,0.064,0.61,13.0,0.45,11.0,27.0,0.0,0.0,0.0
1648,"Zucchini, golden, fresh, unpeeled, fried, no added fat",111.0,3.1,0.4,0.0,0.0,0.0,0.0,1.6,1.6,1.4,1.0,23.0,328.0,0.048,0.081,0.77,17.0,0.57,14.0,36.0,0.0,0.0,0.0
1649,"Zucchini, golden, fresh, unpeeled, raw",78.0,2.2,0.3,0.0,0.0,0.0,0.0,1.1,1.1,1.0,1.0,16.0,230.0,0.04,0.06,0.6,17.0,0.4,10.0,30.0,0.0,0.0,0.0
1650,"Zucchini, green skin, fresh, unpeeled, boiled, drained",77.0,1.1,0.4,0.0,0.0,0.0,0.0,2.0,2.0,1.3,1.0,20.0,201.0,0.028,0.064,0.61,13.0,0.56,18.0,21.0,0.0,0.0,0.0
1651,"Zucchini, green skin, fresh, unpeeled, fried, no added fat",92.0,1.3,0.4,0.0,0.0,0.0,0.0,2.4,2.4,1.6,1.0,25.0,268.0,0.038,0.081,0.81,19.0,0.71,23.0,29.0,0.0,0.0,0.0
1652,"Zucchini, green skin, fresh, unpeeled, raw",65.0,0.9,0.3,0.0,0.0,0.0,0.0,1.7,1.7,1.1,1.0,18.0,188.0,0.03,0.06,0.6,17.0,0.5,16.0,24.0,0.0,0.0,0.0
1653,"Alcoholic beverage, spirit, approximately 30% v/v, all (Brandy, Gin, Rum, Vodka and Whisky), cooked mL",290.0,0.0,0.0,0.0,0.0,0.0,0.0,0.3,0.3,0.0,2.0,0.0,0.0,0.0,0.0,0.0,0.0,0.06,0.0,0.0,0.0,0.0,9.8
1654,"Alcoholic beverage, spirit, approximately 40% v/v, all (Brandy, Gin, Rum, Vodka and Whisky) mL",856.0,0.0,0.0,0.0,0.0,0.0,0.0,0.1,0.1,0.0,3.0,0.0,1.0,0.0,0.0,0.0,0.0,0.05,0.0,0.0,0.0,0.0,29.5
1655,"Almond beverage, added sugar & Ca mL",120.0,0.5,1.5,0.12,22.48,0.41,0.83,3.2,2.3,0.6,45.0,71.0,17.0,0.0,0.021,0.0,0.0,0.0,5.0,0.0,0.0,0.0,0.0
1656,"Almond beverage, added sugar & vitamins B1, B2 & B12 & Ca mL",120.0,0.5,1.5,0.12,22.48,0.41,0.83,3.2,2.3,0.6,35.0,126.0,20.0,0.042,0.294,0.0,0.0,0.0,9.0,0.0,0.0,0.0,0.0
1657,"Almond beverage, no added sugar, added Ca mL",68.0,0.5,1.5,0.13,22.48,0.33,0.91,0.0,0.0,0.5,45.0,69.0,20.0,0.0,0.021,0.0,0.0,0.0,8.0,0.0,0.0,0.0,0.0
1658,"Almond beverage, no added sugar, unfortified mL",68.0,0.5,1.5,0.13,22.48,0.33,0.91,0.0,0.0,0.5,42.0,7.0,20.0,0.0,0.021,0.0,0.0,0.0,6.0,0.0,0.0,0.0,0.0
1659,"Apricot, canned in pear juice, juice only mL",196.0,0.5,0.0,0.0,0.0,0.0,0.0,11.0,9.1,0.0,5.0,7.0,273.0,0.021,0.021,0.63,46.0,0.42,9.0,5.0,0.0,0.0,0.0
1660,"Beer, full strength (alcohol 4-4.9% v/v) mL",153.0,0.4,0.0,0.0,0.0,0.0,0.0,2.3,0.0,0.0,4.0,4.0,36.0,0.0,0.03,0.0,0.0,0.0,6.0,0.0,0.0,0.0,3.7
1661,"Beer, full strength (alcohol 4-4.9% v/v), carbohydrate modified mL",127.0,0.3,0.0,0.0,0.0,0.0,0.0,1.0,0.0,0.0,4.0,3.0,28.0,0.0,0.0,0.0,0.0,0.01,5.0,0.0,0.0,0.0,3.6
1662,"Beer, high alcohol (5% v/v & above) mL",176.0,0.5,0.0,0.0,0.0,0.0,0.0,2.1,0.2,0.0,4.0,4.0,55.0,0.0,0.04,0.0,0.0,0.01,9.0,0.0,0.0,0.0,4.6
1663,"Beer, light (alcohol 1-2.9% v/v) mL",101.0,0.2,0.0,0.0,0.0,0.0,0.0,2.2,0.0,0.0,3.0,3.0,28.0,0.0,0.0,0.0,0.0,0.0,5.0,0.0,0.0,0.0,2.1
1664,"Beer, mid-strength (alcohol 3-3.9% v/v) mL",129.0,0.3,0.0,0.0,0.0,0.0,0.0,2.2,0.0,0.0,3.0,4.0,31.0,0.0,0.0,0.0,0.0,0.0,5.0,0.0,0.0,0.0,3.0
1665,"Beverage, chocolate flavour, from drinking chocolate, with regular fat cows milk mL",367.0,3.6,3.6,2.42,112.37,0.08,0.84,10.6,10.4,0.1,45.0,104.0,185.0,0.022,0.179,0.28,4.0,0.15,20.0,0.0,3.0,10.0,0.0
1666,"Beverage, chocolate flavour, from Milo powder, with regular fat cows milk mL",407.0,4.2,4.2,2.77,138.96,0.1,0.95,10.6,9.4,0.8,40.0,167.0,209.0,0.04,0.333,1.38,9.0,1.67,16.0,4.0,1.0,10.0,0.0
1667,"Breakfast cereal, beverage, non-chocolate flavours, added vitamins A, B1, B2, B3, B6, B12, C & folate & Ca mL",330.0,3.2,1.5,0.2,5.91,0.92,0.36,12.8,7.2,0.8,50.0,152.0,157.0,0.107,0.264,1.26,72.0,0.39,8.0,0.0,0.0,0.0,0.0
1668,"Cherry, black, canned in syrup, syrup only mL",299.0,0.5,0.0,0.0,0.0,0.0,0.0,17.8,16.6,0.0,3.0,6.0,125.0,0.0,0.0,0.0,0.0,1.25,6.0,0.0,0.0,0.0,0.0
1669,"Cider, apple (alcohol approximately 4-5% v/v) mL",211.0,0.0,0.0,0.0,0.0,0.0,0.0,5.6,5.6,0.0,3.0,3.0,56.0,0.0,0.0,0.0,0.0,0.02,2.0,2.0,0.0,0.0,4.0
1670,"Coconut beverage, added Ca mL",109.0,0.2,1.8,1.52,0.0,0.03,0.09,2.5,1.0,0.0,18.0,93.0,26.0,0.0,0.0,0.0,20.0,0.0,4.0,0.0,0.0,0.0,0.0
1671,"Coconut beverage, unfortified mL",109.0,0.2,1.8,1.52,0.0,0.03,0.09,2.5,1.0,0.0,49.0,1.0,31.0,0.0,0.0,0.0,20.0,0.0,4.0,0.0,0.0,0.0,0.0
1672,"Coconut, cream, regular fat mL",926.0,1.6,23.7,19.19,0.0,0.51,2.41,1.4,1.4,0.0,16.0,2.0,133.0,0.0,0.0,0.0,0.0,0.52,20.0,0.0,0.0,0.0,0.0
1673,"Coconut, fresh, mature, water or juice mL",87.0,0.5,0.1,0.09,0.0,0.0,0.0,4.7,4.7,0.0,17.0,17.0,200.0,0.02,0.01,0.08,3.0,0.6,11.0,0.0,0.0,0.0,0.0
1674,"Coconut, fresh, young or immature, water or juice mL",109.0,0.2,0.0,0.0,0.0,0.0,0.0,6.6,6.6,0.0,5.0,12.0,186.0,0.01,0.02,0.08,3.0,0.4,11.0,0.0,0.0,0.0,0.0
1675,"Coconut, milk, canned, reduced fat mL",293.0,0.6,7.2,6.52,0.0,0.05,0.25,0.9,0.9,0.0,15.0,5.0,62.0,0.0,0.0,0.1,0.0,0.2,6.0,0.0,0.0,0.0,0.0
1676,"Coconut, milk, canned, regular fat mL",633.0,1.4,15.7,12.74,0.0,0.34,1.6,1.7,1.7,0.0,26.0,3.0,163.0,0.0,0.0,0.0,0.0,0.67,26.0,0.0,0.0,0.0,0.0
1677,"Coffee, black, from instant coffee powder mL",5.0,0.2,0.0,0.0,0.03,0.0,0.0,0.0,0.0,0.2,3.0,3.0,31.0,0.0,0.0,0.22,0.0,0.03,4.0,0.0,31.0,0.0,0.0
1678,"Coffee, black, from instant coffee powder, decaffeinated mL",5.0,0.2,0.0,0.0,0.03,0.0,0.0,0.0,0.0,0.2,3.0,3.0,31.0,0.0,0.0,0.22,0.0,0.03,4.0,0.0,1.0,0.0,0.0
1679,"Coffee, espresso, from ground coffee beans mL",40.0,1.7,0.3,0.11,3.84,0.09,0.03,0.0,0.0,0.0,2.0,11.0,520.0,0.0,0.0,5.3,0.0,0.0,37.0,0.0,290.0,0.0,0.0
1680,"Coffee, flat white/latte/cappuccino, from ground coffee beans, with regular fat cows milk mL",198.0,2.9,2.6,1.75,43.38,0.09,0.5,3.5,3.5,0.0,30.0,97.0,224.0,0.0,0.112,0.0,0.0,0.0,16.0,0.0,69.0,9.0,0.0
1681,"Coffee, long black, from ground coffee beans mL",8.0,0.3,0.1,0.02,0.77,0.02,0.0,0.0,0.0,0.0,3.0,3.0,104.0,0.0,0.0,1.06,0.0,0.0,8.0,0.0,58.0,0.0,0.0
1682,"Coffee, prepared from coffee mix with sugar & whitener, no added milk mL",82.0,0.6,0.6,0.59,0.0,0.0,0.01,2.8,1.9,0.2,22.0,18.0,65.0,0.0,0.038,0.24,0.0,0.04,5.0,0.0,25.0,0.0,0.0
1683,"Cordial base, 25% citrus fruit juice, regular mL",739.0,0.0,0.0,0.0,0.0,0.0,0.0,45.5,45.5,0.0,15.0,4.0,18.0,0.0,0.0,2.07,12.0,0.0,1.0,5.0,0.0,0.0,0.0
1684,"Cordial base, 40% citrus fruit juice, regular mL",804.0,0.2,0.0,0.0,0.0,0.0,0.0,49.0,49.0,0.0,52.0,5.0,39.0,0.0,0.0,2.07,12.0,0.12,2.0,10.0,0.0,0.0,0.0
1685,"Cordial base, blackcurrant juice, regular mL",892.0,0.1,0.0,0.0,0.0,0.0,0.0,54.9,54.9,0.0,0.0,7.0,66.0,0.0,0.0,0.2,1.0,0.4,4.0,90.0,0.0,0.0,0.0
1686,"Cordial, 25% citrus fruit juice, regular, recommended dilution mL",149.0,0.0,0.0,0.0,0.0,0.0,0.0,9.2,9.2,0.0,5.0,2.0,4.0,0.0,0.0,0.42,2.0,0.0,1.0,1.0,0.0,0.0,0.0
1687,"Cordial, 40% citrus fruit juice, regular, recommended dilution mL",162.0,0.0,0.0,0.0,0.0,0.0,0.0,9.9,9.9,0.0,13.0,2.0,8.0,0.0,0.0,0.42,2.0,0.03,1.0,2.0,0.0,0.0,0.0
1688,"Cordial, blackcurrant juice, regular, recommended dilution mL",159.0,0.0,0.0,0.0,0.0,0.0,0.0,9.8,9.8,0.0,2.0,3.0,12.0,0.0,0.0,0.03,0.0,0.08,2.0,16.0,0.0,0.0,0.0
1689,"Cream, imitation (non-dairy) mL",1119.0,1.0,22.0,19.54,311.11,0.08,1.1,17.9,16.5,0.0,58.0,17.0,24.0,0.0,0.0,0.0,0.0,0.0,2.0,0.0,0.0,0.0,0.0
1690,"Cream, sour, light (approximately 18% fat) mL",886.0,3.7,20.1,12.99,759.55,0.44,4.8,4.6,4.6,0.0,19.0,82.0,75.0,0.0,0.112,0.0,58.0,0.0,5.0,0.0,0.0,93.0,0.0
1691,"Cream, sour, regular fat mL",1386.0,1.9,35.6,22.99,1344.7,0.77,8.5,2.0,2.0,0.0,19.0,49.0,72.0,0.0,0.108,0.0,56.0,0.0,5.0,0.0,0.0,89.0,0.0
1692,"Cream, thickened, regular fat (approximately 35%) mL",1451.0,2.1,37.2,23.98,1918.53,1.4,8.96,2.5,2.5,0.0,28.0,62.0,86.0,0.021,0.124,0.0,66.0,0.0,6.0,0.0,0.0,113.0,0.0
1693,"Custard, vanilla, prepared from dry mix mL",481.0,4.0,4.2,2.81,122.26,0.11,0.94,15.6,10.8,0.0,66.0,129.0,174.0,0.022,0.222,0.33,4.0,0.07,12.0,0.0,0.0,12.0,0.0
1694,"Custard, vanilla, regular fat mL",439.0,3.7,3.3,2.2,110.76,0.08,0.79,15.6,13.0,0.0,68.0,134.0,185.0,0.056,0.235,0.0,2.0,0.06,12.0,0.0,0.0,12.0,0.0
1695,"Dairy or yoghurt dessert, chocolate, regular fat mL",554.0,5.3,3.8,2.43,127.27,0.1,1.0,18.4,16.3,1.4,61.0,125.0,239.0,0.0,0.229,0.0,0.0,0.55,17.0,0.0,2.0,11.0,0.0
1696,"Dip, hummus, commercial mL",1039.0,6.9,19.5,1.83,74.57,6.88,9.32,9.4,0.8,3.9,410.0,49.0,260.0,0.16,0.03,0.0,91.0,1.6,65.0,0.0,0.0,0.0,0.0
1697,"Dressing, French or Italian, regular fat, commercial mL",976.0,0.1,20.2,2.08,38.61,11.47,5.55,12.0,11.7,0.0,999.0,0.0,0.0,0.0,0.072,0.0,0.0,0.0,0.0,0.0,0.0,0.0,0.0
1698,"Dressing, thousand island, regular fat, commercial mL",1584.0,1.1,33.7,3.58,64.45,20.4,8.18,17.6,15.6,1.5,931.0,13.0,138.0,0.0,0.0,0.4,0.0,0.32,6.0,0.0,0.0,29.0,0.0
1699,"Fruit drink, apple juice mL",142.0,0.1,0.0,0.0,0.0,0.0,0.0,8.5,8.1,0.0,6.0,2.0,49.0,0.0,0.0,0.0,0.0,0.0,2.0,32.0,0.0,0.0,0.0
1700,"Fruit drink, cranberry mL",189.0,0.0,0.0,0.0,0.0,0.0,0.0,11.8,11.8,0.1,17.0,8.0,21.0,0.009,0.019,0.09,1.0,0.26,6.0,17.0,0.0,0.0,0.0
1701,"Fruit drink, orange juice mL",170.0,0.2,0.0,0.0,0.0,0.0,0.0,10.0,10.0,0.0,9.0,8.0,75.0,0.0,0.021,0.0,8.0,0.05,6.0,5.0,0.0,0.0,0.0
1702,"Fruit salad, canned in fruit juice, juice only mL",198.0,0.4,0.0,0.0,0.0,0.0,0.0,11.4,10.6,0.2,5.0,6.0,177.0,0.01,0.031,0.42,46.0,0.31,9.0,4.0,0.0,0.0,0.0
1703,"Glucose, liquid or syrup mL",1762.0,0.0,0.0,0.0,0.0,0.0,0.0,121.6,45.9,0.0,208.0,11.0,4.0,0.0,0.0,0.0,0.0,0.7,3.0,0.0,0.0,0.0,0.0
1704,"Gravy, prepared from dry powder with water mL",110.0,0.7,0.5,0.24,5.84,0.1,0.15,4.6,0.0,0.0,507.0,4.0,11.0,0.021,0.0,0.14,1.0,0.1,3.0,0.0,0.0,0.0,0.0
1705,"Honey mL",1662.0,0.4,0.0,0.0,0.0,0.0,0.0,103.4,103.4,0.0,11.0,11.0,94.0,0.0,0.0,0.0,0.0,0.17,3.0,0.0,0.0,0.0,0.0
1706,"Ice cream, vanilla flavour, premium or rich (~15% fat) mL",577.0,2.0,8.5,5.63,217.0,0.21,1.87,14.2,12.4,0.0,23.0,69.0,94.0,0.019,0.126,0.0,10.0,0.0,6.0,0.0,0.0,29.0,0.0
1707,"Ice cream, vanilla flavour, regular fat mL",433.0,2.0,5.8,3.94,170.79,0.15,1.38,11.3,10.1,0.0,26.0,51.0,78.0,0.0,0.16,0.38,5.0,0.05,7.0,0.0,0.0,19.0,0.0
1708,"Juice, apple & blackcurrant, commercial mL",171.0,0.2,0.0,0.0,0.0,0.0,0.0,9.7,9.7,0.0,7.0,5.0,99.0,0.0,0.0,0.0,0.0,0.0,4.0,28.0,0.0,0.0,0.0
1709,"Juice, apple, commercial, added vitamin C mL",127.0,0.2,0.0,0.0,0.0,0.0,0.0,7.4,7.4,0.2,6.0,7.0,126.0,0.0,0.074,0.26,33.0,0.05,6.0,35.0,0.0,0.0,0.0
1710,"Juice, lemon mL",120.0,0.6,0.2,0.0,0.0,0.0,0.0,1.9,1.9,2.6,2.0,21.0,126.0,0.04,0.02,0.2,8.0,0.32,9.0,48.0,0.0,0.0,0.0
1711,"Juice, lime mL",128.0,0.8,0.2,0.0,0.0,0.0,0.0,1.3,1.3,4.3,3.0,23.0,158.0,0.03,0.02,0.2,6.0,0.32,12.0,47.0,0.0,0.0,0.0
1712,"Juice, orange & mango, commercial mL",152.0,0.6,0.0,0.0,0.0,0.0,0.0,8.0,8.0,0.2,4.0,9.0,166.0,0.042,0.0,0.0,27.0,0.0,10.0,85.0,0.0,0.0,0.0
1713,"Juice, orange, commercial mL",117.0,0.8,0.0,0.0,0.0,0.0,0.0,5.7,5.7,0.3,3.0,7.0,152.0,0.116,0.0,0.0,53.0,0.04,8.0,72.0,0.0,0.0,0.0
1714,"Kombucha, flavoured, added juice or intense sweeteners mL",27.0,0.0,0.0,0.0,0.0,0.0,0.0,0.8,0.8,0.1,0.0,0.0,2.0,0.0,0.0,0.0,0.0,0.0,0.0,0.0,2.0,0.0,0.3
1715,"Mandarin, canned in syrup, syrup only mL",232.0,0.3,0.0,0.0,0.0,0.0,0.0,13.7,13.7,0.0,4.0,5.0,75.0,0.0,0.0,0.0,0.0,0.31,5.0,12.0,0.0,0.0,0.0
1716,"Mayonnaise, low fat, commercial mL",555.0,0.5,1.9,0.25,10.84,0.72,0.83,29.3,22.1,0.0,732.0,9.0,17.0,0.0,0.529,0.0,0.0,0.32,3.0,0.0,0.0,26.0,0.0
1717,"Mayonnaise, traditional (greater than 65% fat), commercial mL",2625.0,0.8,66.5,8.19,407.04,32.15,22.81,8.6,7.8,0.5,475.0,8.0,14.0,0.0,0.02,0.0,0.0,0.0,2.0,0.0,0.0,24.0,0.0
1718,"Milk, cow, canned, evaporated, reduced fat (approximately 2% fat) mL",410.0,8.4,2.3,1.45,42.22,0.08,0.57,11.4,11.4,0.0,113.0,288.0,376.0,0.081,0.599,0.11,0.0,0.32,27.0,0.0,0.0,11.0,0.0
1719,"Milk, cow, canned, evaporated, regular mL",635.0,8.1,8.8,5.64,163.86,0.31,2.2,10.7,10.7,0.0,113.0,276.0,368.0,0.07,0.545,0.16,0.0,0.16,25.0,1.0,0.0,26.0,0.0
1720,"Milk, cow, canned, sweetened, condensed, regular mL",1756.0,10.7,11.9,7.78,392.53,0.28,2.81,71.0,71.0,0.0,136.0,346.0,460.0,0.103,0.78,0.39,0.0,0.19,32.0,1.0,0.0,40.0,0.0
1721,"Milk, cow, fluid, flavoured, chocolate, reduced fat mL",277.0,3.5,2.0,1.31,50.9,0.06,0.44,9.0,9.0,0.0,49.0,118.0,177.0,0.01,0.184,0.21,6.0,0.22,15.0,0.0,1.0,9.0,0.0
1722,"Milk, cow, fluid, lactose free, reduced fat (1% fat) mL",191.0,3.5,1.2,0.84,2.36,0.03,0.27,5.2,5.0,0.1,43.0,122.0,156.0,0.052,0.156,0.0,0.0,0.0,10.0,0.0,0.0,5.0,0.0
1723,"Milk, cow, fluid, lactose free, regular fat (3.5% fat) mL",256.0,3.2,3.3,2.22,6.23,0.08,0.7,4.8,4.6,0.0,36.0,113.0,154.0,0.052,0.154,0.0,0.0,0.0,10.0,0.0,0.0,11.0,0.0
1724,"Milk, cow, fluid, reduced fat (1% fat) mL",188.0,3.5,1.2,0.88,27.12,0.03,0.24,5.0,5.0,0.0,38.0,119.0,162.0,0.021,0.18,1.14,5.0,0.01,11.0,0.0,0.0,5.0,0.0
1725,"Milk, cow, fluid, reduced fat (1.5% fat), added omega 3 polyunsaturates mL",222.0,4.7,1.4,0.5,15.14,0.12,0.76,5.3,5.3,0.0,42.0,114.0,208.0,0.042,0.229,0.0,27.0,0.46,11.0,0.0,0.0,5.0,0.0
1726,"Milk, cow, fluid, regular fat (3.5% fat) mL",279.0,3.4,3.5,2.38,103.56,0.08,0.79,5.5,5.5,0.0,36.0,109.0,146.0,0.023,0.188,0.26,5.0,0.02,10.0,0.0,0.0,10.0,0.0
1727,"Milk, cow, fluid, regular fat (3.5% fat), added omega 3 polyunsaturates mL",261.0,3.2,3.3,2.15,63.23,0.13,0.83,5.2,5.2,0.0,41.0,113.0,206.0,0.041,0.227,0.0,14.0,0.45,10.0,0.0,0.0,5.0,0.0
1728,"Milk, cow, fluid, skim (0.15% fat) mL",152.0,3.7,0.0,0.0,0.0,0.0,0.0,5.5,5.5,0.0,40.0,120.0,166.0,0.021,0.177,0.0,9.0,0.0,11.0,0.0,0.0,3.0,0.0
1729,"Milk, cow, fluid, skim (0.15% fat), added milk solids mL",180.0,4.4,0.0,0.01,0.31,0.0,0.0,6.6,6.6,0.0,47.0,140.0,200.0,0.025,0.209,0.0,10.0,0.0,13.0,0.0,0.0,3.0,0.0
1730,"Milk, human/breast, mature, fluid mL",298.0,1.4,4.4,1.98,103.19,0.48,1.43,7.1,7.1,0.0,18.0,33.0,53.0,0.014,0.037,0.18,5.0,0.03,3.0,5.0,0.0,14.0,0.0
1731,"Mineral water, citrus flavoured mL",158.0,0.0,0.0,0.0,0.0,0.0,0.0,9.7,9.7,0.0,16.0,5.0,5.0,0.0,0.0,0.0,1.0,0.06,4.0,0.0,0.0,0.0,0.0
1732,"Mineral water, natural, unflavoured mL",0.0,0.0,0.0,0.0,0.0,0.0,0.0,0.0,0.0,0.0,8.0,6.0,1.0,0.0,0.0,0.0,0.0,0.0,4.0,0.0,0.0,0.0,0.0
1733,"Mustard, cream style mL",407.0,6.8,3.6,0.17,0.0,0.88,2.41,7.2,4.2,4.8,1661.0,97.0,187.0,0.234,0.035,1.17,9.0,2.34,64.0,0.0,0.0,0.0,0.0
1734,"Oat beverage, fluid, added calcium mL",236.0,1.4,0.8,0.17,0.0,0.24,0.37,10.7,3.2,0.3,40.0,116.0,49.0,0.074,0.0,0.0,0.0,0.0,7.0,0.0,0.0,0.0,0.0
1735,"Oat beverage, fluid, unfortified mL",236.0,1.4,0.8,0.17,0.0,0.24,0.37,10.7,3.2,0.3,40.0,19.0,49.0,0.074,0.0,0.0,0.0,0.0,7.0,0.0,0.0,0.0,0.0
1736,"Oil, almond mL",3404.0,0.0,92.0,5.54,1605.12,22.34,59.98,0.0,0.0,0.0,0.0,0.0,0.0,0.0,0.0,0.0,0.0,0.0,0.0,0.0,0.0,0.0,0.0
1737,"Oil, blend of monounsaturated vegetable oils mL",3404.0,0.0,92.0,6.33,1231.33,27.13,53.25,0.0,0.0,0.0,0.0,0.0,0.0,0.0,0.0,0.0,0.0,0.01,0.0,0.0,0.0,0.0,0.0
1738,"Oil, blend of polyunsaturated vegetable oils mL",3404.0,0.0,92.0,13.02,2726.51,48.33,24.93,0.0,0.0,0.0,0.0,0.0,0.0,0.0,0.0,0.0,0.0,0.01,0.0,0.0,0.0,0.0,0.0
1739,"Oil, canola mL",3404.0,0.0,92.0,6.71,26.38,26.22,54.61,0.0,0.0,0.0,0.0,1.0,0.0,0.0,0.0,0.0,0.0,0.0,0.0,0.0,0.0,0.0,0.0
1740,"Oil, copha mL",3404.0,0.2,91.9,85.02,25.97,0.26,1.3,0.0,0.0,0.0,1.0,0.0,1.0,0.0,0.0,0.24,0.0,0.0,0.0,0.0,0.0,0.0,0.0
1741,"Oil, cottonseed mL",3404.0,0.0,92.0,23.83,1231.33,47.66,16.38,0.0,0.0,0.0,0.0,0.0,0.0,0.0,0.0,0.0,0.0,0.0,0.0,0.0,0.0,0.0,0.0
1742,"Oil, grapeseed mL",3404.0,0.0,92.0,10.47,1978.92,58.93,18.38,0.0,0.0,0.0,0.0,0.0,0.0,0.0,0.0,0.0,0.0,0.0,0.0,0.0,0.0,0.0,0.0
1743,"Oil, linseed or flaxseed mL",3403.0,0.0,92.0,8.28,87.06,63.37,17.02,0.0,0.0,0.0,0.0,1.0,0.0,0.0,0.0,0.0,0.0,0.0,0.0,0.0,0.0,0.0,0.0
1744,"Oil, macadamia mL",3404.0,0.0,92.0,12.49,1978.92,1.14,74.14,0.0,0.0,0.0,0.0,0.0,0.0,0.0,0.0,0.0,0.0,0.0,0.0,0.0,0.0,0.0,0.0
1745,"Oil, mustard seed mL",3404.0,0.0,92.0,11.07,1231.33,20.3,56.58,0.0,0.0,0.0,0.0,0.0,0.0,0.0,0.0,0.0,0.0,0.0,0.0,0.0,0.0,0.0,0.0
1746,"Oil, olive mL",3399.0,0.0,91.9,14.28,0.0,8.39,64.59,0.0,0.0,0.0,0.0,0.0,0.0,0.0,0.0,0.0,0.0,0.0,0.0,0.0,0.0,0.0,0.0
1747,"Oil, palm mL",3404.0,0.0,92.0,45.36,1319.28,8.56,34.04,0.0,0.0,0.0,0.0,0.0,0.0,0.0,0.0,0.0,0.0,0.01,0.0,0.0,0.0,0.0,0.0
1748,"Oil, peanut mL",3404.0,0.0,92.0,15.97,1978.92,25.19,46.26,0.0,0.0,0.0,0.0,0.0,0.0,0.0,0.0,0.0,0.0,0.09,1.0,0.0,0.0,0.0,0.0
1749,"Oil, rice bran mL",3404.0,0.0,92.0,21.11,351.81,30.17,36.5,0.0,0.0,0.0,0.0,0.0,0.0,0.0,0.0,0.0,0.0,0.01,0.0,0.0,0.0,0.0,0.0
1750,"Oil, soybean mL",3404.0,0.0,92.0,13.15,1978.92,53.52,20.49,0.0,0.0,0.0,0.0,0.0,0.0,0.0,0.0,0.0,0.0,0.0,0.0,0.0,0.0,0.0,0.0
1751,"Oil, sunflower mL",3404.0,0.0,92.0,9.35,1978.92,52.05,25.6,0.0,0.0,0.0,0.0,0.0,0.0,0.0,0.0,0.0,0.0,0.0,0.0,0.0,0.0,0.0,0.0
1752,"Oil, vegetable mL",3404.0,0.0,92.0,9.67,1978.92,37.73,39.09,0.0,0.0,0.0,0.0,0.0,0.0,0.0,0.0,0.0,0.0,0.01,0.0,0.0,0.0,0.0,0.0
1753,"Peach, canned in pear juice, juice only mL",186.0,0.4,0.0,0.0,0.0,0.0,0.0,10.3,9.1,0.3,10.0,4.0,182.0,0.0,0.021,0.32,47.0,0.43,7.0,12.0,0.0,0.0,0.0
1754,"Pear, canned in pear juice, juice only mL",198.0,0.3,0.0,0.0,0.0,0.0,0.0,11.8,9.5,0.2,6.0,7.0,102.0,0.0,0.011,0.0,47.0,0.32,5.0,1.0,0.0,0.0,0.0
1755,"Pineapple, canned in pineapple juice, juice only mL",200.0,0.3,0.0,0.0,0.0,0.0,0.0,11.3,11.3,0.0,1.0,6.0,171.0,0.021,0.011,0.11,19.0,0.32,13.0,10.0,0.0,0.0,0.0
1756,"Pineapple, canned in syrup, syrup only mL",514.0,0.4,0.0,0.0,0.0,0.0,0.0,30.6,30.6,0.0,1.0,7.0,125.0,0.056,0.028,0.28,0.0,0.42,12.0,12.0,0.0,0.0,0.0
1757,"Plum, dark, canned in syrup, syrup only mL",493.0,0.4,0.0,0.0,0.0,0.0,0.0,29.6,29.5,0.0,3.0,4.0,135.0,0.0,0.0,0.0,0.0,0.28,6.0,0.0,0.0,0.0,0.0
1758,"Protein powder, whey based, protein >70%, unfortified, prepared with water mL",264.0,14.3,0.4,0.21,5.31,0.06,0.08,0.3,0.2,0.3,36.0,72.0,81.0,0.017,0.029,0.0,21.0,0.09,14.0,0.0,0.0,10.0,0.0
1759,"Raspberry, canned in syrup, syrup only mL",411.0,0.3,0.0,0.0,0.0,0.0,0.0,24.3,24.3,0.0,6.0,7.0,108.0,0.0,0.0,0.0,0.0,0.97,10.0,7.0,0.0,0.0,0.0
1760,"Rice beverage, fluid, added calcium mL",268.0,0.3,1.0,0.17,22.58,0.33,0.49,13.4,3.9,0.0,65.0,74.0,23.0,0.021,0.0,0.0,0.0,0.21,10.0,0.0,0.0,0.0,0.0
1761,"Sauce, barbecue, commercial mL",819.0,0.9,0.1,0.0,0.0,0.0,0.0,47.7,43.4,1.0,802.0,14.0,147.0,0.017,0.0,0.06,0.0,0.45,10.0,0.0,0.0,0.0,0.0
1762,"Sauce, butter chicken, commercial mL",465.0,1.5,8.5,3.54,93.01,1.12,3.33,6.6,4.1,2.1,522.0,24.0,163.0,0.034,0.102,1.42,32.0,0.88,20.0,0.0,0.0,20.0,0.0
1763,"Sauce, cranberry, commercial mL",759.0,0.0,0.0,0.0,0.0,0.0,0.0,46.8,46.8,1.3,58.0,4.0,58.0,0.018,0.024,0.12,1.0,0.48,2.0,1.0,0.0,0.0,0.0
1764,"Sauce, fish, commercial mL",260.0,8.3,0.4,0.1,8.28,0.13,0.06,5.4,5.4,1.5,10071.0,37.0,262.0,0.0,0.122,2.2,62.0,1.89,144.0,0.0,0.0,0.0,0.0
1765,"Sauce, hoi sin (hoisin), commercial mL",996.0,1.8,5.8,0.89,0.0,3.34,1.34,40.2,36.2,11.2,1674.0,44.0,55.0,0.011,0.27,1.19,25.0,5.08,15.0,1.0,0.0,0.0,0.0
1766,"Sauce, oyster, commercial mL",574.0,3.4,1.2,0.2,0.0,0.31,0.34,25.6,19.0,0.4,4624.0,49.0,256.0,0.024,0.061,0.73,18.0,4.76,29.0,0.0,0.0,0.0,0.0
1767,"Sauce, pasta or simmer, commercial, low fat mL",271.0,0.9,3.3,0.34,70.49,1.34,1.39,7.4,4.0,1.5,318.0,10.0,100.0,0.599,0.056,1.19,37.0,0.91,11.0,0.0,0.0,0.0,0.0
1768,"Sauce, pasta, basil pesto, commercial mL",1838.0,6.1,42.7,7.97,41.2,7.24,24.99,8.5,2.4,1.7,1439.0,169.0,267.0,0.092,0.15,3.22,39.0,1.62,37.0,0.0,0.0,9.0,0.0
1769,"Sauce, pasta, cheese or cream-based, commercial mL",384.0,1.4,7.2,2.94,48.24,1.08,2.63,5.6,2.9,0.1,511.0,33.0,100.0,0.302,0.074,0.0,14.0,0.0,5.0,0.0,0.0,14.0,0.0
1770,"Sauce, pasta, tomato-based, commercial, heated mL",248.0,1.8,1.6,0.18,0.0,0.27,0.84,8.2,6.9,2.0,413.0,29.0,370.0,0.047,0.051,0.77,67.0,0.81,16.0,1.0,0.0,0.0,0.0
1771,"Sauce, plum, commercial mL",1236.0,0.2,1.0,0.52,0.0,0.25,0.18,72.9,62.2,0.8,1226.0,19.0,41.0,0.0,0.064,0.0,8.0,3.22,31.0,2.0,0.0,0.0,0.0
1772,"Sauce, rogan josh, commercial mL",333.0,1.7,4.6,2.14,28.48,0.89,1.38,7.0,3.5,2.1,574.0,32.0,372.0,0.068,0.124,1.02,34.0,1.24,23.0,0.0,0.0,4.0,0.0
1773,"Sauce, salsa, tomato-based, commercial mL",160.0,1.4,0.0,0.0,0.0,0.0,0.0,6.9,5.4,1.8,528.0,40.0,297.0,0.055,0.0,0.88,40.0,0.67,16.0,9.0,0.0,0.0,0.0
1774,"Sauce, simmer for chicken, commercial mL",433.0,0.9,8.5,1.05,11.35,4.46,2.47,5.4,3.7,1.9,240.0,10.0,61.0,3.164,0.079,1.39,34.0,0.7,16.0,0.0,0.0,0.0,0.0
1775,"Sauce, simmer, curry flavoured, commercial mL",558.0,2.4,7.8,3.53,64.36,1.0,2.48,12.1,8.0,2.6,576.0,35.0,203.0,1.062,0.056,1.02,33.0,1.24,24.0,0.0,0.0,4.0,0.0
1776,"Sauce, soy, commercial mL",219.0,7.2,0.0,0.0,0.0,0.0,0.0,3.4,2.3,0.0,5880.0,22.0,314.0,0.168,0.116,0.0,36.0,1.36,53.0,0.0,0.0,0.0,1.5
1777,"Sauce, soy, commercial, reduced salt mL",170.0,5.7,0.0,0.0,0.0,0.0,0.0,2.8,1.8,0.0,3778.0,18.0,189.0,0.0,0.252,0.52,46.0,2.31,34.0,0.0,0.0,0.0,0.9
1778,"Sauce, tabasco, commercial mL",56.0,1.3,0.7,0.12,0.0,0.42,0.01,0.1,0.1,0.6,620.0,12.0,125.0,0.031,0.082,0.17,1.0,1.14,12.0,4.0,0.0,0.0,0.0
1779,"Sauce, tomato, commercial mL",454.0,1.4,0.0,0.0,0.0,0.0,0.0,25.1,24.6,1.4,905.0,14.0,304.0,0.031,0.0,0.0,16.0,0.68,15.0,0.0,0.0,0.0,0.0
1780,"Sauce, tomato, commercial, reduced salt mL",454.0,1.4,0.0,0.0,0.0,0.0,0.0,25.1,24.6,1.4,550.0,12.0,281.0,0.031,0.0,0.0,16.0,0.64,14.0,0.0,0.0,0.0,0.0
1781,"Sauce, white, savoury, homemade mL",792.0,4.2,14.3,9.76,359.77,0.34,2.93,11.5,5.4,0.2,138.0,105.0,154.0,0.034,0.182,0.47,5.0,0.12,13.0,0.0,0.0,32.0,0.0
1782,"Sauce, Worcestershire, commercial mL",380.0,1.5,0.2,0.05,0.0,0.08,0.1,21.5,20.6,0.0,1293.0,195.0,1086.0,0.0,0.159,0.49,2.0,4.51,101.0,0.0,0.0,0.0,0.0
1783,"Soft drink, cola flavour mL",214.0,0.0,0.3,0.0,0.0,0.0,0.0,12.8,12.8,0.0,2.0,1.0,0.0,0.0,0.0,0.0,0.0,0.0,0.0,0.0,10.0,0.0,0.0
1784,"Soft drink, cola flavour, decaffeinated mL",214.0,0.0,0.3,0.0,0.0,0.0,0.0,12.8,12.8,0.0,2.0,1.0,0.0,0.0,0.0,0.0,0.0,0.0,0.0,0.0,0.0,0.0,0.0
1785,"Soft drink, cola flavour, intense sweetened or diet mL",0.0,0.0,0.0,0.0,0.0,0.0,0.0,0.0,0.0,0.0,3.0,1.0,0.0,0.01,0.02,0.0,0.0,0.0,0.0,0.0,11.0,0.0,0.0
1786,"Soft drink, cola flavour, intense sweetened or diet, decaffeinated mL",0.0,0.0,0.0,0.0,0.0,0.0,0.0,0.0,0.0,0.0,3.0,1.0,0.0,0.01,0.02,0.0,0.0,0.0,0.0,0.0,0.0,0.0,0.0
1787,"Soft drink, energy drink, Red Bull mL",191.0,0.1,0.0,0.0,0.0,0.0,0.0,11.3,11.3,0.0,74.0,9.0,0.0,0.0,0.066,8.49,0.0,0.0,0.0,0.0,34.0,0.0,0.0
1788,"Soft drink, energy drink, V mL",191.0,0.1,0.0,0.0,0.0,0.0,0.0,11.3,11.3,0.0,116.0,9.0,0.0,0.0,0.861,7.98,0.0,0.0,0.0,0.0,32.0,0.0,0.0
1789,"Soft drink, fruit flavours mL",148.0,0.0,0.0,0.0,0.0,0.0,0.0,9.2,9.2,0.0,15.0,2.0,1.0,0.0,0.0,0.0,0.0,0.0,0.0,0.0,0.0,0.0,0.0
1790,"Soft drink, fruit flavours, intense sweetened or diet mL",1.0,0.0,0.0,0.0,0.0,0.0,0.0,0.0,0.0,0.0,14.0,2.0,1.0,0.0,0.0,0.0,0.0,0.0,0.0,0.0,0.0,0.0,0.0
1791,"Soft drink, tonic water mL",146.0,0.0,0.0,0.0,0.0,0.0,0.0,9.1,9.1,0.0,12.0,1.0,0.0,0.0,0.0,0.0,0.0,0.01,0.0,0.0,0.0,0.0,0.0
1792,"Soft drink, tonic water, intense sweetened or diet mL",1.0,0.0,0.0,0.0,0.0,0.0,0.0,0.0,0.0,0.0,12.0,1.0,0.0,0.0,0.0,0.0,0.0,0.01,0.0,0.0,0.0,0.0,0.0
1793,"Soup, chicken & noodle, cup of soup, prepared from instant dry mix with water mL",80.0,0.7,0.2,0.07,3.1,0.03,0.07,3.5,0.4,0.3,444.0,5.0,11.0,0.05,0.0,0.0,1.0,0.1,4.0,0.0,0.0,1.0,0.0
1794,"Soy beverage, reduced fat (1% fat), added Ca & vitamins A, B1, B2 & B12 mL",192.0,3.1,0.9,0.15,7.68,0.51,0.19,5.9,1.8,0.6,46.0,118.0,194.0,0.041,0.422,0.0,14.0,0.48,13.0,0.0,0.0,0.0,0.0
1795,"Soy beverage, regular fat (3% fat), added Ca mL",253.0,3.8,2.8,0.44,23.03,1.54,0.57,4.8,2.7,0.6,45.0,118.0,197.0,0.021,0.031,0.0,14.0,0.48,22.0,0.0,0.0,0.0,0.0
1796,"Soy beverage, regular fat (3% fat), added Ca & vitamins A, B1, B2 & B12 mL",265.0,4.5,2.8,0.44,23.03,1.54,0.57,4.8,2.7,0.6,45.0,118.0,197.0,0.041,0.422,0.0,14.0,0.48,22.0,0.0,0.0,0.0,0.0
1797,"Soy beverage, regular fat (3% fat), unfortified mL",253.0,3.8,2.8,0.44,23.03,1.54,0.57,4.8,2.7,0.6,45.0,13.0,197.0,0.021,0.031,0.0,14.0,0.48,22.0,0.0,0.0,0.0,0.0
1798,"Strawberry, canned in syrup, syrup only mL",446.0,0.2,0.3,0.0,0.0,0.0,0.0,26.4,26.1,0.0,10.0,15.0,132.0,0.0,0.0,0.0,0.0,1.11,8.0,18.0,0.0,0.0,0.0
1799,"Syrup, golden mL",1732.0,0.4,0.0,0.0,0.0,0.0,0.0,107.8,107.8,0.0,187.0,331.0,878.0,0.0,0.0,0.58,0.0,4.75,53.0,0.0,0.0,0.0,0.0
1800,"Syrup, maple, pure mL",1439.0,0.0,0.1,0.01,0.0,0.03,0.02,89.1,80.4,0.0,16.0,136.0,282.0,0.088,1.689,0.11,0.0,0.15,28.0,0.0,0.0,0.0,0.0
1801,"Tahini, sesame seed pulp mL",2717.0,20.4,60.7,7.54,1305.66,28.03,22.46,1.0,0.7,13.5,79.0,330.0,190.0,0.95,0.25,6.4,99.0,5.1,320.0,0.0,0.0,0.0,0.0
1802,"Tea, decaffeinated, black, brewed from leaf or teabags, without milk mL",6.0,0.1,0.1,0.0,0.0,0.0,0.0,0.0,0.0,0.0,0.0,0.0,6.0,0.0,0.005,0.0,11.0,0.0,0.0,0.0,0.0,0.0,0.0
1803,"Tea, green, plain, without milk mL",7.0,0.2,0.1,0.0,0.0,0.0,0.0,0.0,0.0,0.0,1.0,3.0,19.0,0.007,0.058,0.03,0.0,0.0,2.0,0.0,13.0,0.0,0.0
1804,"Tea, regular, black, brewed from leaf or teabags, without milk mL",1.0,0.1,0.0,0.0,0.0,0.0,0.0,0.0,0.0,0.0,0.0,1.0,17.0,0.0,0.0,0.0,4.0,0.0,1.0,0.0,19.0,0.0,0.0
1805,"Vanilla, artificial or imitation mL",231.0,0.0,0.0,0.0,0.0,0.0,0.0,14.4,14.4,0.0,3.0,3.0,0.0,0.003,0.029,0.13,0.0,0.05,1.0,0.0,0.0,0.0,0.0
1806,"Vinegar (except balsamic vinegar) mL",66.0,0.0,0.0,0.0,0.0,0.0,0.0,0.0,0.0,0.0,5.0,1.0,6.0,0.0,0.0,0.0,0.0,0.0,1.0,0.0,0.0,0.0,0.0
1807,"Water, bottled, still mL",0.0,0.0,0.0,0.0,0.0,0.0,0.0,0.0,0.0,0.0,1.0,1.0,0.0,0.0,0.0,0.0,0.0,0.0,5.0,0.0,0.0,0.0,0.0
1808,"Water, coconut, commercial mL",54.0,0.2,0.0,0.0,0.0,0.0,0.0,3.2,3.2,0.0,36.0,12.0,200.0,0.0,0.0,0.0,0.0,0.0,9.0,10.0,0.0,0.0,0.0
1809,"Water, soda mL",0.0,0.0,0.0,0.0,0.0,0.0,0.0,0.0,0.0,0.0,3.0,2.0,0.0,0.0,0.0,0.0,0.0,0.0,1.0,0.0,0.0,0.0,0.0
1810,"Water, tap mL",0.0,0.0,0.0,0.0,0.0,0.0,0.0,0.0,0.0,0.0,3.0,2.0,0.0,0.0,0.0,0.0,0.0,0.0,1.0,0.0,0.0,0.0,0.0
1811,"Wine, fortified, port mL",624.0,0.2,0.0,0.0,0.0,0.0,0.0,12.9,12.9,0.0,16.0,5.0,85.0,0.0,0.0,0.0,0.0,0.2,10.0,0.0,0.0,0.0,14.2
1812,"Wine, fortified, sherry, dry style (approximately 1% sugars) mL",431.0,0.1,0.0,0.0,0.0,0.0,0.0,1.2,1.2,0.0,19.0,5.0,39.0,0.0,0.0,0.0,0.0,0.06,6.0,0.0,0.0,0.0,14.1
1813,"Wine, fortified, sherry, sweet style (approximately 11% sugars) mL",594.0,0.2,0.0,0.0,0.0,0.0,0.0,11.4,11.4,0.0,18.0,4.0,54.0,0.0,0.0,0.0,0.0,0.1,6.0,0.0,0.0,0.0,14.0
1814,"Wine, red mL",332.0,0.2,0.0,0.0,0.0,0.0,0.0,0.2,0.2,0.0,5.0,7.0,110.0,0.0,0.0,0.0,0.0,0.17,14.0,0.0,0.0,0.0,11.1
1815,"Wine, red, cabernet sauvignon mL",328.0,0.3,0.0,0.0,0.0,0.0,0.0,0.2,0.2,0.0,4.0,7.0,116.0,0.0,0.0,0.0,0.0,0.14,13.0,0.0,0.0,0.0,10.9
1816,"Wine, red, cooked mL",122.0,0.3,0.0,0.0,0.0,0.0,0.0,0.2,0.2,0.0,5.0,8.0,114.0,0.0,0.0,0.0,0.0,0.0,16.0,0.0,0.0,0.0,3.9
1817,"Wine, red, merlot mL",326.0,0.3,0.0,0.0,0.0,0.0,0.0,0.4,0.4,0.0,5.0,7.0,90.0,0.0,0.0,0.0,0.0,0.17,12.0,0.0,0.0,0.0,10.8
1818,"Wine, red, pinot noir mL",318.0,0.2,0.0,0.0,0.0,0.0,0.0,0.2,0.2,0.0,2.0,7.0,90.0,0.0,0.0,0.0,0.0,0.17,15.0,0.0,0.0,0.0,10.6
1819,"Wine, red, shiraz mL",338.0,0.2,0.0,0.0,0.0,0.0,0.0,0.1,0.1,0.0,7.0,6.0,114.0,0.0,0.0,0.0,0.0,0.18,15.0,0.0,0.0,0.0,11.4
1820,"Wine, red, sparkling mL",338.0,0.2,0.0,0.0,0.0,0.0,0.0,2.0,2.0,0.0,7.0,6.0,117.0,0.0,0.0,0.0,0.0,0.18,15.0,0.0,0.0,0.0,10.3
1821,"Wine, rose mL",289.0,0.2,0.0,0.0,0.0,0.0,0.0,0.7,0.7,0.0,5.0,8.0,51.0,0.0,0.0,0.0,0.0,0.08,11.0,0.0,0.0,0.0,9.4
1822,"Wine, white mL",301.0,0.3,0.0,0.0,0.0,0.0,0.0,0.2,0.2,0.0,4.0,8.0,53.0,0.0,0.0,0.0,0.0,0.16,10.0,1.0,0.0,0.0,10.0
1823,"Wine, white, chardonnay mL",307.0,0.3,0.0,0.0,0.0,0.0,0.0,0.3,0.3,0.0,4.0,7.0,52.0,0.0,0.0,0.0,0.0,0.17,11.0,0.0,0.0,0.0,10.2
1824,"Wine, white, cooked mL",107.0,0.2,0.0,0.0,0.0,0.0,0.0,0.3,0.3,0.0,5.0,9.0,56.0,0.0,0.0,0.01,0.0,0.15,12.0,2.0,0.0,0.0,3.4
1825,"Wine, white, riesling mL",292.0,0.2,0.0,0.0,0.0,0.0,0.0,0.4,0.4,0.0,7.0,10.0,44.0,0.0,0.0,0.0,0.0,0.1,20.0,0.0,0.0,0.0,9.6
1826,"Wine, white, sauvignon blanc mL",293.0,0.2,0.0,0.0,0.0,0.0,0.0,0.1,0.1,0.0,2.0,8.0,56.0,0.0,0.0,0.0,0.0,0.09,8.0,0.0,0.0,0.0,9.8
1827,"Wine, white, semillon mL",267.0,0.2,0.0,0.0,0.0,0.0,0.0,0.2,0.2,0.0,6.0,9.0,56.0,0.0,0.0,0.0,0.0,0.21,7.0,6.0,0.0,0.0,8.9
1828,"Wine, white, sparkling mL",306.0,0.2,0.0,0.0,0.0,0.0,0.0,1.0,1.0,0.0,2.0,7.0,35.0,0.0,0.0,0.0,0.0,0.19,9.0,0.0,0.0,0.0,9.8
1829,"Wine, white, sweet dessert style mL",517.0,0.4,0.0,0.0,0.0,0.0,0.0,15.3,15.3,0.0,13.0,15.0,105.0,0.0,0.0,0.0,0.0,0.2,19.0,0.0,0.0,0.0,8.8
1830,"Yoghurt, almond based, flavoured mL",399.0,2.7,4.7,0.42,0.0,1.02,2.88,9.6,5.7,1.9,5.0,35.0,85.0,0.021,0.083,0.0,0.0,0.4,31.0,0.0,0.0,0.0,0.0
1831,"Yoghurt, apricot pieces or flavoured, regular fat (3% fat) mL",402.0,4.4,3.3,2.11,61.95,0.13,0.79,11.5,11.5,0.1,68.0,114.0,229.0,0.094,0.229,0.0,7.0,0.19,14.0,0.0,0.0,8.0,0.0
1832,"Yoghurt, coconut based, flavoured mL",540.0,1.1,9.4,8.39,0.0,0.1,0.43,9.6,4.9,1.4,19.0,3.0,146.0,0.0,0.0,0.0,0.0,0.28,17.0,0.0,0.0,0.0,0.0
1833,"Yoghurt, flavoured, high fat (approx 5%) mL",502.0,4.6,5.1,3.46,134.84,0.13,1.04,13.4,13.0,0.6,49.0,156.0,198.0,0.031,0.198,0.0,62.0,0.0,14.0,0.0,0.0,21.0,0.0
1834,"Yoghurt, flavoured, low fat (0.2%), intense sweetened, increased protein mL",236.0,10.0,0.3,0.21,7.37,0.01,0.06,2.4,1.7,0.4,36.0,114.0,146.0,0.021,0.208,0.0,72.0,0.0,10.0,0.0,0.0,5.0,0.0
1835,"Yoghurt, flavoured, low fat (approx 2%) mL",355.0,4.8,1.4,0.93,31.94,0.03,0.27,12.7,11.8,0.3,62.0,166.0,218.0,0.031,0.208,0.0,62.0,0.0,14.0,0.0,0.0,10.0,0.0
1836,"Yoghurt, natural, regular fat (3% fat) mL",318.0,5.3,3.3,2.26,62.9,0.08,0.72,5.2,5.1,0.1,60.0,182.0,239.0,0.021,0.229,0.0,26.0,0.0,16.0,0.0,0.0,16.0,0.0
1837,"Yoghurt, soy based, berry flavoured, regular fat (3% fat) mL",433.0,3.8,3.8,0.51,0.0,1.45,1.58,13.1,8.7,0.2,57.0,125.0,57.0,0.0,0.0,0.0,78.0,0.61,7.0,0.0,0.0,0.0,0.0
1838,"Yoghurt, soy based, vanilla flavoured, reduced fat (1% fat) mL",321.0,3.8,0.8,0.11,0.0,0.31,0.34,13.1,8.7,0.2,57.0,125.0,57.0,0.0,0.0,0.0,78.0,0.61,7.0,0.0,0.0,0.0,0.0
1839,"Yoghurt, strawberry pieces or flavoured, regular fat (3% fat) mL",421.0,5.1,3.2,2.08,60.96,0.13,0.78,12.1,12.1,0.1,63.0,165.0,222.0,0.062,0.281,0.31,7.0,0.12,16.0,0.0,0.0,10.0,0.0
1840,"Yoghurt, vanilla flavoured, (2% fat) mL",425.0,5.2,2.0,1.33,3.73,0.06,0.41,15.0,14.0,0.2,54.0,177.0,239.0,0.052,0.208,0.0,7.0,0.0,16.0,0.0,0.0,9.0,0.0
1841,"Yoghurt, vanilla flavoured, low fat (less than 0.5% fat) mL",383.0,6.1,0.5,0.35,0.98,0.02,0.11,14.5,13.2,0.2,69.0,174.0,251.0,0.031,0.416,0.62,7.0,0.1,18.0,0.0,0.0,6.0,0.0
